input_id,outcome_id,rel_type,weight,context_input_id,path,confidence,source
HGB,IDA,supporting,1,,IDA#ferritin,derived,PATHEX 88 Outcome x Input Trigger and Wiring Matrix; audit snapshot 2026-08-29; PRO-EXEC bundle_version 1.2.0; row 1
MCV,IDA,supporting,1,,IDA#ferritin,derived,PATHEX 88 Outcome x Input Trigger and Wiring Matrix; audit snapshot 2026-08-29; PRO-EXEC bundle_version 1.2.0; row 1
FERRITIN,IDA,supporting,1,,IDA#ferritin,derived,PATHEX 88 Outcome x Input Trigger and Wiring Matrix; audit snapshot 2026-08-29; PRO-EXEC bundle_version 1.2.0; row 1
HGB,IDA,supporting,1,,IDA#ferritin_crp,derived,PATHEX 88 Outcome x Input Trigger and Wiring Matrix; audit snapshot 2026-08-29; PRO-EXEC bundle_version 1.2.0; row 1
MCV,IDA,supporting,1,,IDA#ferritin_crp,derived,PATHEX 88 Outcome x Input Trigger and Wiring Matrix; audit snapshot 2026-08-29; PRO-EXEC bundle_version 1.2.0; row 1
FERRITIN,IDA,supporting,1,,IDA#ferritin_crp,derived,PATHEX 88 Outcome x Input Trigger and Wiring Matrix; audit snapshot 2026-08-29; PRO-EXEC bundle_version 1.2.0; row 1
CRP,IDA,supporting,1,,IDA#ferritin_crp,derived,PATHEX 88 Outcome x Input Trigger and Wiring Matrix; audit snapshot 2026-08-29; PRO-EXEC bundle_version 1.2.0; row 1
MCV,BTT,supporting,1,,BTT#hba2,derived,PATHEX 88 Outcome x Input Trigger and Wiring Matrix; audit snapshot 2026-08-29; PRO-EXEC bundle_version 1.2.0; row 2
HBA2,BTT,supporting,1,,BTT#hba2,derived,PATHEX 88 Outcome x Input Trigger and Wiring Matrix; audit snapshot 2026-08-29; PRO-EXEC bundle_version 1.2.0; row 2
MCV,ALPHA_TRAIT_SUSPECT,supporting,1,,ALPHA_TRAIT_SUSPECT#hba2,derived,PATHEX 88 Outcome x Input Trigger and Wiring Matrix; audit snapshot 2026-08-29; PRO-EXEC bundle_version 1.2.0; row 3
HBA2,ALPHA_TRAIT_SUSPECT,supporting,1,,ALPHA_TRAIT_SUSPECT#hba2,derived,PATHEX 88 Outcome x Input Trigger and Wiring Matrix; audit snapshot 2026-08-29; PRO-EXEC bundle_version 1.2.0; row 3
HGB,DIMORPHIC,supporting,1,,DIMORPHIC#macro_iron,derived,PATHEX 88 Outcome x Input Trigger and Wiring Matrix; audit snapshot 2026-08-29; PRO-EXEC bundle_version 1.2.0; row 4
MCV,DIMORPHIC,supporting,1,,DIMORPHIC#macro_iron,derived,PATHEX 88 Outcome x Input Trigger and Wiring Matrix; audit snapshot 2026-08-29; PRO-EXEC bundle_version 1.2.0; row 4
FERRITIN,DIMORPHIC,supporting,1,,DIMORPHIC#macro_iron,derived,PATHEX 88 Outcome x Input Trigger and Wiring Matrix; audit snapshot 2026-08-29; PRO-EXEC bundle_version 1.2.0; row 4
HGB,DIMORPHIC,supporting,1,,DIMORPHIC#macro_iron_crp,derived,PATHEX 88 Outcome x Input Trigger and Wiring Matrix; audit snapshot 2026-08-29; PRO-EXEC bundle_version 1.2.0; row 4
MCV,DIMORPHIC,supporting,1,,DIMORPHIC#macro_iron_crp,derived,PATHEX 88 Outcome x Input Trigger and Wiring Matrix; audit snapshot 2026-08-29; PRO-EXEC bundle_version 1.2.0; row 4
FERRITIN,DIMORPHIC,supporting,1,,DIMORPHIC#macro_iron_crp,derived,PATHEX 88 Outcome x Input Trigger and Wiring Matrix; audit snapshot 2026-08-29; PRO-EXEC bundle_version 1.2.0; row 4
CRP,DIMORPHIC,supporting,1,,DIMORPHIC#macro_iron_crp,derived,PATHEX 88 Outcome x Input Trigger and Wiring Matrix; audit snapshot 2026-08-29; PRO-EXEC bundle_version 1.2.0; row 4
HGB,DIMORPHIC,supporting,1,,DIMORPHIC#normo_rdwsd,derived,PATHEX 88 Outcome x Input Trigger and Wiring Matrix; audit snapshot 2026-08-29; PRO-EXEC bundle_version 1.2.0; row 4
MCV,DIMORPHIC,supporting,1,,DIMORPHIC#normo_rdwsd,derived,PATHEX 88 Outcome x Input Trigger and Wiring Matrix; audit snapshot 2026-08-29; PRO-EXEC bundle_version 1.2.0; row 4
RDW_SD,DIMORPHIC,supporting,1,,DIMORPHIC#normo_rdwsd,derived,PATHEX 88 Outcome x Input Trigger and Wiring Matrix; audit snapshot 2026-08-29; PRO-EXEC bundle_version 1.2.0; row 4
HGB,DIMORPHIC,supporting,1,,DIMORPHIC#normo_rdwcv,derived,PATHEX 88 Outcome x Input Trigger and Wiring Matrix; audit snapshot 2026-08-29; PRO-EXEC bundle_version 1.2.0; row 4
MCV,DIMORPHIC,supporting,1,,DIMORPHIC#normo_rdwcv,derived,PATHEX 88 Outcome x Input Trigger and Wiring Matrix; audit snapshot 2026-08-29; PRO-EXEC bundle_version 1.2.0; row 4
RDW_CV,DIMORPHIC,supporting,1,,DIMORPHIC#normo_rdwcv,derived,PATHEX 88 Outcome x Input Trigger and Wiring Matrix; audit snapshot 2026-08-29; PRO-EXEC bundle_version 1.2.0; row 4
MCV,IRON_REPLETE_MICROCYTOSIS,supporting,1,,IRON_REPLETE_MICROCYTOSIS#ferritin,derived,PATHEX 88 Outcome x Input Trigger and Wiring Matrix; audit snapshot 2026-08-29; PRO-EXEC bundle_version 1.2.0; row 5
FERRITIN,IRON_REPLETE_MICROCYTOSIS,supporting,1,,IRON_REPLETE_MICROCYTOSIS#ferritin,derived,PATHEX 88 Outcome x Input Trigger and Wiring Matrix; audit snapshot 2026-08-29; PRO-EXEC bundle_version 1.2.0; row 5
MCV,IRON_REPLETE_MICROCYTOSIS,supporting,1,,IRON_REPLETE_MICROCYTOSIS#tsat,derived,PATHEX 88 Outcome x Input Trigger and Wiring Matrix; audit snapshot 2026-08-29; PRO-EXEC bundle_version 1.2.0; row 5
TSAT,IRON_REPLETE_MICROCYTOSIS,supporting,1,,IRON_REPLETE_MICROCYTOSIS#tsat,derived,PATHEX 88 Outcome x Input Trigger and Wiring Matrix; audit snapshot 2026-08-29; PRO-EXEC bundle_version 1.2.0; row 5
FERRITIN,SIDEROBLASTIC_SUSPECT,supporting,1,,SIDEROBLASTIC_SUSPECT#iron_loaded,derived,PATHEX 88 Outcome x Input Trigger and Wiring Matrix; audit snapshot 2026-08-29; PRO-EXEC bundle_version 1.2.0; row 6
TSAT,SIDEROBLASTIC_SUSPECT,supporting,1,,SIDEROBLASTIC_SUSPECT#iron_loaded,derived,PATHEX 88 Outcome x Input Trigger and Wiring Matrix; audit snapshot 2026-08-29; PRO-EXEC bundle_version 1.2.0; row 6
FERRITIN,ACD_SUSPECT,supporting,1,,ACD_SUSPECT#masked_id,derived,PATHEX 88 Outcome x Input Trigger and Wiring Matrix; audit snapshot 2026-08-29; PRO-EXEC bundle_version 1.2.0; row 7
TSAT,ACD_SUSPECT,supporting,1,,ACD_SUSPECT#masked_id,derived,PATHEX 88 Outcome x Input Trigger and Wiring Matrix; audit snapshot 2026-08-29; PRO-EXEC bundle_version 1.2.0; row 7
WBC,CANNOT_RESOLVE_ON_CBC,supporting,1,,CANNOT_RESOLVE_ON_CBC#amc,derived,PATHEX 88 Outcome x Input Trigger and Wiring Matrix; audit snapshot 2026-08-29; PRO-EXEC bundle_version 1.2.0; row 9
MONO,CANNOT_RESOLVE_ON_CBC,supporting,1,,CANNOT_RESOLVE_ON_CBC#amc,derived,PATHEX 88 Outcome x Input Trigger and Wiring Matrix; audit snapshot 2026-08-29; PRO-EXEC bundle_version 1.2.0; row 9
WBC,CANNOT_RESOLVE_ON_CBC,supporting,1,,CANNOT_RESOLVE_ON_CBC#abc,derived,PATHEX 88 Outcome x Input Trigger and Wiring Matrix; audit snapshot 2026-08-29; PRO-EXEC bundle_version 1.2.0; row 9
BASO,CANNOT_RESOLVE_ON_CBC,supporting,1,,CANNOT_RESOLVE_ON_CBC#abc,derived,PATHEX 88 Outcome x Input Trigger and Wiring Matrix; audit snapshot 2026-08-29; PRO-EXEC bundle_version 1.2.0; row 9
WBC,CANNOT_RESOLVE_ON_CBC,supporting,1,,CANNOT_RESOLVE_ON_CBC#alc,derived,PATHEX 88 Outcome x Input Trigger and Wiring Matrix; audit snapshot 2026-08-29; PRO-EXEC bundle_version 1.2.0; row 9
LYMPH,CANNOT_RESOLVE_ON_CBC,supporting,1,,CANNOT_RESOLVE_ON_CBC#alc,derived,PATHEX 88 Outcome x Input Trigger and Wiring Matrix; audit snapshot 2026-08-29; PRO-EXEC bundle_version 1.2.0; row 9
WBC,CANNOT_RESOLVE_ON_CBC,supporting,1,,CANNOT_RESOLVE_ON_CBC#wbc_extreme,derived,PATHEX 88 Outcome x Input Trigger and Wiring Matrix; audit snapshot 2026-08-29; PRO-EXEC bundle_version 1.2.0; row 9
MCV,CANNOT_RESOLVE_ON_CBC,supporting,1,,CANNOT_RESOLVE_ON_CBC#bicytopenia,derived,PATHEX 88 Outcome x Input Trigger and Wiring Matrix; audit snapshot 2026-08-29; PRO-EXEC bundle_version 1.2.0; row 9
WBC,CANNOT_RESOLVE_ON_CBC,supporting,1,,CANNOT_RESOLVE_ON_CBC#bicytopenia,derived,PATHEX 88 Outcome x Input Trigger and Wiring Matrix; audit snapshot 2026-08-29; PRO-EXEC bundle_version 1.2.0; row 9
PLT,CANNOT_RESOLVE_ON_CBC,supporting,1,,CANNOT_RESOLVE_ON_CBC#bicytopenia,derived,PATHEX 88 Outcome x Input Trigger and Wiring Matrix; audit snapshot 2026-08-29; PRO-EXEC bundle_version 1.2.0; row 9
PLT,CRITICAL_THROMBOCYTOPENIA,supporting,1,,CRITICAL_THROMBOCYTOPENIA#plt,derived,PATHEX 88 Outcome x Input Trigger and Wiring Matrix; audit snapshot 2026-08-29; PRO-EXEC bundle_version 1.2.0; row 10
MCV,COEXISTENCE_BTT_IDA,supporting,1,,COEXISTENCE_BTT_IDA#mentzer_iron,derived,PATHEX 88 Outcome x Input Trigger and Wiring Matrix; audit snapshot 2026-08-29; PRO-EXEC bundle_version 1.2.0; row 11
RBC,COEXISTENCE_BTT_IDA,supporting,1,,COEXISTENCE_BTT_IDA#mentzer_iron,derived,PATHEX 88 Outcome x Input Trigger and Wiring Matrix; audit snapshot 2026-08-29; PRO-EXEC bundle_version 1.2.0; row 11
FERRITIN,COEXISTENCE_BTT_IDA,supporting,1,,COEXISTENCE_BTT_IDA#mentzer_iron,derived,PATHEX 88 Outcome x Input Trigger and Wiring Matrix; audit snapshot 2026-08-29; PRO-EXEC bundle_version 1.2.0; row 11
MCV,COEXISTENCE_BTT_IDA,supporting,1,,COEXISTENCE_BTT_IDA#mentzer_iron_crp,derived,PATHEX 88 Outcome x Input Trigger and Wiring Matrix; audit snapshot 2026-08-29; PRO-EXEC bundle_version 1.2.0; row 11
RBC,COEXISTENCE_BTT_IDA,supporting,1,,COEXISTENCE_BTT_IDA#mentzer_iron_crp,derived,PATHEX 88 Outcome x Input Trigger and Wiring Matrix; audit snapshot 2026-08-29; PRO-EXEC bundle_version 1.2.0; row 11
FERRITIN,COEXISTENCE_BTT_IDA,supporting,1,,COEXISTENCE_BTT_IDA#mentzer_iron_crp,derived,PATHEX 88 Outcome x Input Trigger and Wiring Matrix; audit snapshot 2026-08-29; PRO-EXEC bundle_version 1.2.0; row 11
CRP,COEXISTENCE_BTT_IDA,supporting,1,,COEXISTENCE_BTT_IDA#mentzer_iron_crp,derived,PATHEX 88 Outcome x Input Trigger and Wiring Matrix; audit snapshot 2026-08-29; PRO-EXEC bundle_version 1.2.0; row 11
MCV,COEXISTENCE_BTT_IDA,supporting,1,,COEXISTENCE_BTT_IDA#cbc_only,derived,PATHEX 88 Outcome x Input Trigger and Wiring Matrix; audit snapshot 2026-08-29; PRO-EXEC bundle_version 1.2.0; row 11
RBC,COEXISTENCE_BTT_IDA,supporting,1,,COEXISTENCE_BTT_IDA#cbc_only,derived,PATHEX 88 Outcome x Input Trigger and Wiring Matrix; audit snapshot 2026-08-29; PRO-EXEC bundle_version 1.2.0; row 11
RDW_CV,COEXISTENCE_BTT_IDA,supporting,1,,COEXISTENCE_BTT_IDA#cbc_only,derived,PATHEX 88 Outcome x Input Trigger and Wiring Matrix; audit snapshot 2026-08-29; PRO-EXEC bundle_version 1.2.0; row 11
blasts_auer_rods,URGENT_HAEMATOLOGY_REVIEW,supporting,1,,URGENT_HAEMATOLOGY_REVIEW#blasts,derived,PATHEX 88 Outcome x Input Trigger and Wiring Matrix; audit snapshot 2026-08-29; PRO-EXEC bundle_version 1.2.0; row 12
MCV,MACROCYTIC_ANEMIA,supporting,1,,MACROCYTIC_ANEMIA#macro,derived,PATHEX 88 Outcome x Input Trigger and Wiring Matrix; audit snapshot 2026-08-29; PRO-EXEC bundle_version 1.2.0; row 13
HGB,MACROCYTIC_ANEMIA,supporting,1,,MACROCYTIC_ANEMIA#macro,derived,PATHEX 88 Outcome x Input Trigger and Wiring Matrix; audit snapshot 2026-08-29; PRO-EXEC bundle_version 1.2.0; row 13
MCV,NORMOCYTIC_ANEMIA,supporting,1,,NORMOCYTIC_ANEMIA#normo,derived,PATHEX 88 Outcome x Input Trigger and Wiring Matrix; audit snapshot 2026-08-29; PRO-EXEC bundle_version 1.2.0; row 14
HGB,NORMOCYTIC_ANEMIA,supporting,1,,NORMOCYTIC_ANEMIA#normo,derived,PATHEX 88 Outcome x Input Trigger and Wiring Matrix; audit snapshot 2026-08-29; PRO-EXEC bundle_version 1.2.0; row 14
MCV,HBPATHY_SUSPECT,supporting,1,,HBPATHY_SUSPECT#target,derived,PATHEX 88 Outcome x Input Trigger and Wiring Matrix; audit snapshot 2026-08-29; PRO-EXEC bundle_version 1.2.0; row 16
target_cells,HBPATHY_SUSPECT,supporting,1,,HBPATHY_SUSPECT#target,derived,PATHEX 88 Outcome x Input Trigger and Wiring Matrix; audit snapshot 2026-08-29; PRO-EXEC bundle_version 1.2.0; row 16
sickle_cells,SICKLE_SUSPECT,supporting,1,,SICKLE_SUSPECT#sickle,derived,PATHEX 88 Outcome x Input Trigger and Wiring Matrix; audit snapshot 2026-08-29; PRO-EXEC bundle_version 1.2.0; row 17
HGB,HAEMOLYSIS_SUSPECT,supporting,1,,HAEMOLYSIS_SUSPECT#spherocytes,derived,PATHEX 88 Outcome x Input Trigger and Wiring Matrix; audit snapshot 2026-08-29; PRO-EXEC bundle_version 1.2.0; row 18
spherocytes,HAEMOLYSIS_SUSPECT,supporting,1,,HAEMOLYSIS_SUSPECT#spherocytes,derived,PATHEX 88 Outcome x Input Trigger and Wiring Matrix; audit snapshot 2026-08-29; PRO-EXEC bundle_version 1.2.0; row 18
HGB,HAEMOLYSIS_SUSPECT,supporting,1,,HAEMOLYSIS_SUSPECT#bite_cells,derived,PATHEX 88 Outcome x Input Trigger and Wiring Matrix; audit snapshot 2026-08-29; PRO-EXEC bundle_version 1.2.0; row 18
bite_cells,HAEMOLYSIS_SUSPECT,supporting,1,,HAEMOLYSIS_SUSPECT#bite_cells,derived,PATHEX 88 Outcome x Input Trigger and Wiring Matrix; audit snapshot 2026-08-29; PRO-EXEC bundle_version 1.2.0; row 18
HGB,HAEMOLYSIS_SUSPECT,supporting,1,,HAEMOLYSIS_SUSPECT#sickle_cells,derived,PATHEX 88 Outcome x Input Trigger and Wiring Matrix; audit snapshot 2026-08-29; PRO-EXEC bundle_version 1.2.0; row 18
sickle_cells,HAEMOLYSIS_SUSPECT,supporting,1,,HAEMOLYSIS_SUSPECT#sickle_cells,derived,PATHEX 88 Outcome x Input Trigger and Wiring Matrix; audit snapshot 2026-08-29; PRO-EXEC bundle_version 1.2.0; row 18
HGB,HAEMOLYSIS_SUSPECT,supporting,1,,HAEMOLYSIS_SUSPECT#haptoglobin,derived,PATHEX 88 Outcome x Input Trigger and Wiring Matrix; audit snapshot 2026-08-29; PRO-EXEC bundle_version 1.2.0; row 18
HAPTOGLOBIN,HAEMOLYSIS_SUSPECT,supporting,1,,HAEMOLYSIS_SUSPECT#haptoglobin,derived,PATHEX 88 Outcome x Input Trigger and Wiring Matrix; audit snapshot 2026-08-29; PRO-EXEC bundle_version 1.2.0; row 18
HGB,COMPENSATED_HAEMOLYSIS_SUSPECT,supporting,1,,COMPENSATED_HAEMOLYSIS_SUSPECT#haptoglobin,derived,PATHEX 88 Outcome x Input Trigger and Wiring Matrix; audit snapshot 2026-08-29; PRO-EXEC bundle_version 1.2.0; row 19
HAPTOGLOBIN,COMPENSATED_HAEMOLYSIS_SUSPECT,supporting,1,,COMPENSATED_HAEMOLYSIS_SUSPECT#haptoglobin,derived,PATHEX 88 Outcome x Input Trigger and Wiring Matrix; audit snapshot 2026-08-29; PRO-EXEC bundle_version 1.2.0; row 19
HGB,AIHA_SUSPECT,supporting,1,,AIHA_SUSPECT#dat_pos,derived,PATHEX 88 Outcome x Input Trigger and Wiring Matrix; audit snapshot 2026-08-29; PRO-EXEC bundle_version 1.2.0; row 20
HAPTOGLOBIN,AIHA_SUSPECT,supporting,1,,AIHA_SUSPECT#dat_pos,derived,PATHEX 88 Outcome x Input Trigger and Wiring Matrix; audit snapshot 2026-08-29; PRO-EXEC bundle_version 1.2.0; row 20
DAT_COOMBS,AIHA_SUSPECT,supporting,1,,AIHA_SUSPECT#dat_pos,derived,PATHEX 88 Outcome x Input Trigger and Wiring Matrix; audit snapshot 2026-08-29; PRO-EXEC bundle_version 1.2.0; row 20
HGB,PNH_SUSPECT,supporting,1,,PNH_SUSPECT#dat_neg,derived,PATHEX 88 Outcome x Input Trigger and Wiring Matrix; audit snapshot 2026-08-29; PRO-EXEC bundle_version 1.2.0; row 21
HAPTOGLOBIN,PNH_SUSPECT,supporting,1,,PNH_SUSPECT#dat_neg,derived,PATHEX 88 Outcome x Input Trigger and Wiring Matrix; audit snapshot 2026-08-29; PRO-EXEC bundle_version 1.2.0; row 21
DAT_COOMBS,PNH_SUSPECT,supporting,1,,PNH_SUSPECT#dat_neg,derived,PATHEX 88 Outcome x Input Trigger and Wiring Matrix; audit snapshot 2026-08-29; PRO-EXEC bundle_version 1.2.0; row 21
HGB,MEMBRANOPATHY_SUSPECT,supporting,1,,MEMBRANOPATHY_SUSPECT#spherocytes,derived,PATHEX 88 Outcome x Input Trigger and Wiring Matrix; audit snapshot 2026-08-29; PRO-EXEC bundle_version 1.2.0; row 22
spherocytes,MEMBRANOPATHY_SUSPECT,supporting,1,,MEMBRANOPATHY_SUSPECT#spherocytes,derived,PATHEX 88 Outcome x Input Trigger and Wiring Matrix; audit snapshot 2026-08-29; PRO-EXEC bundle_version 1.2.0; row 22
HGB,G6PD_DEFICIENCY_SUSPECT,supporting,1,,G6PD_DEFICIENCY_SUSPECT#bite_cells,derived,PATHEX 88 Outcome x Input Trigger and Wiring Matrix; audit snapshot 2026-08-29; PRO-EXEC bundle_version 1.2.0; row 23
bite_cells,G6PD_DEFICIENCY_SUSPECT,supporting,1,,G6PD_DEFICIENCY_SUSPECT#bite_cells,derived,PATHEX 88 Outcome x Input Trigger and Wiring Matrix; audit snapshot 2026-08-29; PRO-EXEC bundle_version 1.2.0; row 23
HGB,BLOOD_LOSS_SUSPECT,supporting,1,,BLOOD_LOSS_SUSPECT#retic_high,derived,PATHEX 88 Outcome x Input Trigger and Wiring Matrix; audit snapshot 2026-08-29; PRO-EXEC bundle_version 1.2.0; row 24
MCV,BLOOD_LOSS_SUSPECT,supporting,1,,BLOOD_LOSS_SUSPECT#retic_high,derived,PATHEX 88 Outcome x Input Trigger and Wiring Matrix; audit snapshot 2026-08-29; PRO-EXEC bundle_version 1.2.0; row 24
RETIC,BLOOD_LOSS_SUSPECT,supporting,1,,BLOOD_LOSS_SUSPECT#retic_high,derived,PATHEX 88 Outcome x Input Trigger and Wiring Matrix; audit snapshot 2026-08-29; PRO-EXEC bundle_version 1.2.0; row 24
HGB,HYPOPROLIFERATIVE_SUSPECT,supporting,1,,HYPOPROLIFERATIVE_SUSPECT#retic_low,derived,PATHEX 88 Outcome x Input Trigger and Wiring Matrix; audit snapshot 2026-08-29; PRO-EXEC bundle_version 1.2.0; row 25
MCV,HYPOPROLIFERATIVE_SUSPECT,supporting,1,,HYPOPROLIFERATIVE_SUSPECT#retic_low,derived,PATHEX 88 Outcome x Input Trigger and Wiring Matrix; audit snapshot 2026-08-29; PRO-EXEC bundle_version 1.2.0; row 25
RETIC,HYPOPROLIFERATIVE_SUSPECT,supporting,1,,HYPOPROLIFERATIVE_SUSPECT#retic_low,derived,PATHEX 88 Outcome x Input Trigger and Wiring Matrix; audit snapshot 2026-08-29; PRO-EXEC bundle_version 1.2.0; row 25
HGB,IRON_DEFICIENCY_NO_ANAEMIA,supporting,1,,IRON_DEFICIENCY_NO_ANAEMIA#ferritin,derived,PATHEX 88 Outcome x Input Trigger and Wiring Matrix; audit snapshot 2026-08-29; PRO-EXEC bundle_version 1.2.0; row 26
FERRITIN,IRON_DEFICIENCY_NO_ANAEMIA,supporting,1,,IRON_DEFICIENCY_NO_ANAEMIA#ferritin,derived,PATHEX 88 Outcome x Input Trigger and Wiring Matrix; audit snapshot 2026-08-29; PRO-EXEC bundle_version 1.2.0; row 26
HGB,IRON_DEFICIENCY_NO_ANAEMIA,supporting,1,,IRON_DEFICIENCY_NO_ANAEMIA#ferritin_crp,derived,PATHEX 88 Outcome x Input Trigger and Wiring Matrix; audit snapshot 2026-08-29; PRO-EXEC bundle_version 1.2.0; row 26
FERRITIN,IRON_DEFICIENCY_NO_ANAEMIA,supporting,1,,IRON_DEFICIENCY_NO_ANAEMIA#ferritin_crp,derived,PATHEX 88 Outcome x Input Trigger and Wiring Matrix; audit snapshot 2026-08-29; PRO-EXEC bundle_version 1.2.0; row 26
CRP,IRON_DEFICIENCY_NO_ANAEMIA,supporting,1,,IRON_DEFICIENCY_NO_ANAEMIA#ferritin_crp,derived,PATHEX 88 Outcome x Input Trigger and Wiring Matrix; audit snapshot 2026-08-29; PRO-EXEC bundle_version 1.2.0; row 26
HGB,DUAL_DEFICIENCY_SUSPECT,supporting,1,,DUAL_DEFICIENCY_SUSPECT#iron_b12,derived,PATHEX 88 Outcome x Input Trigger and Wiring Matrix; audit snapshot 2026-08-29; PRO-EXEC bundle_version 1.2.0; row 27
FERRITIN,DUAL_DEFICIENCY_SUSPECT,supporting,1,,DUAL_DEFICIENCY_SUSPECT#iron_b12,derived,PATHEX 88 Outcome x Input Trigger and Wiring Matrix; audit snapshot 2026-08-29; PRO-EXEC bundle_version 1.2.0; row 27
B12,DUAL_DEFICIENCY_SUSPECT,supporting,1,,DUAL_DEFICIENCY_SUSPECT#iron_b12,derived,PATHEX 88 Outcome x Input Trigger and Wiring Matrix; audit snapshot 2026-08-29; PRO-EXEC bundle_version 1.2.0; row 27
HGB,DUAL_DEFICIENCY_SUSPECT,supporting,1,,DUAL_DEFICIENCY_SUSPECT#iron_crp_b12,derived,PATHEX 88 Outcome x Input Trigger and Wiring Matrix; audit snapshot 2026-08-29; PRO-EXEC bundle_version 1.2.0; row 27
FERRITIN,DUAL_DEFICIENCY_SUSPECT,supporting,1,,DUAL_DEFICIENCY_SUSPECT#iron_crp_b12,derived,PATHEX 88 Outcome x Input Trigger and Wiring Matrix; audit snapshot 2026-08-29; PRO-EXEC bundle_version 1.2.0; row 27
CRP,DUAL_DEFICIENCY_SUSPECT,supporting,1,,DUAL_DEFICIENCY_SUSPECT#iron_crp_b12,derived,PATHEX 88 Outcome x Input Trigger and Wiring Matrix; audit snapshot 2026-08-29; PRO-EXEC bundle_version 1.2.0; row 27
B12,DUAL_DEFICIENCY_SUSPECT,supporting,1,,DUAL_DEFICIENCY_SUSPECT#iron_crp_b12,derived,PATHEX 88 Outcome x Input Trigger and Wiring Matrix; audit snapshot 2026-08-29; PRO-EXEC bundle_version 1.2.0; row 27
basophilic_stippling,LEAD_TOXICITY_SUSPECT,supporting,1,,LEAD_TOXICITY_SUSPECT#stippling,derived,PATHEX 88 Outcome x Input Trigger and Wiring Matrix; audit snapshot 2026-08-29; PRO-EXEC bundle_version 1.2.0; row 28
HGB,COPPER_DEFICIENCY_SUSPECT,supporting,1,,COPPER_DEFICIENCY_SUSPECT#copper,derived,PATHEX 88 Outcome x Input Trigger and Wiring Matrix; audit snapshot 2026-08-29; PRO-EXEC bundle_version 1.2.0; row 29
SERUM_COPPER,COPPER_DEFICIENCY_SUSPECT,supporting,1,,COPPER_DEFICIENCY_SUSPECT#copper,derived,PATHEX 88 Outcome x Input Trigger and Wiring Matrix; audit snapshot 2026-08-29; PRO-EXEC bundle_version 1.2.0; row 29
CERULOPLASMIN,COPPER_DEFICIENCY_SUSPECT,supporting,1,,COPPER_DEFICIENCY_SUSPECT#copper,derived,PATHEX 88 Outcome x Input Trigger and Wiring Matrix; audit snapshot 2026-08-29; PRO-EXEC bundle_version 1.2.0; row 29
HGB,ERYTHROCYTOSIS_SUSPECT,supporting,1,,ERYTHROCYTOSIS_SUSPECT#hgb_high,derived,PATHEX 88 Outcome x Input Trigger and Wiring Matrix; audit snapshot 2026-08-29; PRO-EXEC bundle_version 1.2.0; row 30
MCV,MEGALOBLASTIC_SUSPECT,supporting,1,,MEGALOBLASTIC_SUSPECT#hyperseg,derived,PATHEX 88 Outcome x Input Trigger and Wiring Matrix; audit snapshot 2026-08-29; PRO-EXEC bundle_version 1.2.0; row 31
HGB,MEGALOBLASTIC_SUSPECT,supporting,1,,MEGALOBLASTIC_SUSPECT#hyperseg,derived,PATHEX 88 Outcome x Input Trigger and Wiring Matrix; audit snapshot 2026-08-29; PRO-EXEC bundle_version 1.2.0; row 31
hypersegmented_neutrophils,MEGALOBLASTIC_SUSPECT,supporting,1,,MEGALOBLASTIC_SUSPECT#hyperseg,derived,PATHEX 88 Outcome x Input Trigger and Wiring Matrix; audit snapshot 2026-08-29; PRO-EXEC bundle_version 1.2.0; row 31
B12,B12_DEFICIENCY_SUSPECT,supporting,1,,B12_DEFICIENCY_SUSPECT#generic,derived,PATHEX 88 Outcome x Input Trigger and Wiring Matrix; audit snapshot 2026-08-29; PRO-EXEC bundle_version 1.2.0; row 32
HGB,B12_DEFICIENCY_SUSPECT,supporting,1,,B12_DEFICIENCY_SUSPECT#pancytopenic,derived,PATHEX 88 Outcome x Input Trigger and Wiring Matrix; audit snapshot 2026-08-29; PRO-EXEC bundle_version 1.2.0; row 32
WBC,B12_DEFICIENCY_SUSPECT,supporting,1,,B12_DEFICIENCY_SUSPECT#pancytopenic,derived,PATHEX 88 Outcome x Input Trigger and Wiring Matrix; audit snapshot 2026-08-29; PRO-EXEC bundle_version 1.2.0; row 32
PLT,B12_DEFICIENCY_SUSPECT,supporting,1,,B12_DEFICIENCY_SUSPECT#pancytopenic,derived,PATHEX 88 Outcome x Input Trigger and Wiring Matrix; audit snapshot 2026-08-29; PRO-EXEC bundle_version 1.2.0; row 32
B12,B12_DEFICIENCY_SUSPECT,supporting,1,,B12_DEFICIENCY_SUSPECT#pancytopenic,derived,PATHEX 88 Outcome x Input Trigger and Wiring Matrix; audit snapshot 2026-08-29; PRO-EXEC bundle_version 1.2.0; row 32
FOLATE,FOLATE_DEFICIENCY_SUSPECT,supporting,1,,FOLATE_DEFICIENCY_SUSPECT#generic,derived,PATHEX 88 Outcome x Input Trigger and Wiring Matrix; audit snapshot 2026-08-29; PRO-EXEC bundle_version 1.2.0; row 33
HGB,FOLATE_DEFICIENCY_SUSPECT,supporting,1,,FOLATE_DEFICIENCY_SUSPECT#pancytopenic,derived,PATHEX 88 Outcome x Input Trigger and Wiring Matrix; audit snapshot 2026-08-29; PRO-EXEC bundle_version 1.2.0; row 33
WBC,FOLATE_DEFICIENCY_SUSPECT,supporting,1,,FOLATE_DEFICIENCY_SUSPECT#pancytopenic,derived,PATHEX 88 Outcome x Input Trigger and Wiring Matrix; audit snapshot 2026-08-29; PRO-EXEC bundle_version 1.2.0; row 33
PLT,FOLATE_DEFICIENCY_SUSPECT,supporting,1,,FOLATE_DEFICIENCY_SUSPECT#pancytopenic,derived,PATHEX 88 Outcome x Input Trigger and Wiring Matrix; audit snapshot 2026-08-29; PRO-EXEC bundle_version 1.2.0; row 33
FOLATE,FOLATE_DEFICIENCY_SUSPECT,supporting,1,,FOLATE_DEFICIENCY_SUSPECT#pancytopenic,derived,PATHEX 88 Outcome x Input Trigger and Wiring Matrix; audit snapshot 2026-08-29; PRO-EXEC bundle_version 1.2.0; row 33
MCV,NON_MEGALOBLASTIC_MACROCYTOSIS_SUSPECT,supporting,1,,NON_MEGALOBLASTIC_MACROCYTOSIS_SUSPECT#hypothyroid,derived,PATHEX 88 Outcome x Input Trigger and Wiring Matrix; audit snapshot 2026-08-29; PRO-EXEC bundle_version 1.2.0; row 34
HGB,NON_MEGALOBLASTIC_MACROCYTOSIS_SUSPECT,supporting,1,,NON_MEGALOBLASTIC_MACROCYTOSIS_SUSPECT#hypothyroid,derived,PATHEX 88 Outcome x Input Trigger and Wiring Matrix; audit snapshot 2026-08-29; PRO-EXEC bundle_version 1.2.0; row 34
TSH,NON_MEGALOBLASTIC_MACROCYTOSIS_SUSPECT,supporting,1,,NON_MEGALOBLASTIC_MACROCYTOSIS_SUSPECT#hypothyroid,derived,PATHEX 88 Outcome x Input Trigger and Wiring Matrix; audit snapshot 2026-08-29; PRO-EXEC bundle_version 1.2.0; row 34
HGB,MICROCYTIC_ANAEMIA_UNTYPED,supporting,1,,MICROCYTIC_ANAEMIA_UNTYPED#fallback,derived,PATHEX 88 Outcome x Input Trigger and Wiring Matrix; audit snapshot 2026-08-29; PRO-EXEC bundle_version 1.2.0; row 35
MCV,MICROCYTIC_ANAEMIA_UNTYPED,supporting,1,,MICROCYTIC_ANAEMIA_UNTYPED#fallback,derived,PATHEX 88 Outcome x Input Trigger and Wiring Matrix; audit snapshot 2026-08-29; PRO-EXEC bundle_version 1.2.0; row 35
MCV,MICROCYTIC_BORDERLINE_INDICES,supporting,1,,MICROCYTIC_BORDERLINE_INDICES#mentzer_only,derived,PATHEX 88 Outcome x Input Trigger and Wiring Matrix; audit snapshot 2026-08-29; PRO-EXEC bundle_version 1.2.0; row 36
RBC,MICROCYTIC_BORDERLINE_INDICES,supporting,1,,MICROCYTIC_BORDERLINE_INDICES#mentzer_only,derived,PATHEX 88 Outcome x Input Trigger and Wiring Matrix; audit snapshot 2026-08-29; PRO-EXEC bundle_version 1.2.0; row 36
MCV,MICROCYTIC_BORDERLINE_PATRA_LEANS_TRAIT,supporting,1,,MICROCYTIC_BORDERLINE_PATRA_LEANS_TRAIT#patra,derived,PATHEX 88 Outcome x Input Trigger and Wiring Matrix; audit snapshot 2026-08-29; PRO-EXEC bundle_version 1.2.0; row 37
RBC,MICROCYTIC_BORDERLINE_PATRA_LEANS_TRAIT,supporting,1,,MICROCYTIC_BORDERLINE_PATRA_LEANS_TRAIT#patra,derived,PATHEX 88 Outcome x Input Trigger and Wiring Matrix; audit snapshot 2026-08-29; PRO-EXEC bundle_version 1.2.0; row 37
RDW_CV,MICROCYTIC_BORDERLINE_PATRA_LEANS_TRAIT,supporting,1,,MICROCYTIC_BORDERLINE_PATRA_LEANS_TRAIT#patra,derived,PATHEX 88 Outcome x Input Trigger and Wiring Matrix; audit snapshot 2026-08-29; PRO-EXEC bundle_version 1.2.0; row 37
MCV,MICROCYTIC_BORDERLINE_PATRA_LEANS_IRON_DEFICIENCY,supporting,1,,MICROCYTIC_BORDERLINE_PATRA_LEANS_IRON_DEFICIENCY#patra,derived,PATHEX 88 Outcome x Input Trigger and Wiring Matrix; audit snapshot 2026-08-29; PRO-EXEC bundle_version 1.2.0; row 38
RBC,MICROCYTIC_BORDERLINE_PATRA_LEANS_IRON_DEFICIENCY,supporting,1,,MICROCYTIC_BORDERLINE_PATRA_LEANS_IRON_DEFICIENCY#patra,derived,PATHEX 88 Outcome x Input Trigger and Wiring Matrix; audit snapshot 2026-08-29; PRO-EXEC bundle_version 1.2.0; row 38
RDW_CV,MICROCYTIC_BORDERLINE_PATRA_LEANS_IRON_DEFICIENCY,supporting,1,,MICROCYTIC_BORDERLINE_PATRA_LEANS_IRON_DEFICIENCY#patra,derived,PATHEX 88 Outcome x Input Trigger and Wiring Matrix; audit snapshot 2026-08-29; PRO-EXEC bundle_version 1.2.0; row 38
HBA2,HBA2_EQUIVOCAL_BAND,supporting,1,,HBA2_EQUIVOCAL_BAND#hba2,derived,PATHEX 88 Outcome x Input Trigger and Wiring Matrix; audit snapshot 2026-08-29; PRO-EXEC bundle_version 1.2.0; row 39
HBA2,HBA2_VARIANT_RANGE,supporting,1,,HBA2_VARIANT_RANGE#hba2,derived,PATHEX 88 Outcome x Input Trigger and Wiring Matrix; audit snapshot 2026-08-29; PRO-EXEC bundle_version 1.2.0; row 40
WBC,MDS_SUSPECT,supporting,1,,MDS_SUSPECT#amc,derived,PATHEX 88 Outcome x Input Trigger and Wiring Matrix; audit snapshot 2026-08-29; PRO-EXEC bundle_version 1.2.0; row 41
MONO,MDS_SUSPECT,supporting,1,,MDS_SUSPECT#amc,derived,PATHEX 88 Outcome x Input Trigger and Wiring Matrix; audit snapshot 2026-08-29; PRO-EXEC bundle_version 1.2.0; row 41
blasts_auer_rods,ACUTE_LEUKAEMIA_SUSPECT,supporting,1,,ACUTE_LEUKAEMIA_SUSPECT#blasts_wbc,derived,PATHEX 88 Outcome x Input Trigger and Wiring Matrix; audit snapshot 2026-08-29; PRO-EXEC bundle_version 1.2.0; row 42
WBC,ACUTE_LEUKAEMIA_SUSPECT,supporting,1,,ACUTE_LEUKAEMIA_SUSPECT#blasts_wbc,derived,PATHEX 88 Outcome x Input Trigger and Wiring Matrix; audit snapshot 2026-08-29; PRO-EXEC bundle_version 1.2.0; row 42
blasts_auer_rods,ACUTE_LEUKAEMIA_SUSPECT,supporting,1,,ACUTE_LEUKAEMIA_SUSPECT#blasts_plt,derived,PATHEX 88 Outcome x Input Trigger and Wiring Matrix; audit snapshot 2026-08-29; PRO-EXEC bundle_version 1.2.0; row 42
PLT,ACUTE_LEUKAEMIA_SUSPECT,supporting,1,,ACUTE_LEUKAEMIA_SUSPECT#blasts_plt,derived,PATHEX 88 Outcome x Input Trigger and Wiring Matrix; audit snapshot 2026-08-29; PRO-EXEC bundle_version 1.2.0; row 42
WBC,CLL_CLPD_SUSPECT,supporting,1,,CLL_CLPD_SUSPECT#alc_marked,derived,PATHEX 88 Outcome x Input Trigger and Wiring Matrix; audit snapshot 2026-08-29; PRO-EXEC bundle_version 1.2.0; row 43
LYMPH,CLL_CLPD_SUSPECT,supporting,1,,CLL_CLPD_SUSPECT#alc_marked,derived,PATHEX 88 Outcome x Input Trigger and Wiring Matrix; audit snapshot 2026-08-29; PRO-EXEC bundle_version 1.2.0; row 43
WBC,CML_SUSPECT,supporting,1,,CML_SUSPECT#wbc_abc,derived,PATHEX 88 Outcome x Input Trigger and Wiring Matrix; audit snapshot 2026-08-29; PRO-EXEC bundle_version 1.2.0; row 44
BASO,CML_SUSPECT,supporting,1,,CML_SUSPECT#wbc_abc,derived,PATHEX 88 Outcome x Input Trigger and Wiring Matrix; audit snapshot 2026-08-29; PRO-EXEC bundle_version 1.2.0; row 44
PLT,MPN_SUSPECT,supporting,1,,MPN_SUSPECT#thrombocytosis,derived,PATHEX 88 Outcome x Input Trigger and Wiring Matrix; audit snapshot 2026-08-29; PRO-EXEC bundle_version 1.2.0; row 45
HGB,MPN_SUSPECT,supporting,1,,MPN_SUSPECT#hgb_high,derived,PATHEX 88 Outcome x Input Trigger and Wiring Matrix; audit snapshot 2026-08-29; PRO-EXEC bundle_version 1.2.0; row 45
HGB,MYELOMA_SUSPECT,supporting,1,,MYELOMA_SUSPECT#rouleaux_bone_pain,derived,PATHEX 88 Outcome x Input Trigger and Wiring Matrix; audit snapshot 2026-08-29; PRO-EXEC bundle_version 1.2.0; row 46
rouleaux,MYELOMA_SUSPECT,supporting,1,,MYELOMA_SUSPECT#rouleaux_bone_pain,derived,PATHEX 88 Outcome x Input Trigger and Wiring Matrix; audit snapshot 2026-08-29; PRO-EXEC bundle_version 1.2.0; row 46
HGB,MYELOMA_SUSPECT,supporting,1,,MYELOMA_SUSPECT#rouleaux_calcium,derived,PATHEX 88 Outcome x Input Trigger and Wiring Matrix; audit snapshot 2026-08-29; PRO-EXEC bundle_version 1.2.0; row 46
rouleaux,MYELOMA_SUSPECT,supporting,1,,MYELOMA_SUSPECT#rouleaux_calcium,derived,PATHEX 88 Outcome x Input Trigger and Wiring Matrix; audit snapshot 2026-08-29; PRO-EXEC bundle_version 1.2.0; row 46
CALCIUM,MYELOMA_SUSPECT,supporting,1,,MYELOMA_SUSPECT#rouleaux_calcium,derived,PATHEX 88 Outcome x Input Trigger and Wiring Matrix; audit snapshot 2026-08-29; PRO-EXEC bundle_version 1.2.0; row 46
HGB,APLASTIC_ANAEMIA_SUSPECT,supporting,1,,APLASTIC_ANAEMIA_SUSPECT#pancytopenia_retic,derived,PATHEX 88 Outcome x Input Trigger and Wiring Matrix; audit snapshot 2026-08-29; PRO-EXEC bundle_version 1.2.0; row 47
WBC,APLASTIC_ANAEMIA_SUSPECT,supporting,1,,APLASTIC_ANAEMIA_SUSPECT#pancytopenia_retic,derived,PATHEX 88 Outcome x Input Trigger and Wiring Matrix; audit snapshot 2026-08-29; PRO-EXEC bundle_version 1.2.0; row 47
PLT,APLASTIC_ANAEMIA_SUSPECT,supporting,1,,APLASTIC_ANAEMIA_SUSPECT#pancytopenia_retic,derived,PATHEX 88 Outcome x Input Trigger and Wiring Matrix; audit snapshot 2026-08-29; PRO-EXEC bundle_version 1.2.0; row 47
RETIC,APLASTIC_ANAEMIA_SUSPECT,supporting,1,,APLASTIC_ANAEMIA_SUSPECT#pancytopenia_retic,derived,PATHEX 88 Outcome x Input Trigger and Wiring Matrix; audit snapshot 2026-08-29; PRO-EXEC bundle_version 1.2.0; row 47
HGB,MARROW_PROCESS_SUSPECT,supporting,1,,MARROW_PROCESS_SUSPECT#isolated_retic,derived,PATHEX 88 Outcome x Input Trigger and Wiring Matrix; audit snapshot 2026-08-29; PRO-EXEC bundle_version 1.2.0; row 48
RETIC,MARROW_PROCESS_SUSPECT,supporting,1,,MARROW_PROCESS_SUSPECT#isolated_retic,derived,PATHEX 88 Outcome x Input Trigger and Wiring Matrix; audit snapshot 2026-08-29; PRO-EXEC bundle_version 1.2.0; row 48
teardrop_dacrocytes,MARROW_INFILTRATION_SUSPECT,supporting,1,,MARROW_INFILTRATION_SUSPECT#leukoerythroblastic,derived,PATHEX 88 Outcome x Input Trigger and Wiring Matrix; audit snapshot 2026-08-29; PRO-EXEC bundle_version 1.2.0; row 49
nucleated_rbc,MARROW_INFILTRATION_SUSPECT,supporting,1,,MARROW_INFILTRATION_SUSPECT#leukoerythroblastic,derived,PATHEX 88 Outcome x Input Trigger and Wiring Matrix; audit snapshot 2026-08-29; PRO-EXEC bundle_version 1.2.0; row 49
HGB,PANCYTOPENIA_SUSPECT,supporting,1,,PANCYTOPENIA_SUSPECT#tri_lineage,derived,PATHEX 88 Outcome x Input Trigger and Wiring Matrix; audit snapshot 2026-08-29; PRO-EXEC bundle_version 1.2.0; row 51
WBC,PANCYTOPENIA_SUSPECT,supporting,1,,PANCYTOPENIA_SUSPECT#tri_lineage,derived,PATHEX 88 Outcome x Input Trigger and Wiring Matrix; audit snapshot 2026-08-29; PRO-EXEC bundle_version 1.2.0; row 51
PLT,PANCYTOPENIA_SUSPECT,supporting,1,,PANCYTOPENIA_SUSPECT#tri_lineage,derived,PATHEX 88 Outcome x Input Trigger and Wiring Matrix; audit snapshot 2026-08-29; PRO-EXEC bundle_version 1.2.0; row 51
HGB,HLH_SUSPECT,supporting,1,,HLH_SUSPECT#bicytopenia,derived,PATHEX 88 Outcome x Input Trigger and Wiring Matrix; audit snapshot 2026-08-29; PRO-EXEC bundle_version 1.2.0; row 52
PLT,HLH_SUSPECT,supporting,1,,HLH_SUSPECT#bicytopenia,derived,PATHEX 88 Outcome x Input Trigger and Wiring Matrix; audit snapshot 2026-08-29; PRO-EXEC bundle_version 1.2.0; row 52
WBC,NEUTROPENIA_SUSPECT,supporting,1,,NEUTROPENIA_SUSPECT#anc_plt,derived,PATHEX 88 Outcome x Input Trigger and Wiring Matrix; audit snapshot 2026-08-29; PRO-EXEC bundle_version 1.2.0; row 53
NEUT,NEUTROPENIA_SUSPECT,supporting,1,,NEUTROPENIA_SUSPECT#anc_plt,derived,PATHEX 88 Outcome x Input Trigger and Wiring Matrix; audit snapshot 2026-08-29; PRO-EXEC bundle_version 1.2.0; row 53
PLT,NEUTROPENIA_SUSPECT,supporting,1,,NEUTROPENIA_SUSPECT#anc_plt,derived,PATHEX 88 Outcome x Input Trigger and Wiring Matrix; audit snapshot 2026-08-29; PRO-EXEC bundle_version 1.2.0; row 53
WBC,AGRANULOCYTOSIS_SUSPECT,supporting,1,,AGRANULOCYTOSIS_SUSPECT#anc_severe,derived,PATHEX 88 Outcome x Input Trigger and Wiring Matrix; audit snapshot 2026-08-29; PRO-EXEC bundle_version 1.2.0; row 54
NEUT,AGRANULOCYTOSIS_SUSPECT,supporting,1,,AGRANULOCYTOSIS_SUSPECT#anc_severe,derived,PATHEX 88 Outcome x Input Trigger and Wiring Matrix; audit snapshot 2026-08-29; PRO-EXEC bundle_version 1.2.0; row 54
WBC,AGRANULOCYTOSIS_SUSPECT,supporting,1,,AGRANULOCYTOSIS_SUSPECT#wbc_below_1,derived,PATHEX 88 Outcome x Input Trigger and Wiring Matrix; audit snapshot 2026-08-29; PRO-EXEC bundle_version 1.2.0; row 54
WBC,BENIGN_ETHNIC_NEUTROPENIA_CONTEXT,supporting,1,,BENIGN_ETHNIC_NEUTROPENIA_CONTEXT#anc_band,derived,PATHEX 88 Outcome x Input Trigger and Wiring Matrix; audit snapshot 2026-08-29; PRO-EXEC bundle_version 1.2.0; row 55
NEUT,BENIGN_ETHNIC_NEUTROPENIA_CONTEXT,supporting,1,,BENIGN_ETHNIC_NEUTROPENIA_CONTEXT#anc_band,derived,PATHEX 88 Outcome x Input Trigger and Wiring Matrix; audit snapshot 2026-08-29; PRO-EXEC bundle_version 1.2.0; row 55
WBC,LYMPHOPENIA_SUSPECT,supporting,1,,LYMPHOPENIA_SUSPECT#alc_plt,derived,PATHEX 88 Outcome x Input Trigger and Wiring Matrix; audit snapshot 2026-08-29; PRO-EXEC bundle_version 1.2.0; row 56
LYMPH,LYMPHOPENIA_SUSPECT,supporting,1,,LYMPHOPENIA_SUSPECT#alc_plt,derived,PATHEX 88 Outcome x Input Trigger and Wiring Matrix; audit snapshot 2026-08-29; PRO-EXEC bundle_version 1.2.0; row 56
PLT,LYMPHOPENIA_SUSPECT,supporting,1,,LYMPHOPENIA_SUSPECT#alc_plt,derived,PATHEX 88 Outcome x Input Trigger and Wiring Matrix; audit snapshot 2026-08-29; PRO-EXEC bundle_version 1.2.0; row 56
WBC,EOSINOPHILIA_SUSPECT,supporting,1,,EOSINOPHILIA_SUSPECT#aec_mild,derived,PATHEX 88 Outcome x Input Trigger and Wiring Matrix; audit snapshot 2026-08-29; PRO-EXEC bundle_version 1.2.0; row 57
EOS,EOSINOPHILIA_SUSPECT,supporting,1,,EOSINOPHILIA_SUSPECT#aec_mild,derived,PATHEX 88 Outcome x Input Trigger and Wiring Matrix; audit snapshot 2026-08-29; PRO-EXEC bundle_version 1.2.0; row 57
WBC,EOSINOPHILIA_INVESTIGATE,supporting,1,,EOSINOPHILIA_INVESTIGATE#aec_mid,derived,PATHEX 88 Outcome x Input Trigger and Wiring Matrix; audit snapshot 2026-08-29; PRO-EXEC bundle_version 1.2.0; row 58
EOS,EOSINOPHILIA_INVESTIGATE,supporting,1,,EOSINOPHILIA_INVESTIGATE#aec_mid,derived,PATHEX 88 Outcome x Input Trigger and Wiring Matrix; audit snapshot 2026-08-29; PRO-EXEC bundle_version 1.2.0; row 58
WBC,HYPEREOSINOPHILIA_SUSPECT,supporting,1,,HYPEREOSINOPHILIA_SUSPECT#aec_marked,derived,PATHEX 88 Outcome x Input Trigger and Wiring Matrix; audit snapshot 2026-08-29; PRO-EXEC bundle_version 1.2.0; row 59
EOS,HYPEREOSINOPHILIA_SUSPECT,supporting,1,,HYPEREOSINOPHILIA_SUSPECT#aec_marked,derived,PATHEX 88 Outcome x Input Trigger and Wiring Matrix; audit snapshot 2026-08-29; PRO-EXEC bundle_version 1.2.0; row 59
WBC,LEUKAEMOID_REACTION_SUSPECT,supporting,1,,LEUKAEMOID_REACTION_SUSPECT#wbc_extreme,derived,PATHEX 88 Outcome x Input Trigger and Wiring Matrix; audit snapshot 2026-08-29; PRO-EXEC bundle_version 1.2.0; row 60
PLT,THROMBOCYTOPENIA_SUSPECT,supporting,1,,THROMBOCYTOPENIA_SUSPECT#plt,derived,PATHEX 88 Outcome x Input Trigger and Wiring Matrix; audit snapshot 2026-08-29; PRO-EXEC bundle_version 1.2.0; row 61
MPV,INHERITED_THROMBOCYTOPENIA_SUSPECT,supporting,1,,INHERITED_THROMBOCYTOPENIA_SUSPECT#mpv,derived,PATHEX 88 Outcome x Input Trigger and Wiring Matrix; audit snapshot 2026-08-29; PRO-EXEC bundle_version 1.2.0; row 62
PLT,HIT_SUSPECT,supporting,1,,HIT_SUSPECT#plt_heparin,derived,PATHEX 88 Outcome x Input Trigger and Wiring Matrix; audit snapshot 2026-08-29; PRO-EXEC bundle_version 1.2.0; row 63
PLT,TMA_SUSPECT,supporting,1,,TMA_SUSPECT#schistocytes,derived,PATHEX 88 Outcome x Input Trigger and Wiring Matrix; audit snapshot 2026-08-29; PRO-EXEC bundle_version 1.2.0; row 64
schistocytes,TMA_SUSPECT,supporting,1,,TMA_SUSPECT#schistocytes,derived,PATHEX 88 Outcome x Input Trigger and Wiring Matrix; audit snapshot 2026-08-29; PRO-EXEC bundle_version 1.2.0; row 64
PLT,DIC_SUSPECT,supporting,1,,DIC_SUSPECT#fibrinogen,derived,PATHEX 88 Outcome x Input Trigger and Wiring Matrix; audit snapshot 2026-08-29; PRO-EXEC bundle_version 1.2.0; row 65
FIBRINOGEN,DIC_SUSPECT,supporting,1,,DIC_SUSPECT#fibrinogen,derived,PATHEX 88 Outcome x Input Trigger and Wiring Matrix; audit snapshot 2026-08-29; PRO-EXEC bundle_version 1.2.0; row 65
PLT,DIC_SUSPECT,supporting,1,,DIC_SUSPECT#pt,derived,PATHEX 88 Outcome x Input Trigger and Wiring Matrix; audit snapshot 2026-08-29; PRO-EXEC bundle_version 1.2.0; row 65
PT_PROLONGATION_SEC,DIC_SUSPECT,supporting,1,,DIC_SUSPECT#pt,derived,PATHEX 88 Outcome x Input Trigger and Wiring Matrix; audit snapshot 2026-08-29; PRO-EXEC bundle_version 1.2.0; row 65
PLT,REACTIVE_THROMBOCYTOSIS_SUSPECT,supporting,1,,REACTIVE_THROMBOCYTOSIS_SUSPECT#plt_high,derived,PATHEX 88 Outcome x Input Trigger and Wiring Matrix; audit snapshot 2026-08-29; PRO-EXEC bundle_version 1.2.0; row 66
HGB,MALARIA_SUSPECT,supporting,1,,MALARIA_SUSPECT#anaemia_plt,derived,PATHEX 88 Outcome x Input Trigger and Wiring Matrix; audit snapshot 2026-08-29; PRO-EXEC bundle_version 1.2.0; row 67
PLT,MALARIA_SUSPECT,supporting,1,,MALARIA_SUSPECT#anaemia_plt,derived,PATHEX 88 Outcome x Input Trigger and Wiring Matrix; audit snapshot 2026-08-29; PRO-EXEC bundle_version 1.2.0; row 67
PLT,DENGUE_SUSPECT,supporting,1,,DENGUE_SUSPECT#plt_wbc,derived,PATHEX 88 Outcome x Input Trigger and Wiring Matrix; audit snapshot 2026-08-29; PRO-EXEC bundle_version 1.2.0; row 68
WBC,DENGUE_SUSPECT,supporting,1,,DENGUE_SUSPECT#plt_wbc,derived,PATHEX 88 Outcome x Input Trigger and Wiring Matrix; audit snapshot 2026-08-29; PRO-EXEC bundle_version 1.2.0; row 68
HGB,KALA_AZAR_SUSPECT,supporting,1,,KALA_AZAR_SUSPECT#anaemia,derived,PATHEX 88 Outcome x Input Trigger and Wiring Matrix; audit snapshot 2026-08-29; PRO-EXEC bundle_version 1.2.0; row 69
HGB,TB_ANAEMIA_SUSPECT,supporting,1,,TB_ANAEMIA_SUSPECT#anaemia_amc,derived,PATHEX 88 Outcome x Input Trigger and Wiring Matrix; audit snapshot 2026-08-29; PRO-EXEC bundle_version 1.2.0; row 70
WBC,TB_ANAEMIA_SUSPECT,supporting,1,,TB_ANAEMIA_SUSPECT#anaemia_amc,derived,PATHEX 88 Outcome x Input Trigger and Wiring Matrix; audit snapshot 2026-08-29; PRO-EXEC bundle_version 1.2.0; row 70
MONO,TB_ANAEMIA_SUSPECT,supporting,1,,TB_ANAEMIA_SUSPECT#anaemia_amc,derived,PATHEX 88 Outcome x Input Trigger and Wiring Matrix; audit snapshot 2026-08-29; PRO-EXEC bundle_version 1.2.0; row 70
MCV,HOOKWORM_STH_IDA_SUSPECT,supporting,1,,HOOKWORM_STH_IDA_SUSPECT#micro_aec,derived,PATHEX 88 Outcome x Input Trigger and Wiring Matrix; audit snapshot 2026-08-29; PRO-EXEC bundle_version 1.2.0; row 71
WBC,HOOKWORM_STH_IDA_SUSPECT,supporting,1,,HOOKWORM_STH_IDA_SUSPECT#micro_aec,derived,PATHEX 88 Outcome x Input Trigger and Wiring Matrix; audit snapshot 2026-08-29; PRO-EXEC bundle_version 1.2.0; row 71
EOS,HOOKWORM_STH_IDA_SUSPECT,supporting,1,,HOOKWORM_STH_IDA_SUSPECT#micro_aec,derived,PATHEX 88 Outcome x Input Trigger and Wiring Matrix; audit snapshot 2026-08-29; PRO-EXEC bundle_version 1.2.0; row 71
WBC,ENTERIC_FEVER_CONTEXT,supporting,1,,ENTERIC_FEVER_CONTEXT#leukopenia,derived,PATHEX 88 Outcome x Input Trigger and Wiring Matrix; audit snapshot 2026-08-29; PRO-EXEC bundle_version 1.2.0; row 72
PLT,SEPSIS_CONTEXT,supporting,1,,SEPSIS_CONTEXT#plt_wbc,derived,PATHEX 88 Outcome x Input Trigger and Wiring Matrix; audit snapshot 2026-08-29; PRO-EXEC bundle_version 1.2.0; row 73
WBC,SEPSIS_CONTEXT,supporting,1,,SEPSIS_CONTEXT#plt_wbc,derived,PATHEX 88 Outcome x Input Trigger and Wiring Matrix; audit snapshot 2026-08-29; PRO-EXEC bundle_version 1.2.0; row 73
WBC,VIRAL_PATTERN_CONTEXT,supporting,1,,VIRAL_PATTERN_CONTEXT#leukopenia,derived,PATHEX 88 Outcome x Input Trigger and Wiring Matrix; audit snapshot 2026-08-29; PRO-EXEC bundle_version 1.2.0; row 74
HGB,HIV_CONTEXT_FLAG,supporting,1,,HIV_CONTEXT_FLAG#anaemia,derived,PATHEX 88 Outcome x Input Trigger and Wiring Matrix; audit snapshot 2026-08-29; PRO-EXEC bundle_version 1.2.0; row 75
WBC,HIV_CONTEXT_FLAG,supporting,1,,HIV_CONTEXT_FLAG#leukopenia,derived,PATHEX 88 Outcome x Input Trigger and Wiring Matrix; audit snapshot 2026-08-29; PRO-EXEC bundle_version 1.2.0; row 75
PLT,HIV_CONTEXT_FLAG,supporting,1,,HIV_CONTEXT_FLAG#thrombocytopenia,derived,PATHEX 88 Outcome x Input Trigger and Wiring Matrix; audit snapshot 2026-08-29; PRO-EXEC bundle_version 1.2.0; row 75
HGB,FUNGAL_MARROW_SUSPECT,supporting,1,,FUNGAL_MARROW_SUSPECT#pancytopenia,derived,PATHEX 88 Outcome x Input Trigger and Wiring Matrix; audit snapshot 2026-08-29; PRO-EXEC bundle_version 1.2.0; row 76
WBC,FUNGAL_MARROW_SUSPECT,supporting,1,,FUNGAL_MARROW_SUSPECT#pancytopenia,derived,PATHEX 88 Outcome x Input Trigger and Wiring Matrix; audit snapshot 2026-08-29; PRO-EXEC bundle_version 1.2.0; row 76
PLT,FUNGAL_MARROW_SUSPECT,supporting,1,,FUNGAL_MARROW_SUSPECT#pancytopenia,derived,PATHEX 88 Outcome x Input Trigger and Wiring Matrix; audit snapshot 2026-08-29; PRO-EXEC bundle_version 1.2.0; row 76
WBC,HYPERSPLENISM_CONTEXT,supporting,1,,HYPERSPLENISM_CONTEXT#leukopenia,derived,PATHEX 88 Outcome x Input Trigger and Wiring Matrix; audit snapshot 2026-08-29; PRO-EXEC bundle_version 1.2.0; row 77
PLT,HYPERSPLENISM_CONTEXT,supporting,1,,HYPERSPLENISM_CONTEXT#thrombocytopenia,derived,PATHEX 88 Outcome x Input Trigger and Wiring Matrix; audit snapshot 2026-08-29; PRO-EXEC bundle_version 1.2.0; row 77
HGB,HYPERTHYROID_ANAEMIA_SUSPECT,supporting,1,,HYPERTHYROID_ANAEMIA_SUSPECT#thyroid,derived,PATHEX 88 Outcome x Input Trigger and Wiring Matrix; audit snapshot 2026-08-29; PRO-EXEC bundle_version 1.2.0; row 78
TSH,HYPERTHYROID_ANAEMIA_SUSPECT,supporting,1,,HYPERTHYROID_ANAEMIA_SUSPECT#thyroid,derived,PATHEX 88 Outcome x Input Trigger and Wiring Matrix; audit snapshot 2026-08-29; PRO-EXEC bundle_version 1.2.0; row 78
FT4,HYPERTHYROID_ANAEMIA_SUSPECT,supporting,1,,HYPERTHYROID_ANAEMIA_SUSPECT#thyroid,derived,PATHEX 88 Outcome x Input Trigger and Wiring Matrix; audit snapshot 2026-08-29; PRO-EXEC bundle_version 1.2.0; row 78
TSH,THYROID_RESULT_NEEDS_ACTION,supporting,1,,THYROID_RESULT_NEEDS_ACTION#tsh,derived,PATHEX 88 Outcome x Input Trigger and Wiring Matrix; audit snapshot 2026-08-29; PRO-EXEC bundle_version 1.2.0; row 79
HGB,CAPILLARY_SCREEN_CONFIRM_VENOUS,supporting,1,,CAPILLARY_SCREEN_CONFIRM_VENOUS#capillary_hgb,derived,PATHEX 88 Outcome x Input Trigger and Wiring Matrix; audit snapshot 2026-08-29; PRO-EXEC bundle_version 1.2.0; row 80
HGB,SEVERE_ANEMIA_SAFETY_BLOCK,supporting,1,,SEVERE_ANEMIA_SAFETY_BLOCK#hgb_severe,derived,PATHEX 88 Outcome x Input Trigger and Wiring Matrix; audit snapshot 2026-08-29; PRO-EXEC bundle_version 1.2.0; row 81
MCH,CANNOT_EVALUATE,supporting,1,,CANNOT_EVALUATE#implied_mchc,derived,PATHEX 88 Outcome x Input Trigger and Wiring Matrix; audit snapshot 2026-08-29; PRO-EXEC bundle_version 1.2.0; row 82
MCV,CANNOT_EVALUATE,supporting,1,,CANNOT_EVALUATE#implied_mchc,derived,PATHEX 88 Outcome x Input Trigger and Wiring Matrix; audit snapshot 2026-08-29; PRO-EXEC bundle_version 1.2.0; row 82
MCHC,CANNOT_EVALUATE,supporting,1,,CANNOT_EVALUATE#mchc_mismatch,derived,PATHEX 88 Outcome x Input Trigger and Wiring Matrix; audit snapshot 2026-08-29; PRO-EXEC bundle_version 1.2.0; row 82
MCH,CANNOT_EVALUATE,supporting,1,,CANNOT_EVALUATE#mchc_mismatch,derived,PATHEX 88 Outcome x Input Trigger and Wiring Matrix; audit snapshot 2026-08-29; PRO-EXEC bundle_version 1.2.0; row 82
MCV,CANNOT_EVALUATE,supporting,1,,CANNOT_EVALUATE#mchc_mismatch,derived,PATHEX 88 Outcome x Input Trigger and Wiring Matrix; audit snapshot 2026-08-29; PRO-EXEC bundle_version 1.2.0; row 82
MCHC,CANNOT_EVALUATE,supporting,1,,CANNOT_EVALUATE#mchc_high,derived,PATHEX 88 Outcome x Input Trigger and Wiring Matrix; audit snapshot 2026-08-29; PRO-EXEC bundle_version 1.2.0; row 82
NEUT,CANNOT_EVALUATE,supporting,1,,CANNOT_EVALUATE#differential_sum,derived,PATHEX 88 Outcome x Input Trigger and Wiring Matrix; audit snapshot 2026-08-29; PRO-EXEC bundle_version 1.2.0; row 82
LYMPH,CANNOT_EVALUATE,supporting,1,,CANNOT_EVALUATE#differential_sum,derived,PATHEX 88 Outcome x Input Trigger and Wiring Matrix; audit snapshot 2026-08-29; PRO-EXEC bundle_version 1.2.0; row 82
MONO,CANNOT_EVALUATE,supporting,1,,CANNOT_EVALUATE#differential_sum,derived,PATHEX 88 Outcome x Input Trigger and Wiring Matrix; audit snapshot 2026-08-29; PRO-EXEC bundle_version 1.2.0; row 82
EOS,CANNOT_EVALUATE,supporting,1,,CANNOT_EVALUATE#differential_sum,derived,PATHEX 88 Outcome x Input Trigger and Wiring Matrix; audit snapshot 2026-08-29; PRO-EXEC bundle_version 1.2.0; row 82
BASO,CANNOT_EVALUATE,supporting,1,,CANNOT_EVALUATE#differential_sum,derived,PATHEX 88 Outcome x Input Trigger and Wiring Matrix; audit snapshot 2026-08-29; PRO-EXEC bundle_version 1.2.0; row 82
MCV,NON_MICROCYTIC_ANEMIA_OUTSIDE_SCOPE,supporting,1,,NON_MICROCYTIC_ANEMIA_OUTSIDE_SCOPE#authored,derived,PATHEX 88 Outcome x Input Trigger and Wiring Matrix; audit snapshot 2026-08-29; PRO-EXEC bundle_version 1.2.0; row 83
HGB,NON_MICROCYTIC_ANEMIA_OUTSIDE_SCOPE,supporting,1,,NON_MICROCYTIC_ANEMIA_OUTSIDE_SCOPE#authored,derived,PATHEX 88 Outcome x Input Trigger and Wiring Matrix; audit snapshot 2026-08-29; PRO-EXEC bundle_version 1.2.0; row 83
HGB,NO_FINDINGS,supporting,1,,NO_FINDINGS#all_normal,derived,PATHEX 88 Outcome x Input Trigger and Wiring Matrix; audit snapshot 2026-08-29; PRO-EXEC bundle_version 1.2.0; row 85
MCV,NO_FINDINGS,supporting,1,,NO_FINDINGS#all_normal,derived,PATHEX 88 Outcome x Input Trigger and Wiring Matrix; audit snapshot 2026-08-29; PRO-EXEC bundle_version 1.2.0; row 85
RBC,NO_FINDINGS,supporting,1,,NO_FINDINGS#all_normal,derived,PATHEX 88 Outcome x Input Trigger and Wiring Matrix; audit snapshot 2026-08-29; PRO-EXEC bundle_version 1.2.0; row 85
MCH,NO_FINDINGS,supporting,1,,NO_FINDINGS#all_normal,derived,PATHEX 88 Outcome x Input Trigger and Wiring Matrix; audit snapshot 2026-08-29; PRO-EXEC bundle_version 1.2.0; row 85
WBC,NO_FINDINGS,supporting,1,,NO_FINDINGS#all_normal,derived,PATHEX 88 Outcome x Input Trigger and Wiring Matrix; audit snapshot 2026-08-29; PRO-EXEC bundle_version 1.2.0; row 85
PLT,NO_FINDINGS,supporting,1,,NO_FINDINGS#all_normal,derived,PATHEX 88 Outcome x Input Trigger and Wiring Matrix; audit snapshot 2026-08-29; PRO-EXEC bundle_version 1.2.0; row 85
HGB,IDA_PROBABLE,supporting,1,,IDA_PROBABLE#rdwcv,derived,PATHEX 88 Outcome x Input Trigger and Wiring Matrix; audit snapshot 2026-08-29; PRO-EXEC bundle_version 1.2.0; row 86
MCV,IDA_PROBABLE,supporting,1,,IDA_PROBABLE#rdwcv,derived,PATHEX 88 Outcome x Input Trigger and Wiring Matrix; audit snapshot 2026-08-29; PRO-EXEC bundle_version 1.2.0; row 86
RBC,IDA_PROBABLE,supporting,1,,IDA_PROBABLE#rdwcv,derived,PATHEX 88 Outcome x Input Trigger and Wiring Matrix; audit snapshot 2026-08-29; PRO-EXEC bundle_version 1.2.0; row 86
RDW_CV,IDA_PROBABLE,supporting,1,,IDA_PROBABLE#rdwcv,derived,PATHEX 88 Outcome x Input Trigger and Wiring Matrix; audit snapshot 2026-08-29; PRO-EXEC bundle_version 1.2.0; row 86
MCH,IDA_PROBABLE,supporting,1,,IDA_PROBABLE#rdwcv,derived,PATHEX 88 Outcome x Input Trigger and Wiring Matrix; audit snapshot 2026-08-29; PRO-EXEC bundle_version 1.2.0; row 86
HGB,IDA_PROBABLE,supporting,1,,IDA_PROBABLE#rdwsd,derived,PATHEX 88 Outcome x Input Trigger and Wiring Matrix; audit snapshot 2026-08-29; PRO-EXEC bundle_version 1.2.0; row 86
MCV,IDA_PROBABLE,supporting,1,,IDA_PROBABLE#rdwsd,derived,PATHEX 88 Outcome x Input Trigger and Wiring Matrix; audit snapshot 2026-08-29; PRO-EXEC bundle_version 1.2.0; row 86
RBC,IDA_PROBABLE,supporting,1,,IDA_PROBABLE#rdwsd,derived,PATHEX 88 Outcome x Input Trigger and Wiring Matrix; audit snapshot 2026-08-29; PRO-EXEC bundle_version 1.2.0; row 86
RDW_SD,IDA_PROBABLE,supporting,1,,IDA_PROBABLE#rdwsd,derived,PATHEX 88 Outcome x Input Trigger and Wiring Matrix; audit snapshot 2026-08-29; PRO-EXEC bundle_version 1.2.0; row 86
MCH,IDA_PROBABLE,supporting,1,,IDA_PROBABLE#rdwsd,derived,PATHEX 88 Outcome x Input Trigger and Wiring Matrix; audit snapshot 2026-08-29; PRO-EXEC bundle_version 1.2.0; row 86
MCV,THALASSEMIA_TRAIT_PROBABLE,supporting,1,,THALASSEMIA_TRAIT_PROBABLE#rdwcv,derived,PATHEX 88 Outcome x Input Trigger and Wiring Matrix; audit snapshot 2026-08-29; PRO-EXEC bundle_version 1.2.0; row 87
RBC,THALASSEMIA_TRAIT_PROBABLE,supporting,1,,THALASSEMIA_TRAIT_PROBABLE#rdwcv,derived,PATHEX 88 Outcome x Input Trigger and Wiring Matrix; audit snapshot 2026-08-29; PRO-EXEC bundle_version 1.2.0; row 87
RDW_CV,THALASSEMIA_TRAIT_PROBABLE,supporting,1,,THALASSEMIA_TRAIT_PROBABLE#rdwcv,derived,PATHEX 88 Outcome x Input Trigger and Wiring Matrix; audit snapshot 2026-08-29; PRO-EXEC bundle_version 1.2.0; row 87
MCV,THALASSEMIA_TRAIT_PROBABLE,supporting,1,,THALASSEMIA_TRAIT_PROBABLE#rdwsd,derived,PATHEX 88 Outcome x Input Trigger and Wiring Matrix; audit snapshot 2026-08-29; PRO-EXEC bundle_version 1.2.0; row 87
RBC,THALASSEMIA_TRAIT_PROBABLE,supporting,1,,THALASSEMIA_TRAIT_PROBABLE#rdwsd,derived,PATHEX 88 Outcome x Input Trigger and Wiring Matrix; audit snapshot 2026-08-29; PRO-EXEC bundle_version 1.2.0; row 87
RDW_SD,THALASSEMIA_TRAIT_PROBABLE,supporting,1,,THALASSEMIA_TRAIT_PROBABLE#rdwsd,derived,PATHEX 88 Outcome x Input Trigger and Wiring Matrix; audit snapshot 2026-08-29; PRO-EXEC bundle_version 1.2.0; row 87
MCV,THALASSEMIA_TRAIT_POSSIBLE,supporting,1,,THALASSEMIA_TRAIT_POSSIBLE#rdwcv,derived,PATHEX 88 Outcome x Input Trigger and Wiring Matrix; audit snapshot 2026-08-29; PRO-EXEC bundle_version 1.2.0; row 88
RBC,THALASSEMIA_TRAIT_POSSIBLE,supporting,1,,THALASSEMIA_TRAIT_POSSIBLE#rdwcv,derived,PATHEX 88 Outcome x Input Trigger and Wiring Matrix; audit snapshot 2026-08-29; PRO-EXEC bundle_version 1.2.0; row 88
RDW_CV,THALASSEMIA_TRAIT_POSSIBLE,supporting,1,,THALASSEMIA_TRAIT_POSSIBLE#rdwcv,derived,PATHEX 88 Outcome x Input Trigger and Wiring Matrix; audit snapshot 2026-08-29; PRO-EXEC bundle_version 1.2.0; row 88
MCV,THALASSEMIA_TRAIT_POSSIBLE,supporting,1,,THALASSEMIA_TRAIT_POSSIBLE#rdwsd,derived,PATHEX 88 Outcome x Input Trigger and Wiring Matrix; audit snapshot 2026-08-29; PRO-EXEC bundle_version 1.2.0; row 88
RBC,THALASSEMIA_TRAIT_POSSIBLE,supporting,1,,THALASSEMIA_TRAIT_POSSIBLE#rdwsd,derived,PATHEX 88 Outcome x Input Trigger and Wiring Matrix; audit snapshot 2026-08-29; PRO-EXEC bundle_version 1.2.0; row 88
RDW_SD,THALASSEMIA_TRAIT_POSSIBLE,supporting,1,,THALASSEMIA_TRAIT_POSSIBLE#rdwsd,derived,PATHEX 88 Outcome x Input Trigger and Wiring Matrix; audit snapshot 2026-08-29; PRO-EXEC bundle_version 1.2.0; row 88
