regime,n_inputs,n_outcomes,K,instance_seed,coverage_optimum,feasible_space,random_feasible_p_opt,random_feasible_hit,ansatz,depth,qubits,optimum_probability,lift_over_random,feasible_probability,found_optimum,two_qubit_gates,two_qubit_gates_with_prep,runtime_ms
degree_capped,8,11,2,0,6.0,28,0.3214285714285715,1.0,penalty,1,10,0.002807890858573604,0.008735660448895654,0.935791015625,True,90,90,162.15679100059788
degree_capped,8,11,2,0,6.0,28,0.3214285714285715,1.0,constrained,1,8,0.5112148119403681,1.5904460815922559,1.0,True,36,124,84.23991699964972
degree_capped,8,11,2,0,6.0,28,0.3214285714285715,1.0,penalty,2,10,0.12197071088168888,0.3794644338541431,0.82958984375,True,180,180,135.1225410016923
degree_capped,8,11,2,0,6.0,28,0.3214285714285715,1.0,constrained,2,8,0.6590454595203065,2.050363651840953,1.0,True,72,160,308.54912499853526
degree_capped,8,11,2,0,6.0,28,0.3214285714285715,1.0,penalty,3,10,0.015234468342094474,0.047396123730960575,0.86376953125,True,270,270,229.07916700023634
degree_capped,8,11,2,0,6.0,28,0.3214285714285715,1.0,constrained,3,8,0.8557524787727396,2.662341045070745,1.0,True,108,196,402.30700000029174
degree_capped,8,11,2,1,6.0,28,0.32142857142857145,1.0,penalty,1,10,0.004096546426065779,0.012744811103315757,0.90673828125,True,90,90,168.7199160005548
degree_capped,8,11,2,1,6.0,28,0.32142857142857145,1.0,constrained,1,8,0.5356994431232333,1.6666204897167256,1.0,True,34,122,71.4804159997584
degree_capped,8,11,2,1,6.0,28,0.32142857142857145,1.0,penalty,2,10,0.05193398825515577,0.16157240790492905,0.581298828125,True,180,180,131.95037500008766
degree_capped,8,11,2,1,6.0,28,0.32142857142857145,1.0,constrained,2,8,0.8114523609818257,2.524518456387902,1.0,True,68,156,203.25449999836565
degree_capped,8,11,2,1,6.0,28,0.32142857142857145,1.0,penalty,3,10,0.005065436328182298,0.015759135243233816,0.86181640625,True,270,270,305.37495799944736
degree_capped,8,11,2,1,6.0,28,0.32142857142857145,1.0,constrained,3,8,0.9472152218388137,2.9468918012763092,1.0,True,102,190,545.7863330011605
degree_capped,8,11,2,2,6.0,28,0.28571428571428575,1.0,penalty,1,10,0.0020728104376793845,0.0072548365318778445,0.94970703125,True,90,90,104.65599999952246
degree_capped,8,11,2,2,6.0,28,0.28571428571428575,1.0,constrained,1,8,0.7074355603243077,2.4760244611350766,1.0,True,38,126,69.41712499974528
degree_capped,8,11,2,2,6.0,28,0.28571428571428575,1.0,penalty,2,10,0.15723958106698954,0.5503385337344633,0.76513671875,True,180,180,143.4988750006596
degree_capped,8,11,2,2,6.0,28,0.28571428571428575,1.0,constrained,2,8,0.8986501228536736,3.145275429987857,1.0,True,76,164,304.84779099970183
degree_capped,8,11,2,2,6.0,28,0.28571428571428575,1.0,penalty,3,10,0.012364203592654596,0.04327471257429108,0.872314453125,True,270,270,264.9212500000431
degree_capped,8,11,2,2,6.0,28,0.28571428571428575,1.0,constrained,3,8,0.925759380868481,3.240157833039683,1.0,True,114,202,817.4316660006298
degree_capped,8,11,2,3,6.0,28,0.3214285714285715,1.0,penalty,1,10,0.003018025800179423,0.009389413600558201,0.9345703125,True,90,90,131.53412500105333
degree_capped,8,11,2,3,6.0,28,0.3214285714285715,1.0,constrained,1,8,0.6685698879595003,2.0799952069851115,1.0,True,36,124,80.27120800034027
degree_capped,8,11,2,3,6.0,28,0.3214285714285715,1.0,penalty,2,10,0.11902377185427777,0.3702961791021974,0.82373046875,True,180,180,142.8459999988263
degree_capped,8,11,2,3,6.0,28,0.3214285714285715,1.0,constrained,2,8,0.7944354433854655,2.471576934977003,1.0,True,72,160,231.23649999979534
degree_capped,8,11,2,3,6.0,28,0.3214285714285715,1.0,penalty,3,10,0.011409565564987836,0.03549642620218437,0.85693359375,True,270,270,224.18849999849044
degree_capped,8,11,2,3,6.0,28,0.3214285714285715,1.0,constrained,3,8,0.891826294371123,2.7745706935990486,1.0,True,108,196,479.6902500002034
degree_capped,8,11,2,4,6.0,28,0.28571428571428575,1.0,penalty,1,10,0.0028239552982647813,0.009883843543926733,0.934814453125,True,90,90,137.3319590002211
degree_capped,8,11,2,4,6.0,28,0.28571428571428575,1.0,constrained,1,8,0.5295284459945658,1.8533495609809802,1.0,True,36,124,89.15250000063679
degree_capped,8,11,2,4,6.0,28,0.28571428571428575,1.0,penalty,2,10,0.12410442971693106,0.43436550400925866,0.694091796875,True,180,180,168.65570800109708
degree_capped,8,11,2,4,6.0,28,0.28571428571428575,1.0,constrained,2,8,0.7950016394237583,2.7825057379831537,1.0,True,72,160,263.0321669985278
degree_capped,8,11,2,4,6.0,28,0.28571428571428575,1.0,penalty,3,10,0.01034589864257002,0.03621064524899507,0.86669921875,True,270,270,204.30729200052156
degree_capped,8,11,2,4,6.0,28,0.28571428571428575,1.0,constrained,3,8,0.9042514116964149,3.1648799409374515,1.0,True,108,196,794.4646249998186
degree_capped,10,13,3,0,9.0,120,0.03333333333333333,1.0,penalty,1,12,0.0011683361168192223,0.03505008350457667,0.775634765625,True,132,132,202.60179100114328
degree_capped,10,13,3,0,9.0,120,0.03333333333333333,1.0,constrained,1,10,0.16353975243905314,4.9061925731715945,1.0,True,44,230,131.01558400012436
degree_capped,10,13,3,0,9.0,120,0.03333333333333333,1.0,penalty,2,12,0.004953464477659157,0.14860393432977473,0.629638671875,True,264,264,918.912333998378
degree_capped,10,13,3,0,9.0,120,0.03333333333333333,1.0,constrained,2,10,0.30182857924064194,9.054857377219259,1.0,True,88,274,328.3485000010842
degree_capped,10,13,3,0,9.0,120,0.03333333333333333,1.0,penalty,3,12,0.002691247750772569,0.08073743252317707,0.88330078125,True,396,396,612.3637910004618
degree_capped,10,13,3,0,9.0,120,0.03333333333333333,1.0,constrained,3,10,0.4437581490260505,13.312744470781515,1.0,True,132,318,606.759583000894
degree_capped,10,13,3,1,9.0,120,0.016666666666666666,1.0,penalty,1,12,0.00034104024285775845,0.02046241457146551,0.737548828125,True,132,132,165.2836670000397
degree_capped,10,13,3,1,9.0,120,0.016666666666666666,1.0,constrained,1,10,0.09774244492585887,5.864546695551533,1.0,True,46,232,149.5771669997339
degree_capped,10,13,3,1,9.0,120,0.016666666666666666,1.0,penalty,2,12,0.012183011421367863,0.7309806852820718,0.656005859375,True,264,264,668.2355840002856
degree_capped,10,13,3,1,9.0,120,0.016666666666666666,1.0,constrained,2,10,0.18483668971317796,11.090201382790678,1.0,True,92,278,386.8956660007825
degree_capped,10,13,3,1,9.0,120,0.016666666666666666,1.0,penalty,3,12,0.0014892562416253172,0.08935537449751903,0.77978515625,True,396,396,1302.541041999575
degree_capped,10,13,3,1,9.0,120,0.016666666666666666,1.0,constrained,3,10,0.2931077560105267,17.586465360631603,1.0,True,138,324,658.3465420007997
degree_capped,10,13,3,2,9.0,120,0.03333333333333333,1.0,penalty,1,12,0.0003329846695478737,0.009989540086436212,0.70654296875,False,132,132,167.4687080012518
degree_capped,10,13,3,2,9.0,120,0.03333333333333333,1.0,constrained,1,10,0.12236320395346402,3.670896118603921,1.0,True,42,228,125.74599999970815
degree_capped,10,13,3,2,9.0,120,0.03333333333333333,1.0,penalty,2,12,0.012127812150410203,0.3638343645123061,0.6279296875,True,264,264,477.12712500106136
degree_capped,10,13,3,2,9.0,120,0.03333333333333333,1.0,constrained,2,10,0.24779628698217096,7.433888609465129,1.0,True,84,270,318.5493749988382
degree_capped,10,13,3,2,9.0,120,0.03333333333333333,1.0,penalty,3,12,0.003068090728262447,0.09204272184787342,0.701904296875,True,396,396,927.7440420009953
degree_capped,10,13,3,2,9.0,120,0.03333333333333333,1.0,constrained,3,10,0.30709827694953107,9.212948308485933,1.0,True,126,312,734.3975000003411
degree_capped,10,13,3,3,9.0,120,0.05,1.0,penalty,1,12,0.00030110871965525045,0.0060221743931050085,0.718017578125,False,132,132,168.09062500033178
degree_capped,10,13,3,3,9.0,120,0.05,1.0,constrained,1,10,0.171625300366216,3.43250600732432,1.0,True,42,228,134.11549999909766
degree_capped,10,13,3,3,9.0,120,0.05,1.0,penalty,2,12,0.00023153587827391697,0.004630717565478339,0.78173828125,True,264,264,665.4490000000806
degree_capped,10,13,3,3,9.0,120,0.05,1.0,constrained,2,10,0.2957269877164797,5.914539754329594,1.0,True,84,270,342.07550000064657
degree_capped,10,13,3,3,9.0,120,0.05,1.0,penalty,3,12,0.004423090902912488,0.08846181805824975,0.727783203125,True,396,396,581.4148749996093
degree_capped,10,13,3,3,9.0,120,0.05,1.0,constrained,3,10,0.41986624168740233,8.397324833748046,1.0,True,126,312,565.596958000242
degree_capped,10,13,3,4,9.0,120,0.016666666666666666,1.0,penalty,1,12,0.0006282868589484877,0.03769721153690926,0.802978515625,False,132,132,169.642709000982
degree_capped,10,13,3,4,9.0,120,0.016666666666666666,1.0,constrained,1,10,0.04732351790894,2.8394110745364003,1.0,True,46,232,141.43058300032862
degree_capped,10,13,3,4,9.0,120,0.016666666666666666,1.0,penalty,2,12,0.013388894237663766,0.803333654259826,0.66162109375,True,264,264,665.6319159992563
degree_capped,10,13,3,4,9.0,120,0.016666666666666666,1.0,constrained,2,10,0.07778629199908921,4.667177519945352,1.0,True,92,278,426.0727919991041
degree_capped,10,13,3,4,9.0,120,0.016666666666666666,1.0,penalty,3,12,0.011194539141895993,0.6716723485137596,0.537353515625,True,396,396,863.9309170011984
degree_capped,10,13,3,4,9.0,120,0.016666666666666666,1.0,constrained,3,10,0.08922251664993334,5.353350998996,1.0,True,138,324,1245.0559579992841
degree_capped,12,16,4,0,12.0,495,0.00808080808080808,0.9999999999999963,penalty,1,15,5.473477483192327e-05,0.006773428385450505,0.822509765625,False,210,210,737.6095830004488
degree_capped,12,16,4,0,12.0,495,0.00808080808080808,0.9999999999999963,constrained,1,12,0.04032951522664811,4.990777509297704,1.0,True,52,366,279.3824170003063
degree_capped,12,16,4,0,12.0,495,0.00808080808080808,0.9999999999999963,penalty,2,15,8.654166245869707e-05,0.010709530729263762,0.66357421875,False,420,420,1548.3517499997106
degree_capped,12,16,4,0,12.0,495,0.00808080808080808,0.9999999999999963,constrained,2,12,0.07087361635507333,8.770610023940325,1.0,True,104,418,818.5568749995582
degree_capped,12,16,4,0,12.0,495,0.00808080808080808,0.9999999999999963,penalty,3,15,0.0013822283107375877,0.1710507534537765,0.541015625,True,630,630,2499.686250001105
degree_capped,12,16,4,0,12.0,495,0.00808080808080808,0.9999999999999963,constrained,3,12,0.10567930237598565,13.077813669028224,1.0,True,156,470,1813.546375000442
degree_capped,12,16,4,1,12.0,495,0.00808080808080808,0.9999999999999963,penalty,1,15,0.00010759186981121415,0.013314493889137751,0.822509765625,True,210,210,729.2152079990046
degree_capped,12,16,4,1,12.0,495,0.00808080808080808,0.9999999999999963,constrained,1,12,0.05200536561573624,6.435663994947359,1.0,True,54,368,290.2005000014469
degree_capped,12,16,4,1,12.0,495,0.00808080808080808,0.9999999999999963,penalty,2,15,0.000418480078278425,0.051786909686955096,0.805419921875,True,420,420,1552.8536660003738
degree_capped,12,16,4,1,12.0,495,0.00808080808080808,0.9999999999999963,constrained,2,12,0.11863239828985805,14.680759288369934,1.0,True,108,422,620.8600419995491
degree_capped,12,16,4,1,12.0,495,0.00808080808080808,0.9999999999999963,penalty,3,15,0.00039043364517488664,0.048316163590392223,0.330322265625,True,630,630,2293.329416999768
degree_capped,12,16,4,1,12.0,495,0.00808080808080808,0.9999999999999963,constrained,3,12,0.20670460904161864,25.579695368900307,1.0,True,162,476,1169.6875840007124
degree_capped,12,16,4,2,12.0,495,0.006060606060606061,0.999999999984648,penalty,1,15,8.28946716625375e-05,0.013677620824318688,0.822998046875,False,210,210,746.9958750007208
degree_capped,12,16,4,2,12.0,495,0.006060606060606061,0.999999999984648,constrained,1,12,0.04556369087067591,7.5180089936615255,1.0,True,56,370,278.9562920006574
degree_capped,12,16,4,2,12.0,495,0.006060606060606061,0.999999999984648,penalty,2,15,0.0013734419409800577,0.22661792026170952,0.289306640625,True,420,420,1476.8859579999116
degree_capped,12,16,4,2,12.0,495,0.006060606060606061,0.999999999984648,constrained,2,12,0.08350137503815955,13.777726881296326,1.0,True,112,426,704.9935420000111
degree_capped,12,16,4,2,12.0,495,0.006060606060606061,0.999999999984648,penalty,3,15,0.00010714653340238082,0.017679178011392835,0.53076171875,True,630,630,2622.8127499998664
degree_capped,12,16,4,2,12.0,495,0.006060606060606061,0.999999999984648,constrained,3,12,0.10142203433858368,16.734635665866307,1.0,True,168,482,1819.3549999996321
degree_capped,12,16,4,3,12.0,495,0.00808080808080808,0.9999999999999963,penalty,1,15,0.00015248677049148755,0.018870237848321585,0.813232421875,True,210,210,722.9770419999113
degree_capped,12,16,4,3,12.0,495,0.00808080808080808,0.9999999999999963,constrained,1,12,0.033141247199654895,4.1012293409572935,1.0,True,54,368,295.618584001204
degree_capped,12,16,4,3,12.0,495,0.00808080808080808,0.9999999999999963,penalty,2,15,3.305823315515996e-05,0.004090956352951045,0.95263671875,True,420,420,1496.5269999993325
degree_capped,12,16,4,3,12.0,495,0.00808080808080808,0.9999999999999963,constrained,2,12,0.05778452353317619,7.150834787230553,1.0,True,108,422,742.7896250010235
degree_capped,12,16,4,3,12.0,495,0.00808080808080808,0.9999999999999963,penalty,3,15,8.241137213024777e-05,0.010198407301118161,0.2158203125,False,630,630,2499.643291999746
degree_capped,12,16,4,3,12.0,495,0.00808080808080808,0.9999999999999963,constrained,3,12,0.08012554443782242,9.915536124180525,1.0,True,162,476,1256.86370800031
degree_capped,12,16,4,4,12.0,495,0.006060606060606061,0.999999999984648,penalty,1,15,0.00011109199094879601,0.01833017850655134,0.81982421875,True,210,210,762.9720839995571
degree_capped,12,16,4,4,12.0,495,0.006060606060606061,0.999999999984648,constrained,1,12,0.03712718440568611,6.125985426938208,1.0,True,54,368,297.7309170000808
degree_capped,12,16,4,4,12.0,495,0.006060606060606061,0.999999999984648,penalty,2,15,0.0010206432155479752,0.1684061305654159,0.45361328125,True,420,420,1513.7803339985112
degree_capped,12,16,4,4,12.0,495,0.006060606060606061,0.999999999984648,constrained,2,12,0.0787442779340836,12.992805859123795,1.0,True,108,422,754.9614590006968
degree_capped,12,16,4,4,12.0,495,0.006060606060606061,0.999999999984648,penalty,3,15,6.321090924253097e-05,0.01042980002501761,0.21142578125,False,630,630,2539.841540999987
degree_capped,12,16,4,4,12.0,495,0.006060606060606061,0.999999999984648,constrained,3,12,0.09637730068106881,15.902254612376353,1.0,True,162,476,1731.5957920000073
degree_capped,14,19,4,0,12.0,1001,0.03996003996003997,1.0,penalty,1,17,0.00568772078454012,0.14233521263311646,0.677978515625,True,272,272,2498.2642909999413
degree_capped,14,19,4,0,12.0,1001,0.03996003996003997,1.0,constrained,1,14,0.13778252694142437,3.4480077367091444,1.0,True,62,444,904.1473750003206
degree_capped,14,19,4,0,12.0,1001,0.03996003996003997,1.0,penalty,2,17,0.005614494767697391,0.14050273156162718,0.424560546875,True,544,544,4947.529833001681
degree_capped,14,19,4,0,12.0,1001,0.03996003996003997,1.0,constrained,2,14,0.20247759414659544,5.06700179351855,1.0,True,124,506,2009.1609999999491
degree_capped,14,19,4,0,12.0,1001,0.03996003996003997,1.0,penalty,3,17,0.004556931250595543,0.11403720454615343,0.747314453125,True,816,816,7829.793499999141
degree_capped,14,19,4,0,12.0,1001,0.03996003996003997,1.0,constrained,3,14,0.2726144853434933,6.8221774957209185,1.0,True,186,568,4147.295000000668
degree_capped,14,19,4,1,12.0,1001,0.021978021978021983,1.0,penalty,1,17,0.003149677738727043,0.14331033711208044,0.72119140625,True,272,272,2495.105791000242
degree_capped,14,19,4,1,12.0,1001,0.021978021978021983,1.0,constrained,1,14,0.11532929268029149,5.247482816953261,1.0,True,66,448,919.058416999178
degree_capped,14,19,4,1,12.0,1001,0.021978021978021983,1.0,penalty,2,17,0.007058597393945504,0.32116618142452036,0.42724609375,True,544,544,5003.339667000546
degree_capped,14,19,4,1,12.0,1001,0.021978021978021983,1.0,constrained,2,14,0.23046871716729492,10.486326631111917,1.0,True,132,514,2037.1139170001697
degree_capped,14,19,4,1,12.0,1001,0.021978021978021983,1.0,penalty,3,17,0.001814508327849479,0.08256012891715127,0.800048828125,True,816,816,7892.491166998298
degree_capped,14,19,4,1,12.0,1001,0.021978021978021983,1.0,constrained,3,14,0.321223902350361,14.615687556941424,1.0,True,198,580,3576.7489170011686
degree_capped,14,19,4,2,12.0,1001,0.04095904095904097,1.0,penalty,1,17,0.005493966232765501,0.13413317558532353,0.701904296875,True,272,272,2513.504374999684
degree_capped,14,19,4,2,12.0,1001,0.04095904095904097,1.0,constrained,1,14,0.210939013644113,5.149998845311148,1.0,True,62,444,916.0199170000851
degree_capped,14,19,4,2,12.0,1001,0.04095904095904097,1.0,penalty,2,17,0.0005721735544269424,0.013969407999545592,0.91259765625,True,544,544,4954.587917000026
degree_capped,14,19,4,2,12.0,1001,0.04095904095904097,1.0,constrained,2,14,0.3789937774562119,9.252994420333366,1.0,True,124,506,1827.174666999781
degree_capped,14,19,4,2,12.0,1001,0.04095904095904097,1.0,penalty,3,17,0.004149827471930606,0.10131651949762281,0.7900390625,True,816,816,8738.584999999148
degree_capped,14,19,4,2,12.0,1001,0.04095904095904097,1.0,constrained,3,14,0.5461241909762653,13.33342232115223,1.0,True,186,568,3502.4452920006297
degree_capped,14,19,4,3,12.0,1001,0.013986013986013991,1.0,penalty,1,17,0.001976496409872765,0.14131949330590265,0.74267578125,True,272,272,2707.550708999406
degree_capped,14,19,4,3,12.0,1001,0.013986013986013991,1.0,constrained,1,14,0.07836979762868312,5.6034405304508415,1.0,True,66,448,863.8661669992871
degree_capped,14,19,4,3,12.0,1001,0.013986013986013991,1.0,penalty,2,17,0.0035863200074313655,0.2564218805313425,0.478759765625,True,544,544,4985.45650000051
degree_capped,14,19,4,3,12.0,1001,0.013986013986013991,1.0,constrained,2,14,0.1880691475605891,13.446944050582115,1.0,True,132,514,2132.337582999753
degree_capped,14,19,4,3,12.0,1001,0.013986013986013991,1.0,penalty,3,17,0.0012482260534344598,0.08924816282056384,0.844482421875,True,816,816,8598.112666999441
degree_capped,14,19,4,3,12.0,1001,0.013986013986013991,1.0,constrained,3,14,0.28157623264764853,20.13270063430686,1.0,True,198,580,3270.6710419988667
degree_capped,14,19,4,4,12.0,1001,0.032967032967032975,1.0,penalty,1,17,0.004228016851619307,0.12824984449911897,0.697021484375,True,272,272,2696.632041999692
degree_capped,14,19,4,4,12.0,1001,0.032967032967032975,1.0,constrained,1,14,0.12032242501836515,3.6497802255570755,1.0,True,62,444,950.965375001033
degree_capped,14,19,4,4,12.0,1001,0.032967032967032975,1.0,penalty,2,17,0.0007140633818215812,0.02165992258192129,0.936279296875,True,544,544,5040.841916999852
degree_capped,14,19,4,4,12.0,1001,0.032967032967032975,1.0,constrained,2,14,0.1821059092810344,5.523879248191376,1.0,True,124,506,2206.2667919999512
degree_capped,14,19,4,4,12.0,1001,0.032967032967032975,1.0,penalty,3,17,0.003233955021621077,0.09809663565583931,0.778076171875,True,816,816,8047.148499999821
degree_capped,14,19,4,4,12.0,1001,0.032967032967032975,1.0,constrained,3,14,0.23377177302668817,7.091077115142872,1.0,True,186,568,4033.5595840006135
degree_capped,16,21,5,0,15.0,4368,0.00228937728937729,0.9999162806031714,penalty,1,19,2.2317902636348488e-05,0.009748459871557017,0.34521484375,False,342,342,10659.390208000332
degree_capped,16,21,5,0,15.0,4368,0.00228937728937729,0.9999162806031714,constrained,1,16,0.01870003701384771,8.168176167648678,1.0,True,68,628,4518.093791000865
degree_capped,16,21,5,0,15.0,4368,0.00228937728937729,0.9999162806031714,penalty,2,19,0.001183648936183107,0.5170178553247811,0.322265625,True,684,684,22177.962791998652
degree_capped,16,21,5,0,15.0,4368,0.00228937728937729,0.9999162806031714,constrained,2,16,0.03544043285219943,15.480381069840707,1.0,True,136,696,9682.068583000728
degree_capped,16,21,5,0,15.0,4368,0.00228937728937729,0.9999162806031714,penalty,3,19,6.831007170778649e-06,0.002983783932196113,0.952880859375,False,1026,1026,33577.51437499974
degree_capped,16,21,5,0,15.0,4368,0.00228937728937729,0.9999162806031714,constrained,3,16,0.05510148021383725,24.068326557404106,1.0,True,204,764,14802.150249999613
degree_capped,16,21,5,1,15.0,4368,0.001373626373626374,0.9964122909805431,penalty,1,19,8.35408629502512e-05,0.06081774822778286,0.53857421875,False,342,342,10655.695833000209
degree_capped,16,21,5,1,15.0,4368,0.001373626373626374,0.9964122909805431,constrained,1,16,0.007614189314517287,5.543129820968583,1.0,True,74,634,4915.240750000521
degree_capped,16,21,5,1,15.0,4368,0.001373626373626374,0.9964122909805431,penalty,2,19,0.0036015396608104827,2.6219208730700307,0.352294921875,True,684,684,20861.496833000274
degree_capped,16,21,5,1,15.0,4368,0.001373626373626374,0.9964122909805431,constrained,2,16,0.016628240994160874,12.105359443749114,1.0,True,148,708,9612.523124998916
degree_capped,16,21,5,1,15.0,4368,0.001373626373626374,0.9964122909805431,penalty,3,19,2.9850713869873048e-06,0.0021731319697267572,0.8876953125,False,1026,1026,33664.17933399862
degree_capped,16,21,5,1,15.0,4368,0.001373626373626374,0.9964122909805431,constrained,3,16,0.02817272952980173,20.509747097695655,1.0,True,222,782,16577.847500000644
degree_capped,16,21,5,2,15.0,4368,0.000915750915750916,0.9765441242960887,penalty,1,19,2.642162879955119e-05,0.028852418649109892,0.539306640625,False,342,342,10508.236958999987
degree_capped,16,21,5,2,15.0,4368,0.000915750915750916,0.9765441242960887,constrained,1,16,0.007204173808732419,7.8669577991357995,1.0,True,74,634,4990.207000000737
degree_capped,16,21,5,2,15.0,4368,0.000915750915750916,0.9765441242960887,penalty,2,19,3.8471987842398056e-05,0.04201141072389867,0.4130859375,False,684,684,21046.98937500143
degree_capped,16,21,5,2,15.0,4368,0.000915750915750916,0.9765441242960887,constrained,2,16,0.017565217646488,19.18121766996489,1.0,True,148,708,8721.784374998606
degree_capped,16,21,5,2,15.0,4368,0.000915750915750916,0.9765441242960887,penalty,3,19,1.1724588713632255e-05,0.012803250875286418,0.826904296875,False,1026,1026,33928.76216699915
degree_capped,16,21,5,2,15.0,4368,0.000915750915750916,0.9765441242960887,constrained,3,16,0.04079591403370829,44.54913812480944,1.0,True,222,782,12638.917582999056
degree_capped,16,21,5,3,15.0,4368,0.000457875457875458,0.8467810553357908,penalty,1,19,2.0994817623253366e-05,0.04585268168918534,0.47900390625,False,342,342,10581.498040999577
degree_capped,16,21,5,3,15.0,4368,0.000457875457875458,0.8467810553357908,constrained,1,16,0.007088456172422517,15.481188280570773,1.0,True,72,632,4556.506124999942
degree_capped,16,21,5,3,15.0,4368,0.000457875457875458,0.8467810553357908,penalty,2,19,0.00022781307829711824,0.49754376300090614,0.49853515625,True,684,684,21962.058459001128
degree_capped,16,21,5,3,15.0,4368,0.000457875457875458,0.8467810553357908,constrained,2,16,0.018152274973718765,39.644568542601775,1.0,True,144,704,10869.60658300086
degree_capped,16,21,5,3,15.0,4368,0.000457875457875458,0.8467810553357908,penalty,3,19,1.4425754488576863e-06,0.003150584780305186,0.970703125,False,1026,1026,34559.42570800107
degree_capped,16,21,5,3,15.0,4368,0.000457875457875458,0.8467810553357908,constrained,3,16,0.03128100161221123,68.31770752106931,1.0,True,216,776,17564.905334000287
degree_capped,16,21,5,4,15.0,4368,0.000457875457875458,0.8467810553357908,penalty,1,19,7.84457285036312e-05,0.1713254710519305,0.537353515625,False,342,342,13047.271957999328
degree_capped,16,21,5,4,15.0,4368,0.000457875457875458,0.8467810553357908,constrained,1,16,0.0031329108653041604,6.8422773298242845,1.0,True,74,634,6025.712542001202
degree_capped,16,21,5,4,15.0,4368,0.000457875457875458,0.8467810553357908,penalty,2,19,0.002832751603006324,6.18672950096581,0.338623046875,True,684,684,27876.674707998973
degree_capped,16,21,5,4,15.0,4368,0.000457875457875458,0.8467810553357908,constrained,2,16,0.007670259881935201,16.751847582146475,1.0,True,148,708,12997.184915999242
degree_capped,16,21,5,4,15.0,4368,0.000457875457875458,0.8467810553357908,penalty,3,19,6.689960316468963e-05,0.14610873331168212,0.497802734375,False,1026,1026,41418.70545799975
degree_capped,16,21,5,4,15.0,4368,0.000457875457875458,0.8467810553357908,constrained,3,16,0.013666416305257282,29.8474532106819,1.0,True,222,782,18354.10229199988
