regime,n_in,K,K_frac,seed,benchmark_id,opt,greedy,certified,ilp_ms,greedy_ms,opt_cov,greedy_cov,is_conjunctive,greedy_bound_applies,gap,greedy_optimal
low_overlap,10,2,0.15,0,QBM-SYN,-6.0,-6.0,True,3.867834000061521,0.08962499998688145,0.46153846153846156,0.46153846153846156,False,True,0.0,True
low_overlap,10,2,0.15,1,QBM-SYN,-4.0,-4.0,True,3.3923329999652196,0.016250000044237822,0.3076923076923077,0.3076923076923077,False,True,0.0,True
low_overlap,10,2,0.15,2,QBM-SYN,-4.0,-4.0,True,3.6874999999554348,0.013957999954072875,0.3076923076923077,0.3076923076923077,False,True,0.0,True
low_overlap,10,2,0.15,3,QBM-SYN,-4.0,-4.0,True,3.503999999907137,0.017208999906870304,0.3076923076923077,0.3076923076923077,False,True,0.0,True
low_overlap,10,2,0.15,4,QBM-SYN,-4.0,-4.0,True,3.6999169999489823,0.013625000065076165,0.3076923076923077,0.3076923076923077,False,True,0.0,True
low_overlap,10,2,0.25,0,QBM-SYN,-6.0,-6.0,True,3.264208000018698,0.013416999991022749,0.46153846153846156,0.46153846153846156,False,True,0.0,True
low_overlap,10,2,0.25,1,QBM-SYN,-4.0,-4.0,True,3.1936249999944266,0.012542000035864476,0.3076923076923077,0.3076923076923077,False,True,0.0,True
low_overlap,10,2,0.25,2,QBM-SYN,-4.0,-4.0,True,3.580875000011474,0.011666999967019365,0.3076923076923077,0.3076923076923077,False,True,0.0,True
low_overlap,10,2,0.25,3,QBM-SYN,-4.0,-4.0,True,3.4047919999693477,0.011707999988175288,0.3076923076923077,0.3076923076923077,False,True,0.0,True
low_overlap,10,2,0.25,4,QBM-SYN,-4.0,-4.0,True,3.5500410000395277,0.011665999977594765,0.3076923076923077,0.3076923076923077,False,True,0.0,True
low_overlap,10,4,0.4,0,QBM-SYN,-9.0,-9.0,True,2.9143330000351853,0.020000000063191692,0.6923076923076923,0.6923076923076923,False,True,0.0,True
low_overlap,10,4,0.4,1,QBM-SYN,-8.0,-8.0,True,0.7022500000175569,0.026084000069204194,0.6153846153846154,0.6153846153846154,False,True,0.0,True
low_overlap,10,4,0.4,2,QBM-SYN,-7.0,-7.0,True,3.534374999958345,0.021583000034297584,0.5384615384615384,0.5384615384615384,False,True,0.0,True
low_overlap,10,4,0.4,3,QBM-SYN,-7.0,-7.0,True,0.6295839999665986,0.020583999912560103,0.5384615384615384,0.5384615384615384,False,True,0.0,True
low_overlap,10,4,0.4,4,QBM-SYN,-7.0,-7.0,True,3.458749999936117,0.019541000028766575,0.5384615384615384,0.5384615384615384,False,True,0.0,True
low_overlap,16,2,0.15,0,QBM-SYN,-5.0,-5.0,True,3.047541999990244,0.018040999975710292,0.23809523809523808,0.23809523809523808,False,True,0.0,True
low_overlap,16,2,0.15,1,QBM-SYN,-5.0,-5.0,True,2.9826669999692967,0.014917000044079032,0.23809523809523808,0.23809523809523808,False,True,0.0,True
low_overlap,16,2,0.15,2,QBM-SYN,-4.0,-4.0,True,2.9080829999657,0.013624999951389327,0.19047619047619047,0.19047619047619047,False,True,0.0,True
low_overlap,16,2,0.15,3,QBM-SYN,-5.0,-5.0,True,2.883457999928396,0.012707999985650531,0.23809523809523808,0.23809523809523808,False,True,0.0,True
low_overlap,16,2,0.15,4,QBM-SYN,-4.0,-4.0,True,2.971207999962644,0.012791000017386978,0.19047619047619047,0.19047619047619047,False,True,0.0,True
low_overlap,16,4,0.25,0,QBM-SYN,-9.0,-9.0,True,2.756249999947613,0.020874999904663127,0.42857142857142855,0.42857142857142855,False,True,0.0,True
low_overlap,16,4,0.25,1,QBM-SYN,-9.0,-9.0,True,2.6313329999538837,0.02179199998408876,0.42857142857142855,0.42857142857142855,False,True,0.0,True
low_overlap,16,4,0.25,2,QBM-SYN,-8.0,-8.0,True,0.6709159999900294,0.020041999960085377,0.38095238095238093,0.38095238095238093,False,True,0.0,True
low_overlap,16,4,0.25,3,QBM-SYN,-9.0,-9.0,True,2.559750000045824,0.020541000026241818,0.42857142857142855,0.42857142857142855,False,True,0.0,True
low_overlap,16,4,0.25,4,QBM-SYN,-8.0,-8.0,True,2.7809169999954975,0.026958000034937868,0.38095238095238093,0.38095238095238093,False,True,0.0,True
low_overlap,16,6,0.4,0,QBM-SYN,-12.0,-12.0,True,1.2563340000042444,0.030667000032735814,0.5714285714285714,0.5714285714285714,False,True,0.0,True
low_overlap,16,6,0.4,1,QBM-SYN,-12.0,-12.0,True,2.599916999997731,0.02937499994004611,0.5714285714285714,0.5714285714285714,False,True,0.0,True
low_overlap,16,6,0.4,2,QBM-SYN,-11.0,-11.0,True,0.8640839999998207,0.02866700003778533,0.5238095238095238,0.5238095238095238,False,True,0.0,True
low_overlap,16,6,0.4,3,QBM-SYN,-13.0,-13.0,True,2.5991250000743094,0.02845800008799415,0.6190476190476191,0.6190476190476191,False,True,0.0,True
low_overlap,16,6,0.4,4,QBM-SYN,-11.0,-11.0,True,1.229500000022199,0.030458000082944636,0.5238095238095238,0.5238095238095238,False,True,0.0,True
low_overlap,22,3,0.15,0,QBM-SYN,-7.0,-7.0,True,2.5053329999309426,0.017915999933393323,0.2413793103448276,0.2413793103448276,False,True,0.0,True
low_overlap,22,3,0.15,1,QBM-SYN,-7.0,-7.0,True,1.0489999999663269,0.01766700006555766,0.2413793103448276,0.2413793103448276,False,True,0.0,True
low_overlap,22,3,0.15,2,QBM-SYN,-8.0,-8.0,True,2.7855419999696096,0.017124999999396096,0.27586206896551724,0.27586206896551724,False,True,0.0,True
low_overlap,22,3,0.15,3,QBM-SYN,-7.0,-7.0,True,2.756208999926457,0.019290999944132636,0.2413793103448276,0.2413793103448276,False,True,0.0,True
low_overlap,22,3,0.15,4,QBM-SYN,-7.0,-7.0,True,2.762833000019782,0.017500000012660166,0.2413793103448276,0.2413793103448276,False,True,0.0,True
low_overlap,22,6,0.25,0,QBM-SYN,-13.0,-13.0,True,2.2652500000504006,0.031166999974630016,0.4482758620689655,0.4482758620689655,False,True,0.0,True
low_overlap,22,6,0.25,1,QBM-SYN,-13.0,-13.0,True,0.8798750000096334,0.030082999955993728,0.4482758620689655,0.4482758620689655,False,True,0.0,True
low_overlap,22,6,0.25,2,QBM-SYN,-14.0,-14.0,True,0.9812499999952706,0.030166000101417012,0.4827586206896552,0.4827586206896552,False,True,0.0,True
low_overlap,22,6,0.25,3,QBM-SYN,-13.0,-13.0,True,1.7260829999941052,0.029833999974471226,0.4482758620689655,0.4482758620689655,False,True,0.0,True
low_overlap,22,6,0.25,4,QBM-SYN,-13.0,-13.0,True,2.502917000015259,0.03033299992694083,0.4482758620689655,0.4482758620689655,False,True,0.0,True
low_overlap,22,9,0.4,0,QBM-SYN,-18.0,-18.0,True,2.1464579999701527,0.043750000031650416,0.6206896551724138,0.6206896551724138,False,True,0.0,True
low_overlap,22,9,0.4,1,QBM-SYN,-16.0,-16.0,True,2.308416000005309,0.04316600006859517,0.5517241379310345,0.5517241379310345,False,True,0.0,True
low_overlap,22,9,0.4,2,QBM-SYN,-17.0,-17.0,True,2.1625830000857604,0.04104200002075231,0.5862068965517241,0.5862068965517241,False,True,0.0,True
low_overlap,22,9,0.4,3,QBM-SYN,-17.0,-17.0,True,0.7915840000123353,0.04208300003938348,0.5862068965517241,0.5862068965517241,False,True,0.0,True
low_overlap,22,9,0.4,4,QBM-SYN,-17.0,-17.0,True,0.9065420000524682,0.04112499993880192,0.5862068965517241,0.5862068965517241,False,True,0.0,True
low_overlap,30,4,0.15,0,QBM-SYN,-8.0,-8.0,True,1.2717920000113736,0.023790999989614647,0.2,0.2,False,True,0.0,True
low_overlap,30,4,0.15,1,QBM-SYN,-9.0,-9.0,True,0.9744169999521546,0.023667000050409115,0.225,0.225,False,True,0.0,True
low_overlap,30,4,0.15,2,QBM-SYN,-11.0,-11.0,True,1.348457999938546,0.022959000034461496,0.275,0.275,False,True,0.0,True
low_overlap,30,4,0.15,3,QBM-SYN,-8.0,-8.0,True,2.2663330000796122,0.0222920000396698,0.2,0.2,False,True,0.0,True
low_overlap,30,4,0.15,4,QBM-SYN,-9.0,-9.0,True,0.886499999978696,0.022709000063514395,0.225,0.225,False,True,0.0,True
low_overlap,30,8,0.25,0,QBM-SYN,-16.0,-16.0,True,1.0760409999193143,0.03920800008927472,0.4,0.4,False,True,0.0,True
low_overlap,30,8,0.25,1,QBM-SYN,-17.0,-17.0,True,1.1456669999461155,0.04037500002596062,0.425,0.425,False,True,0.0,True
low_overlap,30,8,0.25,2,QBM-SYN,-19.0,-19.0,True,0.9378340000694152,0.03987499997037958,0.475,0.475,False,True,0.0,True
low_overlap,30,8,0.25,3,QBM-SYN,-16.0,-16.0,True,1.04537499998969,0.04012499994132668,0.4,0.4,False,True,0.0,True
low_overlap,30,8,0.25,4,QBM-SYN,-17.0,-17.0,True,0.8907080000426504,0.0399169999809601,0.425,0.425,False,True,0.0,True
low_overlap,30,12,0.4,0,QBM-SYN,-24.0,-24.0,True,0.8968339999455566,0.06541699997342221,0.6,0.6,False,True,0.0,True
low_overlap,30,12,0.4,1,QBM-SYN,-23.0,-23.0,True,1.4041250000218497,0.05904099998588208,0.575,0.575,False,True,0.0,True
low_overlap,30,12,0.4,2,QBM-SYN,-24.0,-24.0,True,1.0374170000204685,0.05833299996993446,0.6,0.6,False,True,0.0,True
low_overlap,30,12,0.4,3,QBM-SYN,-24.0,-24.0,True,1.840624999999818,0.06008299999393785,0.6,0.6,False,True,0.0,True
low_overlap,30,12,0.4,4,QBM-SYN,-23.0,-23.0,True,2.0669580000003407,0.057542000035937235,0.575,0.575,False,True,0.0,True
low_overlap,40,6,0.15,0,QBM-SYN,-14.0,-14.0,True,2.2382079999943016,0.034166999967055744,0.2641509433962264,0.2641509433962264,False,True,0.0,True
low_overlap,40,6,0.15,1,QBM-SYN,-15.0,-15.0,True,2.325000000041655,0.0343329999168418,0.2830188679245283,0.2830188679245283,False,True,0.0,True
low_overlap,40,6,0.15,2,QBM-SYN,-15.0,-15.0,True,1.4153330000681308,0.03299999991668301,0.2830188679245283,0.2830188679245283,False,True,0.0,True
low_overlap,40,6,0.15,3,QBM-SYN,-15.0,-15.0,True,2.19316700008676,0.03362500001458102,0.2830188679245283,0.2830188679245283,False,True,0.0,True
low_overlap,40,6,0.15,4,QBM-SYN,-15.0,-15.0,True,1.4451659999394906,0.03587500009416544,0.2830188679245283,0.2830188679245283,False,True,0.0,True
low_overlap,40,10,0.25,0,QBM-SYN,-22.0,-22.0,True,0.9766250000211585,0.05262499996661063,0.41509433962264153,0.41509433962264153,False,True,0.0,True
low_overlap,40,10,0.25,1,QBM-SYN,-23.0,-23.0,True,2.0562089999884847,0.05441600001176994,0.4339622641509434,0.4339622641509434,False,True,0.0,True
low_overlap,40,10,0.25,2,QBM-SYN,-23.0,-23.0,True,1.0814579999305352,0.05499999997482519,0.4339622641509434,0.4339622641509434,False,True,0.0,True
low_overlap,40,10,0.25,3,QBM-SYN,-23.0,-23.0,True,1.507707999962804,0.05316599992966076,0.4339622641509434,0.4339622641509434,False,True,0.0,True
low_overlap,40,10,0.25,4,QBM-SYN,-23.0,-23.0,True,2.180000000066684,0.053792000016983366,0.4339622641509434,0.4339622641509434,False,True,0.0,True
low_overlap,40,16,0.4,0,QBM-SYN,-34.0,-34.0,True,1.0952090000273529,0.07995800001481257,0.6415094339622641,0.6415094339622641,False,True,0.0,True
low_overlap,40,16,0.4,1,QBM-SYN,-32.0,-32.0,True,2.062000000023545,0.08141700004671293,0.6037735849056604,0.6037735849056604,False,True,0.0,True
low_overlap,40,16,0.4,2,QBM-SYN,-33.0,-33.0,True,1.0185000001001754,0.08395800000471354,0.6226415094339622,0.6226415094339622,False,True,0.0,True
low_overlap,40,16,0.4,3,QBM-SYN,-32.0,-32.0,True,1.0843750000049113,0.08224999999129068,0.6037735849056604,0.6037735849056604,False,True,0.0,True
low_overlap,40,16,0.4,4,QBM-SYN,-32.0,-32.0,True,1.551500000005035,0.08120899997265951,0.6037735849056604,0.6037735849056604,False,True,0.0,True
low_overlap,50,8,0.15,0,QBM-SYN,-20.0,-20.0,True,2.1728340000208846,0.048207999952865066,0.29850746268656714,0.29850746268656714,False,True,0.0,True
low_overlap,50,8,0.15,1,QBM-SYN,-22.0,-22.0,True,1.186042000085763,0.046499999939442205,0.3283582089552239,0.3283582089552239,False,True,0.0,True
low_overlap,50,8,0.15,2,QBM-SYN,-22.0,-22.0,True,2.2755830000278365,0.04899999998997373,0.3283582089552239,0.3283582089552239,False,True,0.0,True
low_overlap,50,8,0.15,3,QBM-SYN,-19.0,-19.0,True,2.310792000002948,0.046999999995023245,0.2835820895522388,0.2835820895522388,False,True,0.0,True
low_overlap,50,8,0.15,4,QBM-SYN,-19.0,-19.0,True,2.0941249999850697,0.047957999981917965,0.2835820895522388,0.2835820895522388,False,True,0.0,True
low_overlap,50,12,0.25,0,QBM-SYN,-28.0,-28.0,True,2.083290999962628,0.06883399998969253,0.417910447761194,0.417910447761194,False,True,0.0,True
low_overlap,50,12,0.25,1,QBM-SYN,-30.0,-30.0,True,1.4613749999625725,0.06875000008221832,0.44776119402985076,0.44776119402985076,False,True,0.0,True
low_overlap,50,12,0.25,2,QBM-SYN,-30.0,-30.0,True,1.4898340000399912,0.06708399996568915,0.44776119402985076,0.44776119402985076,False,True,0.0,True
low_overlap,50,12,0.25,3,QBM-SYN,-27.0,-27.0,True,2.199249999989661,0.07079099998463789,0.40298507462686567,0.40298507462686567,False,True,0.0,True
low_overlap,50,12,0.25,4,QBM-SYN,-27.0,-27.0,True,1.9938749999255378,0.06725000002916204,0.40298507462686567,0.40298507462686567,False,True,0.0,True
low_overlap,50,20,0.4,0,QBM-SYN,-40.0,-40.0,True,1.8974999999272768,0.10962500005007314,0.5970149253731343,0.5970149253731343,False,True,0.0,True
low_overlap,50,20,0.4,1,QBM-SYN,-42.0,-42.0,True,1.2496670000246013,0.10687499991490768,0.6268656716417911,0.6268656716417911,False,True,0.0,True
low_overlap,50,20,0.4,2,QBM-SYN,-46.0,-46.0,True,1.5183330000354545,0.10783400000491383,0.6865671641791045,0.6865671641791045,False,True,0.0,True
low_overlap,50,20,0.4,3,QBM-SYN,-38.0,-38.0,True,1.4362920001076418,0.10783400000491383,0.5671641791044776,0.5671641791044776,False,True,0.0,True
low_overlap,50,20,0.4,4,QBM-SYN,-42.0,-42.0,True,1.8244999999978972,0.10962500005007314,0.6268656716417911,0.6268656716417911,False,True,0.0,True
low_overlap,66,10,0.15,0,QBM-SYN,-24.0,-24.0,True,1.4717500000642758,0.06725000002916204,0.2727272727272727,0.2727272727272727,False,True,0.0,True
low_overlap,66,10,0.15,1,QBM-SYN,-23.0,-23.0,True,2.290667000011126,0.06779199998163676,0.26136363636363635,0.26136363636363635,False,True,0.0,True
low_overlap,66,10,0.15,2,QBM-SYN,-25.0,-25.0,True,1.7834999999877255,0.06637499996031693,0.2840909090909091,0.2840909090909091,False,True,0.0,True
low_overlap,66,10,0.15,3,QBM-SYN,-22.0,-22.0,True,2.1935840001106044,0.06737500007147901,0.25,0.25,False,True,0.0,True
low_overlap,66,10,0.15,4,QBM-SYN,-25.0,-25.0,True,2.1797919999926307,0.06804199995258386,0.2840909090909091,0.2840909090909091,False,True,0.0,True
low_overlap,66,16,0.25,0,QBM-SYN,-36.0,-36.0,True,1.8521250000276268,0.11433300005592173,0.4090909090909091,0.4090909090909091,False,True,0.0,True
low_overlap,66,16,0.25,1,QBM-SYN,-35.0,-35.0,True,2.142207999895618,0.10583300002053875,0.3977272727272727,0.3977272727272727,False,True,0.0,True
low_overlap,66,16,0.25,2,QBM-SYN,-37.0,-37.0,True,2.240790999962883,0.112333999936709,0.42045454545454547,0.42045454545454547,False,True,0.0,True
low_overlap,66,16,0.25,3,QBM-SYN,-34.0,-34.0,True,2.0250420000138547,0.10983300001043972,0.38636363636363635,0.38636363636363635,False,True,0.0,True
low_overlap,66,16,0.25,4,QBM-SYN,-37.0,-37.0,True,1.6210000000000946,0.11241599997902085,0.42045454545454547,0.42045454545454547,False,True,0.0,True
low_overlap,66,26,0.4,0,QBM-SYN,-54.0,-54.0,True,1.9702079999888156,0.17154199997548858,0.6136363636363636,0.6136363636363636,False,True,0.0,True
low_overlap,66,26,0.4,1,QBM-SYN,-52.0,-52.0,True,1.572084000031282,0.16962500001227454,0.5909090909090909,0.5909090909090909,False,True,0.0,True
low_overlap,66,26,0.4,2,QBM-SYN,-57.0,-56.0,True,1.8861660000766278,0.16241600008015666,0.6477272727272727,0.6363636363636364,False,True,0.017543859649122806,False
low_overlap,66,26,0.4,3,QBM-SYN,-50.0,-50.0,True,1.8634999998994317,0.1713749999225911,0.5681818181818182,0.5681818181818182,False,True,0.0,True
low_overlap,66,26,0.4,4,QBM-SYN,-52.0,-51.0,True,1.2984999999616775,0.16174999996110273,0.5909090909090909,0.5795454545454546,False,True,0.019230769230769232,False
high_overlap,10,2,0.15,0,QBM-SYN,-11.0,-11.0,True,2.8210000000399305,0.01245800001470343,0.8461538461538461,0.8461538461538461,False,True,0.0,True
high_overlap,10,2,0.15,1,QBM-SYN,-11.0,-11.0,True,2.812707999964914,0.011874999927385943,0.8461538461538461,0.8461538461538461,False,True,0.0,True
high_overlap,10,2,0.15,2,QBM-SYN,-10.0,-10.0,True,2.9377500000009604,0.01258399993275816,0.7692307692307693,0.7692307692307693,False,True,0.0,True
high_overlap,10,2,0.15,3,QBM-SYN,-9.0,-9.0,True,3.0717500000037035,0.0125830000570204,0.6923076923076923,0.6923076923076923,False,True,0.0,True
high_overlap,10,2,0.15,4,QBM-SYN,-9.0,-9.0,True,2.8708749999850625,0.012582999943333562,0.6923076923076923,0.6923076923076923,False,True,0.0,True
high_overlap,10,2,0.25,0,QBM-SYN,-11.0,-11.0,True,2.875457999948594,0.012083000001439359,0.8461538461538461,0.8461538461538461,False,True,0.0,True
high_overlap,10,2,0.25,1,QBM-SYN,-11.0,-11.0,True,2.8412089999392265,0.011833000030492258,0.8461538461538461,0.8461538461538461,False,True,0.0,True
high_overlap,10,2,0.25,2,QBM-SYN,-10.0,-10.0,True,2.8787500000362343,0.013707999983125774,0.7692307692307693,0.7692307692307693,False,True,0.0,True
high_overlap,10,2,0.25,3,QBM-SYN,-9.0,-9.0,True,3.0961659999775293,0.013207999927544734,0.6923076923076923,0.6923076923076923,False,True,0.0,True
high_overlap,10,2,0.25,4,QBM-SYN,-9.0,-9.0,True,2.9064579999840134,0.012624999953914084,0.6923076923076923,0.6923076923076923,False,True,0.0,True
high_overlap,10,4,0.4,0,QBM-SYN,-13.0,-13.0,True,2.7145829999426496,0.019624999936240783,1.0,1.0,False,True,0.0,True
high_overlap,10,4,0.4,1,QBM-SYN,-13.0,-13.0,True,2.7624589999959426,0.01925000003666355,1.0,1.0,False,True,0.0,True
high_overlap,10,4,0.4,2,QBM-SYN,-13.0,-12.0,True,2.7175000000170257,0.01958399991508486,1.0,0.9230769230769231,False,True,0.07692307692307693,False
high_overlap,10,4,0.4,3,QBM-SYN,-13.0,-13.0,True,2.737582999998267,0.019167000004927104,1.0,1.0,False,True,0.0,True
high_overlap,10,4,0.4,4,QBM-SYN,-12.0,-12.0,True,2.739500000075168,0.019041999962610134,0.9230769230769231,0.9230769230769231,False,True,0.0,True
high_overlap,16,2,0.15,0,QBM-SYN,-18.0,-18.0,True,2.577917000053276,0.012874999924861186,0.8571428571428571,0.8571428571428571,False,True,0.0,True
high_overlap,16,2,0.15,1,QBM-SYN,-18.0,-18.0,True,3.352042000074107,0.01474999999118154,0.8571428571428571,0.8571428571428571,False,True,0.0,True
high_overlap,16,2,0.15,2,QBM-SYN,-17.0,-17.0,True,8.293834000028255,0.014040999985809322,0.8095238095238095,0.8095238095238095,False,True,0.0,True
high_overlap,16,2,0.15,3,QBM-SYN,-15.0,-15.0,True,4.4761249999965,0.014374999977917469,0.7142857142857143,0.7142857142857143,False,True,0.0,True
high_overlap,16,2,0.15,4,QBM-SYN,-16.0,-16.0,True,6.7445000000816435,0.013999999964653398,0.7619047619047619,0.7619047619047619,False,True,0.0,True
high_overlap,16,4,0.25,0,QBM-SYN,-21.0,-21.0,True,5.778792000000976,0.02154200001314166,1.0,1.0,False,True,0.0,True
high_overlap,16,4,0.25,1,QBM-SYN,-21.0,-21.0,True,5.997874999934538,0.022375000071406248,1.0,1.0,False,True,0.0,True
high_overlap,16,4,0.25,2,QBM-SYN,-21.0,-21.0,True,3.115374999993037,0.023124999984247552,1.0,1.0,False,True,0.0,True
high_overlap,16,4,0.25,3,QBM-SYN,-20.0,-19.0,True,2.6756659999591648,0.021250000031614036,0.9523809523809523,0.9047619047619048,False,True,0.05,False
high_overlap,16,4,0.25,4,QBM-SYN,-21.0,-20.0,True,2.8905829999530397,0.021250000031614036,1.0,0.9523809523809523,False,True,0.047619047619047616,False
high_overlap,16,6,0.4,0,QBM-SYN,-21.0,-21.0,True,5.785457999991195,0.024625000037303835,1.0,1.0,False,True,0.0,True
high_overlap,16,6,0.4,1,QBM-SYN,-21.0,-21.0,True,5.806542000073023,0.020832999894082604,1.0,1.0,False,True,0.0,True
high_overlap,16,6,0.4,2,QBM-SYN,-21.0,-21.0,True,3.0223339999793097,0.026542000000517874,1.0,1.0,False,True,0.0,True
high_overlap,16,6,0.4,3,QBM-SYN,-21.0,-21.0,True,2.529834000029041,0.02883300010125822,1.0,1.0,False,True,0.0,True
high_overlap,16,6,0.4,4,QBM-SYN,-21.0,-21.0,True,2.5441249999857973,0.02687500000320142,1.0,1.0,False,True,0.0,True
high_overlap,22,3,0.15,0,QBM-SYN,-25.0,-25.0,True,22.686042000032103,0.02070800007913931,0.8620689655172413,0.8620689655172413,False,True,0.0,True
high_overlap,22,3,0.15,1,QBM-SYN,-26.0,-25.0,True,19.70608400006313,0.02083399999719404,0.896551724137931,0.8620689655172413,False,True,0.038461538461538464,False
high_overlap,22,3,0.15,2,QBM-SYN,-28.0,-28.0,True,14.214999999921929,0.02058300003682234,0.9655172413793104,0.9655172413793104,False,True,0.0,True
high_overlap,22,3,0.15,3,QBM-SYN,-28.0,-27.0,True,9.88275000008798,0.01937500007898052,0.9655172413793104,0.9310344827586207,False,True,0.03571428571428571,False
high_overlap,22,3,0.15,4,QBM-SYN,-26.0,-25.0,True,13.230207999981758,0.018082999986290815,0.896551724137931,0.8620689655172413,False,True,0.038461538461538464,False
high_overlap,22,6,0.25,0,QBM-SYN,-29.0,-29.0,True,4.453709000017625,0.032375000046158675,1.0,1.0,False,True,0.0,True
high_overlap,22,6,0.25,1,QBM-SYN,-29.0,-29.0,True,11.944291999952839,0.03170899992710474,1.0,1.0,False,True,0.0,True
high_overlap,22,6,0.25,2,QBM-SYN,-29.0,-29.0,True,6.101708999949551,0.02783299999009614,1.0,1.0,False,True,0.0,True
high_overlap,22,6,0.25,3,QBM-SYN,-29.0,-29.0,True,11.70262499999808,0.0290420000510494,1.0,1.0,False,True,0.0,True
high_overlap,22,6,0.25,4,QBM-SYN,-29.0,-29.0,True,8.365750000052685,0.03154099999846949,1.0,1.0,False,True,0.0,True
high_overlap,22,9,0.4,0,QBM-SYN,-29.0,-29.0,True,2.597749999949883,0.0307089999296295,1.0,1.0,False,True,0.0,True
high_overlap,22,9,0.4,1,QBM-SYN,-29.0,-29.0,True,11.516416999938883,0.03279200007000327,1.0,1.0,False,True,0.0,True
high_overlap,22,9,0.4,2,QBM-SYN,-29.0,-29.0,True,6.2275420000332815,0.027417000069362985,1.0,1.0,False,True,0.0,True
high_overlap,22,9,0.4,3,QBM-SYN,-29.0,-29.0,True,11.648250000007465,0.02879099997699086,1.0,1.0,False,True,0.0,True
high_overlap,22,9,0.4,4,QBM-SYN,-29.0,-29.0,True,8.13299999992978,0.029416999950626632,1.0,1.0,False,True,0.0,True
high_overlap,30,4,0.15,0,QBM-SYN,-40.0,-39.0,True,33.33654200002911,0.02658299990798696,1.0,0.975,False,True,0.025,False
high_overlap,30,4,0.15,1,QBM-SYN,-40.0,-40.0,True,27.169291000063822,0.025791999973989732,1.0,1.0,False,True,0.0,True
high_overlap,30,4,0.15,2,QBM-SYN,-40.0,-39.0,True,25.536958999964554,0.025709000055940123,1.0,0.975,False,True,0.025,False
high_overlap,30,4,0.15,3,QBM-SYN,-40.0,-40.0,True,17.60087500008467,0.02554100001361803,1.0,1.0,False,True,0.0,True
high_overlap,30,4,0.15,4,QBM-SYN,-40.0,-39.0,True,19.614707999949132,0.024874999894564098,1.0,0.975,False,True,0.025,False
high_overlap,30,8,0.25,0,QBM-SYN,-40.0,-40.0,True,15.665084000033858,0.03354099999341997,1.0,1.0,False,True,0.0,True
high_overlap,30,8,0.25,1,QBM-SYN,-40.0,-40.0,True,23.01629100008995,0.02916599999025493,1.0,1.0,False,True,0.0,True
high_overlap,30,8,0.25,2,QBM-SYN,-40.0,-40.0,True,22.114583000075072,0.035042000035900855,1.0,1.0,False,True,0.0,True
high_overlap,30,8,0.25,3,QBM-SYN,-40.0,-40.0,True,11.9035420000273,0.028832999987571384,1.0,1.0,False,True,0.0,True
high_overlap,30,8,0.25,4,QBM-SYN,-40.0,-40.0,True,14.075584000011077,0.03458300000147574,1.0,1.0,False,True,0.0,True
high_overlap,30,12,0.4,0,QBM-SYN,-40.0,-40.0,True,15.520000000037726,0.03424999999879219,1.0,1.0,False,True,0.0,True
high_overlap,30,12,0.4,1,QBM-SYN,-40.0,-40.0,True,22.837667000089823,0.028207999889673374,1.0,1.0,False,True,0.0,True
high_overlap,30,12,0.4,2,QBM-SYN,-40.0,-40.0,True,21.987834000015027,0.03279099996689183,1.0,1.0,False,True,0.0,True
high_overlap,30,12,0.4,3,QBM-SYN,-40.0,-40.0,True,11.688874999890686,0.029583000014099525,1.0,1.0,False,True,0.0,True
high_overlap,30,12,0.4,4,QBM-SYN,-40.0,-40.0,True,14.253707999955623,0.030374999937521352,1.0,1.0,False,True,0.0,True
high_overlap,40,6,0.15,0,QBM-SYN,-53.0,-53.0,True,27.422874999956548,0.030874999993102392,1.0,1.0,False,True,0.0,True
high_overlap,40,6,0.15,1,QBM-SYN,-53.0,-53.0,True,29.337875000010172,0.03733299990926753,1.0,1.0,False,True,0.0,True
high_overlap,40,6,0.15,2,QBM-SYN,-53.0,-53.0,True,29.839375000051405,0.033791999953791674,1.0,1.0,False,True,0.0,True
high_overlap,40,6,0.15,3,QBM-SYN,-53.0,-53.0,True,36.836624999978085,0.03095800002483884,1.0,1.0,False,True,0.0,True
high_overlap,40,6,0.15,4,QBM-SYN,-53.0,-53.0,True,19.063874999915242,0.035625000009531504,1.0,1.0,False,True,0.0,True
high_overlap,40,10,0.25,0,QBM-SYN,-53.0,-53.0,True,21.468124999955762,0.032250000003841706,1.0,1.0,False,True,0.0,True
high_overlap,40,10,0.25,1,QBM-SYN,-53.0,-53.0,True,26.71704099998351,0.03812500006006303,1.0,1.0,False,True,0.0,True
high_overlap,40,10,0.25,2,QBM-SYN,-53.0,-53.0,True,28.44374999995125,0.03829099989616225,1.0,1.0,False,True,0.0,True
high_overlap,40,10,0.25,3,QBM-SYN,-53.0,-53.0,True,32.72912499994618,0.03566600003068743,1.0,1.0,False,True,0.0,True
high_overlap,40,10,0.25,4,QBM-SYN,-53.0,-53.0,True,18.707958000049985,0.04275000003417517,1.0,1.0,False,True,0.0,True
high_overlap,40,16,0.4,0,QBM-SYN,-53.0,-53.0,True,22.086917000024187,0.036708000038743194,1.0,1.0,False,True,0.0,True
high_overlap,40,16,0.4,1,QBM-SYN,-53.0,-53.0,True,27.01583300006405,0.040457999944010226,1.0,1.0,False,True,0.0,True
high_overlap,40,16,0.4,2,QBM-SYN,-53.0,-53.0,True,27.72508399993967,0.04100000001017179,1.0,1.0,False,True,0.0,True
high_overlap,40,16,0.4,3,QBM-SYN,-53.0,-53.0,True,31.617583999945964,0.03691599999910977,1.0,1.0,False,True,0.0,True
high_overlap,40,16,0.4,4,QBM-SYN,-53.0,-53.0,True,18.29533399995853,0.03674999993563688,1.0,1.0,False,True,0.0,True
high_overlap,50,8,0.15,0,QBM-SYN,-67.0,-67.0,True,39.15083300000788,0.04275000003417517,1.0,1.0,False,True,0.0,True
high_overlap,50,8,0.15,1,QBM-SYN,-67.0,-67.0,True,60.08870799996657,0.041667000004963484,1.0,1.0,False,True,0.0,True
high_overlap,50,8,0.15,2,QBM-SYN,-67.0,-67.0,True,32.15016700005435,0.042042000018227554,1.0,1.0,False,True,0.0,True
high_overlap,50,8,0.15,3,QBM-SYN,-67.0,-67.0,True,15.348291999998764,0.03687499997795385,1.0,1.0,False,True,0.0,True
high_overlap,50,8,0.15,4,QBM-SYN,-67.0,-67.0,True,32.36483299997417,0.04366600001048937,1.0,1.0,False,True,0.0,True
high_overlap,50,12,0.25,0,QBM-SYN,-67.0,-67.0,True,39.22408300002189,0.039375000028485374,1.0,1.0,False,True,0.0,True
high_overlap,50,12,0.25,1,QBM-SYN,-67.0,-67.0,True,60.07308300002023,0.04037500002596062,1.0,1.0,False,True,0.0,True
high_overlap,50,12,0.25,2,QBM-SYN,-67.0,-67.0,True,32.30925000002571,0.040958999989015865,1.0,1.0,False,True,0.0,True
high_overlap,50,12,0.25,3,QBM-SYN,-67.0,-67.0,True,15.34395900000618,0.03987499997037958,1.0,1.0,False,True,0.0,True
high_overlap,50,12,0.25,4,QBM-SYN,-67.0,-67.0,True,32.63154199999008,0.04150000006575283,1.0,1.0,False,True,0.0,True
high_overlap,50,20,0.4,0,QBM-SYN,-67.0,-67.0,True,39.310875000069245,0.03920799997558788,1.0,1.0,False,True,0.0,True
high_overlap,50,20,0.4,1,QBM-SYN,-67.0,-67.0,True,60.137249999911546,0.039375000028485374,1.0,1.0,False,True,0.0,True
high_overlap,50,20,0.4,2,QBM-SYN,-67.0,-67.0,True,32.11616700002651,0.03558299999895098,1.0,1.0,False,True,0.0,True
high_overlap,50,20,0.4,3,QBM-SYN,-67.0,-67.0,True,15.189290999956029,0.037791999943692645,1.0,1.0,False,True,0.0,True
high_overlap,50,20,0.4,4,QBM-SYN,-67.0,-67.0,True,32.48566599995684,0.039167000068118796,1.0,1.0,False,True,0.0,True
high_overlap,66,10,0.15,0,QBM-SYN,-88.0,-88.0,True,82.8974589999234,0.07920799998828443,1.0,1.0,False,True,0.0,True
high_overlap,66,10,0.15,1,QBM-SYN,-88.0,-88.0,True,46.96416699994188,0.05241700000624405,1.0,1.0,False,True,0.0,True
high_overlap,66,10,0.15,2,QBM-SYN,-88.0,-88.0,True,64.68250000000353,0.046624999981759174,1.0,1.0,False,True,0.0,True
high_overlap,66,10,0.15,3,QBM-SYN,-88.0,-88.0,True,65.28045799996107,0.06912499998179555,1.0,1.0,False,True,0.0,True
high_overlap,66,10,0.15,4,QBM-SYN,-88.0,-88.0,True,77.72945800002162,0.08275000004687172,1.0,1.0,False,True,0.0,True
high_overlap,66,16,0.25,0,QBM-SYN,-88.0,-88.0,True,83.48845800003346,0.0665000000026339,1.0,1.0,False,True,0.0,True
high_overlap,66,16,0.25,1,QBM-SYN,-88.0,-88.0,True,47.21012499999233,0.05258399994545471,1.0,1.0,False,True,0.0,True
high_overlap,66,16,0.25,2,QBM-SYN,-88.0,-88.0,True,65.1792909999358,0.04516700005297025,1.0,1.0,False,True,0.0,True
high_overlap,66,16,0.25,3,QBM-SYN,-88.0,-88.0,True,66.06250000004366,0.05258399994545471,1.0,1.0,False,True,0.0,True
high_overlap,66,16,0.25,4,QBM-SYN,-88.0,-88.0,True,78.65566700002091,0.09249999993699021,1.0,1.0,False,True,0.0,True
high_overlap,66,26,0.4,0,QBM-SYN,-88.0,-88.0,True,83.55958399999963,0.049666999984765425,1.0,1.0,False,True,0.0,True
high_overlap,66,26,0.4,1,QBM-SYN,-88.0,-88.0,True,47.053459000039766,0.0892909999947733,1.0,1.0,False,True,0.0,True
high_overlap,66,26,0.4,2,QBM-SYN,-88.0,-88.0,True,64.6592910001118,0.045791999923494586,1.0,1.0,False,True,0.0,True
high_overlap,66,26,0.4,3,QBM-SYN,-88.0,-88.0,True,65.48966699995162,0.045999999997548,1.0,1.0,False,True,0.0,True
high_overlap,66,26,0.4,4,QBM-SYN,-88.0,-88.0,True,79.07579100003659,0.08937500001593435,1.0,1.0,False,True,0.0,True
clustered,10,2,0.15,0,QBM-SYN,-9.0,-9.0,True,3.161125000019638,0.01912499999434658,0.6923076923076923,0.6923076923076923,False,True,0.0,True
clustered,10,2,0.15,1,QBM-SYN,-6.0,-6.0,True,2.9258749999598876,0.014000000078340236,0.46153846153846156,0.46153846153846156,False,True,0.0,True
clustered,10,2,0.15,2,QBM-SYN,-8.0,-8.0,True,2.9119999999238644,0.012541999922177638,0.6153846153846154,0.6153846153846154,False,True,0.0,True
clustered,10,2,0.15,3,QBM-SYN,-9.0,-9.0,True,3.0255410000563643,0.012083000001439359,0.6923076923076923,0.6923076923076923,False,True,0.0,True
clustered,10,2,0.15,4,QBM-SYN,-10.0,-10.0,True,3.002874999992855,0.011542000038389233,0.7692307692307693,0.7692307692307693,False,True,0.0,True
clustered,10,2,0.25,0,QBM-SYN,-9.0,-9.0,True,2.976708000005601,0.011416000006647664,0.6923076923076923,0.6923076923076923,False,True,0.0,True
clustered,10,2,0.25,1,QBM-SYN,-6.0,-6.0,True,2.907916999902227,0.015583000049446127,0.46153846153846156,0.46153846153846156,False,True,0.0,True
clustered,10,2,0.25,2,QBM-SYN,-8.0,-8.0,True,2.9832920000671947,0.013208999916969333,0.6153846153846154,0.6153846153846154,False,True,0.0,True
clustered,10,2,0.25,3,QBM-SYN,-9.0,-9.0,True,3.0457920000799277,0.01233299997238646,0.6923076923076923,0.6923076923076923,False,True,0.0,True
clustered,10,2,0.25,4,QBM-SYN,-10.0,-10.0,True,3.025666999974419,0.011999999969702912,0.7692307692307693,0.7692307692307693,False,True,0.0,True
clustered,10,4,0.4,0,QBM-SYN,-12.0,-12.0,True,2.76708299998063,0.019583000039347098,0.9230769230769231,0.9230769230769231,False,True,0.0,True
clustered,10,4,0.4,1,QBM-SYN,-10.0,-10.0,True,2.74412500004928,0.01950000000761065,0.7692307692307693,0.7692307692307693,False,True,0.0,True
clustered,10,4,0.4,2,QBM-SYN,-12.0,-12.0,True,2.7627499999880456,0.019708000081664068,0.9230769230769231,0.9230769230769231,False,True,0.0,True
clustered,10,4,0.4,3,QBM-SYN,-12.0,-12.0,True,2.7590839999902528,0.019292000047244073,0.9230769230769231,0.9230769230769231,False,True,0.0,True
clustered,10,4,0.4,4,QBM-SYN,-13.0,-13.0,True,0.31129199999213597,0.019415999986449606,1.0,1.0,False,True,0.0,True
clustered,16,2,0.15,0,QBM-SYN,-10.0,-10.0,True,2.569166999933259,0.012665999975070008,0.47619047619047616,0.47619047619047616,False,True,0.0,True
clustered,16,2,0.15,1,QBM-SYN,-11.0,-11.0,True,2.6149579999810157,0.012459000004128029,0.5238095238095238,0.5238095238095238,False,True,0.0,True
clustered,16,2,0.15,2,QBM-SYN,-14.0,-14.0,True,2.594166999983827,0.012499999911597115,0.6666666666666666,0.6666666666666666,False,True,0.0,True
clustered,16,2,0.15,3,QBM-SYN,-10.0,-10.0,True,2.635499999996682,0.012083000001439359,0.47619047619047616,0.47619047619047616,False,True,0.0,True
clustered,16,2,0.15,4,QBM-SYN,-10.0,-10.0,True,2.5754170000027443,0.012374999982966983,0.47619047619047616,0.47619047619047616,False,True,0.0,True
clustered,16,4,0.25,0,QBM-SYN,-15.0,-15.0,True,5.432208999991417,0.021625000044878107,0.7142857142857143,0.7142857142857143,False,True,0.0,True
clustered,16,4,0.25,1,QBM-SYN,-18.0,-18.0,True,2.5872500000332366,0.02029199993103248,0.8571428571428571,0.8571428571428571,False,True,0.0,True
clustered,16,4,0.25,2,QBM-SYN,-18.0,-18.0,True,2.54725000002054,0.020166000012977747,0.8571428571428571,0.8571428571428571,False,True,0.0,True
clustered,16,4,0.25,3,QBM-SYN,-16.0,-16.0,True,2.6790000000573855,0.020625000047402864,0.7619047619047619,0.7619047619047619,False,True,0.0,True
clustered,16,4,0.25,4,QBM-SYN,-17.0,-17.0,True,2.552457999968283,0.020541000026241818,0.8095238095238095,0.8095238095238095,False,True,0.0,True
clustered,16,6,0.4,0,QBM-SYN,-19.0,-19.0,True,2.3652500000252985,0.028750000069521775,0.9047619047619048,0.9047619047619048,False,True,0.0,True
clustered,16,6,0.4,1,QBM-SYN,-21.0,-20.0,True,2.398583000058352,0.027790999979515618,1.0,0.9523809523809523,False,True,0.047619047619047616,False
clustered,16,6,0.4,2,QBM-SYN,-21.0,-21.0,True,2.378417000045374,0.03245899995363288,1.0,1.0,False,True,0.0,True
clustered,16,6,0.4,3,QBM-SYN,-21.0,-21.0,True,2.4204160000635966,0.02891700000873243,1.0,1.0,False,True,0.0,True
clustered,16,6,0.4,4,QBM-SYN,-20.0,-20.0,True,2.4057079999693087,0.028166999982204288,0.9523809523809523,0.9523809523809523,False,True,0.0,True
clustered,22,3,0.15,0,QBM-SYN,-18.0,-18.0,True,2.4705419999691003,0.019041999962610134,0.6206896551724138,0.6206896551724138,False,True,0.0,True
clustered,22,3,0.15,1,QBM-SYN,-17.0,-17.0,True,2.7296250000290456,0.018332999957237917,0.5862068965517241,0.5862068965517241,False,True,0.0,True
clustered,22,3,0.15,2,QBM-SYN,-15.0,-15.0,True,2.3709170000074664,0.01766700006555766,0.5172413793103449,0.5172413793103449,False,True,0.0,True
clustered,22,3,0.15,3,QBM-SYN,-18.0,-18.0,True,2.413125000089167,0.01887500002339948,0.6206896551724138,0.6206896551724138,False,True,0.0,True
clustered,22,3,0.15,4,QBM-SYN,-19.0,-19.0,True,2.4495000000115397,0.018332999957237917,0.6551724137931034,0.6551724137931034,False,True,0.0,True
clustered,22,6,0.25,0,QBM-SYN,-25.0,-24.0,True,2.414165999994111,0.03145899995615764,0.8620689655172413,0.8275862068965517,False,True,0.04,False
clustered,22,6,0.25,1,QBM-SYN,-25.0,-24.0,True,2.688124999963293,0.030666999919048976,0.8620689655172413,0.8275862068965517,False,True,0.04,False
clustered,22,6,0.25,2,QBM-SYN,-23.0,-23.0,True,2.366665999943507,0.030416000072364113,0.7931034482758621,0.7931034482758621,False,True,0.0,True
clustered,22,6,0.25,3,QBM-SYN,-26.0,-25.0,True,2.328499999975975,0.029958000027363596,0.896551724137931,0.8620689655172413,False,True,0.038461538461538464,False
clustered,22,6,0.25,4,QBM-SYN,-27.0,-27.0,True,2.356542000029549,0.029833000098733464,0.9310344827586207,0.9310344827586207,False,True,0.0,True
clustered,22,9,0.4,0,QBM-SYN,-28.0,-27.0,True,2.165874999946027,0.042042000018227554,0.9655172413793104,0.9310344827586207,False,True,0.03571428571428571,False
clustered,22,9,0.4,1,QBM-SYN,-29.0,-27.0,True,5.271666999988156,0.043624999989333446,1.0,0.9310344827586207,False,True,0.06896551724137931,False
clustered,22,9,0.4,2,QBM-SYN,-27.0,-27.0,True,2.199625000002925,0.04212499993627716,0.9310344827586207,0.9310344827586207,False,True,0.0,True
clustered,22,9,0.4,3,QBM-SYN,-29.0,-28.0,True,2.1570829999291163,0.04345900003954739,1.0,0.9655172413793104,False,True,0.034482758620689655,False
clustered,22,9,0.4,4,QBM-SYN,-29.0,-29.0,True,2.208709000001363,0.04158299998380244,1.0,1.0,False,True,0.0,True
clustered,30,4,0.15,0,QBM-SYN,-26.0,-25.0,True,6.000500000027387,0.02604100006919907,0.65,0.625,False,True,0.038461538461538464,False
clustered,30,4,0.15,1,QBM-SYN,-29.0,-28.0,True,6.205750000049193,0.02420800001345924,0.725,0.7,False,True,0.034482758620689655,False
clustered,30,4,0.15,2,QBM-SYN,-34.0,-34.0,True,2.3411669999404694,0.022542000010616903,0.85,0.85,False,True,0.0,True
clustered,30,4,0.15,3,QBM-SYN,-27.0,-27.0,True,8.118209000031129,0.026040999955512234,0.675,0.675,False,True,0.0,True
clustered,30,4,0.15,4,QBM-SYN,-28.0,-28.0,True,5.419082999992497,0.025290999928984093,0.7,0.7,False,True,0.0,True
clustered,30,8,0.25,0,QBM-SYN,-37.0,-36.0,True,25.22954200003369,0.039707999917482084,0.925,0.9,False,True,0.02702702702702703,False
clustered,30,8,0.25,1,QBM-SYN,-40.0,-39.0,True,5.796207999992475,0.04287500007649214,1.0,0.975,False,True,0.025,False
clustered,30,8,0.25,2,QBM-SYN,-40.0,-40.0,True,2.3877080000147544,0.04379200004223094,1.0,1.0,False,True,0.0,True
clustered,30,8,0.25,3,QBM-SYN,-39.0,-39.0,True,5.311042000016641,0.04283399994164938,0.975,0.975,False,True,0.0,True
clustered,30,8,0.25,4,QBM-SYN,-38.0,-38.0,True,14.052375000005668,0.04270800002359465,0.95,0.95,False,True,0.0,True
clustered,30,12,0.4,0,QBM-SYN,-40.0,-40.0,True,13.965332999987368,0.05816700002014841,1.0,1.0,False,True,0.0,True
clustered,30,12,0.4,1,QBM-SYN,-40.0,-40.0,True,5.434041000057732,0.048915999968812685,1.0,1.0,False,True,0.0,True
clustered,30,12,0.4,2,QBM-SYN,-40.0,-40.0,True,2.10954200008473,0.04295899998396635,1.0,1.0,False,True,0.0,True
clustered,30,12,0.4,3,QBM-SYN,-40.0,-40.0,True,2.1110420000240993,0.04708300002675969,1.0,1.0,False,True,0.0,True
clustered,30,12,0.4,4,QBM-SYN,-40.0,-40.0,True,6.226041999980225,0.0552080000488786,1.0,1.0,False,True,0.0,True
clustered,40,6,0.15,0,QBM-SYN,-46.0,-46.0,True,21.478958999978204,0.035166000088793226,0.8679245283018868,0.8679245283018868,False,True,0.0,True
clustered,40,6,0.15,1,QBM-SYN,-44.0,-44.0,True,6.150957999921047,0.03854099998079619,0.8301886792452831,0.8301886792452831,False,True,0.0,True
clustered,40,6,0.15,2,QBM-SYN,-44.0,-44.0,True,3.440292000050249,0.037084000041431864,0.8301886792452831,0.8301886792452831,False,True,0.0,True
clustered,40,6,0.15,3,QBM-SYN,-47.0,-47.0,True,2.494082999987768,0.03516599997510639,0.8867924528301887,0.8867924528301887,False,True,0.0,True
clustered,40,6,0.15,4,QBM-SYN,-46.0,-43.0,True,6.406125000012253,0.03641600005721557,0.8679245283018868,0.8113207547169812,False,True,0.06521739130434782,False
clustered,40,10,0.25,0,QBM-SYN,-53.0,-53.0,True,8.12949999999546,0.056209000035778445,1.0,1.0,False,True,0.0,True
clustered,40,10,0.25,1,QBM-SYN,-52.0,-52.0,True,4.522000000065418,0.054750000003878085,0.9811320754716981,0.9811320754716981,False,True,0.0,True
clustered,40,10,0.25,2,QBM-SYN,-53.0,-52.0,True,6.988500000034037,0.062375000084102794,1.0,0.9811320754716981,False,True,0.018867924528301886,False
clustered,40,10,0.25,3,QBM-SYN,-53.0,-53.0,True,2.3559580000664937,0.054750000003878085,1.0,1.0,False,True,0.0,True
clustered,40,10,0.25,4,QBM-SYN,-53.0,-53.0,True,14.138915999978963,0.053041999990455224,1.0,1.0,False,True,0.0,True
clustered,40,16,0.4,0,QBM-SYN,-53.0,-53.0,True,7.415458000082253,0.05683300003056502,1.0,1.0,False,True,0.0,True
clustered,40,16,0.4,1,QBM-SYN,-53.0,-53.0,True,2.603291999889734,0.06045800000720192,1.0,1.0,False,True,0.0,True
clustered,40,16,0.4,2,QBM-SYN,-53.0,-53.0,True,2.4786249999806387,0.06133299996236019,1.0,1.0,False,True,0.0,True
clustered,40,16,0.4,3,QBM-SYN,-53.0,-53.0,True,2.2011659999634503,0.057917000049201306,1.0,1.0,False,True,0.0,True
clustered,40,16,0.4,4,QBM-SYN,-53.0,-53.0,True,7.017542000085086,0.0588340000149401,1.0,1.0,False,True,0.0,True
clustered,50,8,0.15,0,QBM-SYN,-61.0,-60.0,True,55.29408300003524,0.04850000004807953,0.9104477611940298,0.8955223880597015,False,True,0.01639344262295082,False
clustered,50,8,0.15,1,QBM-SYN,-60.0,-60.0,True,92.4637090000715,0.047708000010970864,0.8955223880597015,0.8955223880597015,False,True,0.0,True
clustered,50,8,0.15,2,QBM-SYN,-60.0,-59.0,True,7.792582999968545,0.052083000014135905,0.8955223880597015,0.8805970149253731,False,True,0.016666666666666666,False
clustered,50,8,0.15,3,QBM-SYN,-61.0,-60.0,True,59.00758300003872,0.0496249999741849,0.9104477611940298,0.8955223880597015,False,True,0.01639344262295082,False
clustered,50,8,0.15,4,QBM-SYN,-59.0,-59.0,True,57.34858300002088,0.04774999990786455,0.8805970149253731,0.8805970149253731,False,True,0.0,True
clustered,50,12,0.25,0,QBM-SYN,-67.0,-67.0,True,14.847416999941743,0.07108400006927695,1.0,1.0,False,True,0.0,True
clustered,50,12,0.25,1,QBM-SYN,-67.0,-66.0,True,12.192250000111926,0.07016699998985132,1.0,0.9850746268656716,False,True,0.014925373134328358,False
clustered,50,12,0.25,2,QBM-SYN,-66.0,-65.0,True,10.052416000007725,0.06787500001337321,0.9850746268656716,0.9701492537313433,False,True,0.015151515151515152,False
clustered,50,12,0.25,3,QBM-SYN,-67.0,-67.0,True,34.620333000020764,0.0707500000771688,1.0,1.0,False,True,0.0,True
clustered,50,12,0.25,4,QBM-SYN,-67.0,-66.0,True,5.845334000014191,0.06958300002679607,1.0,0.9850746268656716,False,True,0.014925373134328358,False
clustered,50,20,0.4,0,QBM-SYN,-67.0,-67.0,True,13.606624999965788,0.07145799997942959,1.0,1.0,False,True,0.0,True
clustered,50,20,0.4,1,QBM-SYN,-67.0,-67.0,True,2.74237499991159,0.07649999997738632,1.0,1.0,False,True,0.0,True
clustered,50,20,0.4,2,QBM-SYN,-67.0,-67.0,True,5.548582999949758,0.09058299997377617,1.0,1.0,False,True,0.0,True
clustered,50,20,0.4,3,QBM-SYN,-67.0,-67.0,True,24.500708000005034,0.06554100002631458,1.0,1.0,False,True,0.0,True
clustered,50,20,0.4,4,QBM-SYN,-67.0,-67.0,True,5.098791000023084,0.0789169999961814,1.0,1.0,False,True,0.0,True
clustered,66,10,0.15,0,QBM-SYN,-83.0,-82.0,True,442.8483749999259,0.07016600000042672,0.9431818181818182,0.9318181818181818,False,True,0.012048192771084338,False
clustered,66,10,0.15,1,QBM-SYN,-80.0,-80.0,True,189.6955419999813,0.11008399997081142,0.9090909090909091,0.9090909090909091,False,True,0.0,True
clustered,66,10,0.15,2,QBM-SYN,-81.0,-80.0,True,479.71095800005514,0.0703749999502179,0.9204545454545454,0.9090909090909091,False,True,0.012345679012345678,False
clustered,66,10,0.15,3,QBM-SYN,-83.0,-81.0,True,286.5098749999788,0.12591699999120465,0.9431818181818182,0.9204545454545454,False,True,0.024096385542168676,False
clustered,66,10,0.15,4,QBM-SYN,-81.0,-79.0,True,316.53225000002294,0.12412500007030758,0.9204545454545454,0.8977272727272727,False,True,0.024691358024691357,False
clustered,66,16,0.25,0,QBM-SYN,-88.0,-88.0,True,38.063041000100384,0.14029100009338435,1.0,1.0,False,True,0.0,True
clustered,66,16,0.25,1,QBM-SYN,-88.0,-88.0,True,43.05020800006787,0.10829099994680291,1.0,1.0,False,True,0.0,True
clustered,66,16,0.25,2,QBM-SYN,-88.0,-87.0,True,35.78337499993722,0.09824999995089456,1.0,0.9886363636363636,False,True,0.011363636363636364,False
clustered,66,16,0.25,3,QBM-SYN,-88.0,-88.0,True,28.380125000012413,0.09299999999257125,1.0,1.0,False,True,0.0,True
clustered,66,16,0.25,4,QBM-SYN,-88.0,-88.0,True,47.73883299992576,0.16645900007006276,1.0,1.0,False,True,0.0,True
clustered,66,26,0.4,0,QBM-SYN,-88.0,-88.0,True,38.18358299997726,0.10129100007816305,1.0,1.0,False,True,0.0,True
clustered,66,26,0.4,1,QBM-SYN,-88.0,-88.0,True,42.73862499996994,0.18408300002192846,1.0,1.0,False,True,0.0,True
clustered,66,26,0.4,2,QBM-SYN,-88.0,-88.0,True,31.958541999983936,0.2178329999651396,1.0,1.0,False,True,0.0,True
clustered,66,26,0.4,3,QBM-SYN,-88.0,-88.0,True,28.581709000036426,0.09029199998167314,1.0,1.0,False,True,0.0,True
clustered,66,26,0.4,4,QBM-SYN,-88.0,-88.0,True,40.8417080000163,0.18775000000914588,1.0,1.0,False,True,0.0,True
sparse,10,2,0.15,0,QBM-SYN,-8.0,-8.0,True,2.8811670000550293,0.013332999969861703,0.6153846153846154,0.6153846153846154,False,True,0.0,True
sparse,10,2,0.15,1,QBM-SYN,-6.0,-6.0,True,3.2280829999535854,0.012249999940650014,0.46153846153846156,0.46153846153846156,False,True,0.0,True
sparse,10,2,0.15,2,QBM-SYN,-7.0,-7.0,True,2.9701670000576996,0.012042000093970273,0.5384615384615384,0.5384615384615384,False,True,0.0,True
sparse,10,2,0.15,3,QBM-SYN,-6.0,-6.0,True,3.3811660000537813,0.011582999945858319,0.46153846153846156,0.46153846153846156,False,True,0.0,True
sparse,10,2,0.15,4,QBM-SYN,-7.0,-7.0,True,3.0690830000139613,0.011792000009336334,0.5384615384615384,0.5384615384615384,False,True,0.0,True
sparse,10,2,0.25,0,QBM-SYN,-8.0,-8.0,True,2.929291999976158,0.011458000017228187,0.6153846153846154,0.6153846153846154,False,True,0.0,True
sparse,10,2,0.25,1,QBM-SYN,-6.0,-6.0,True,3.1473750000259315,0.011291999953755294,0.46153846153846156,0.46153846153846156,False,True,0.0,True
sparse,10,2,0.25,2,QBM-SYN,-7.0,-7.0,True,3.041166000002704,0.015333000078499026,0.5384615384615384,0.5384615384615384,False,True,0.0,True
sparse,10,2,0.25,3,QBM-SYN,-6.0,-6.0,True,3.4406669999498263,0.013125000009495125,0.46153846153846156,0.46153846153846156,False,True,0.0,True
sparse,10,2,0.25,4,QBM-SYN,-7.0,-7.0,True,3.070041000000856,0.015499999904022843,0.5384615384615384,0.5384615384615384,False,True,0.0,True
sparse,10,4,0.4,0,QBM-SYN,-12.0,-12.0,True,2.8044160000035845,0.02174999997350824,0.9230769230769231,0.9230769230769231,False,True,0.0,True
sparse,10,4,0.4,1,QBM-SYN,-10.0,-10.0,True,2.854958000057195,0.02020800002355827,0.7692307692307693,0.7692307692307693,False,True,0.0,True
sparse,10,4,0.4,2,QBM-SYN,-11.0,-11.0,True,2.7561669999158767,0.020625000047402864,0.8461538461538461,0.8461538461538461,False,True,0.0,True
sparse,10,4,0.4,3,QBM-SYN,-9.0,-9.0,True,3.2280000000355358,0.019790999999713677,0.6923076923076923,0.6923076923076923,False,True,0.0,True
sparse,10,4,0.4,4,QBM-SYN,-11.0,-11.0,True,2.7933329999996204,0.019749999978557753,0.8461538461538461,0.8461538461538461,False,True,0.0,True
sparse,16,2,0.15,0,QBM-SYN,-10.0,-10.0,True,2.695916999982728,0.015749999988656782,0.47619047619047616,0.47619047619047616,False,True,0.0,True
sparse,16,2,0.15,1,QBM-SYN,-8.0,-8.0,True,2.6579589999755626,0.014082999996389844,0.38095238095238093,0.38095238095238093,False,True,0.0,True
sparse,16,2,0.15,2,QBM-SYN,-8.0,-8.0,True,2.634916000033627,0.012749999996231054,0.38095238095238093,0.38095238095238093,False,True,0.0,True
sparse,16,2,0.15,3,QBM-SYN,-8.0,-8.0,True,2.7913750000152504,0.012625000067600922,0.38095238095238093,0.38095238095238093,False,True,0.0,True
sparse,16,2,0.15,4,QBM-SYN,-7.0,-7.0,True,2.817332999939026,0.012167000022600405,0.3333333333333333,0.3333333333333333,False,True,0.0,True
sparse,16,4,0.25,0,QBM-SYN,-14.0,-14.0,True,2.5812080000378046,0.02058300003682234,0.6666666666666666,0.6666666666666666,False,True,0.0,True
sparse,16,4,0.25,1,QBM-SYN,-13.0,-13.0,True,2.4670000000242,0.020000000063191692,0.6190476190476191,0.6190476190476191,False,True,0.0,True
sparse,16,4,0.25,2,QBM-SYN,-13.0,-13.0,True,2.499208000017461,0.02325000002656452,0.6190476190476191,0.6190476190476191,False,True,0.0,True
sparse,16,4,0.25,3,QBM-SYN,-12.0,-12.0,True,2.582291999942754,0.02116600001045299,0.5714285714285714,0.5714285714285714,False,True,0.0,True
sparse,16,4,0.25,4,QBM-SYN,-11.0,-11.0,True,0.7002090000014505,0.020667000057983387,0.5238095238095238,0.5238095238095238,False,True,0.0,True
sparse,16,6,0.4,0,QBM-SYN,-17.0,-17.0,True,2.3532090000344397,0.027749999958359695,0.8095238095238095,0.8095238095238095,False,True,0.0,True
sparse,16,6,0.4,1,QBM-SYN,-16.0,-16.0,True,2.3162500000353248,0.027875000000676664,0.7619047619047619,0.7619047619047619,False,True,0.0,True
sparse,16,6,0.4,2,QBM-SYN,-17.0,-17.0,True,2.2565839999515447,0.02745799997683207,0.8095238095238095,0.8095238095238095,False,True,0.0,True
sparse,16,6,0.4,3,QBM-SYN,-15.0,-15.0,True,2.3649999999406646,0.028042000053574156,0.7142857142857143,0.7142857142857143,False,True,0.0,True
sparse,16,6,0.4,4,QBM-SYN,-14.0,-14.0,True,1.714875000061511,0.02937499994004611,0.6666666666666666,0.6666666666666666,False,True,0.0,True
sparse,22,3,0.15,0,QBM-SYN,-12.0,-12.0,True,2.679833999991388,0.01791700003650476,0.41379310344827586,0.41379310344827586,False,True,0.0,True
sparse,22,3,0.15,1,QBM-SYN,-12.0,-12.0,True,1.4738750001015433,0.017207999917445704,0.41379310344827586,0.41379310344827586,False,True,0.0,True
sparse,22,3,0.15,2,QBM-SYN,-12.0,-12.0,True,2.383208999958697,0.018250000039188308,0.41379310344827586,0.41379310344827586,False,True,0.0,True
sparse,22,3,0.15,3,QBM-SYN,-12.0,-12.0,True,2.3746670000264203,0.017124999999396096,0.41379310344827586,0.41379310344827586,False,True,0.0,True
sparse,22,3,0.15,4,QBM-SYN,-11.0,-11.0,True,2.5656660000095144,0.017458000002079643,0.3793103448275862,0.3793103448275862,False,True,0.0,True
sparse,22,6,0.25,0,QBM-SYN,-18.0,-18.0,True,2.4988339999936215,0.029583000014099525,0.6206896551724138,0.6206896551724138,False,True,0.0,True
sparse,22,6,0.25,1,QBM-SYN,-19.0,-19.0,True,2.396374999989348,0.03012499996657425,0.6551724137931034,0.6551724137931034,False,True,0.0,True
sparse,22,6,0.25,2,QBM-SYN,-21.0,-21.0,True,2.249875000075008,0.029625000024680048,0.7241379310344828,0.7241379310344828,False,True,0.0,True
sparse,22,6,0.25,3,QBM-SYN,-21.0,-21.0,True,2.2782910000387346,0.03000000003794412,0.7241379310344828,0.7241379310344828,False,True,0.0,True
sparse,22,6,0.25,4,QBM-SYN,-18.0,-18.0,True,1.7424169999458172,0.03249999997478881,0.6206896551724138,0.6206896551724138,False,True,0.0,True
sparse,22,9,0.4,0,QBM-SYN,-21.0,-21.0,True,0.930792000076508,0.04524999997101986,0.7241379310344828,0.7241379310344828,False,True,0.0,True
sparse,22,9,0.4,1,QBM-SYN,-23.0,-23.0,True,2.1798749999106803,0.040833999946698896,0.7931034482758621,0.7931034482758621,False,True,0.0,True
sparse,22,9,0.4,2,QBM-SYN,-26.0,-26.0,True,2.0145409999940966,0.04112500005248876,0.896551724137931,0.896551724137931,False,True,0.0,True
sparse,22,9,0.4,3,QBM-SYN,-26.0,-26.0,True,2.01966600002379,0.04087500008154166,0.896551724137931,0.896551724137931,False,True,0.0,True
sparse,22,9,0.4,4,QBM-SYN,-22.0,-22.0,True,2.1280419999811784,0.041667000004963484,0.7586206896551724,0.7586206896551724,False,True,0.0,True
sparse,30,4,0.15,0,QBM-SYN,-17.0,-17.0,True,2.161834000048657,0.023166999994828075,0.425,0.425,False,True,0.0,True
sparse,30,4,0.15,1,QBM-SYN,-17.0,-17.0,True,2.205207999963932,0.022166999997352832,0.425,0.425,False,True,0.0,True
sparse,30,4,0.15,2,QBM-SYN,-21.0,-21.0,True,2.5453749999542197,0.0259170000163067,0.525,0.525,False,True,0.0,True
sparse,30,4,0.15,3,QBM-SYN,-20.0,-20.0,True,2.2455419999687365,0.023875000010775693,0.5,0.5,False,True,0.0,True
sparse,30,4,0.15,4,QBM-SYN,-17.0,-17.0,True,2.400500000021566,0.022665999949822435,0.425,0.425,False,True,0.0,True
sparse,30,8,0.25,0,QBM-SYN,-27.0,-27.0,True,2.131208000037077,0.04016600007616944,0.675,0.675,False,True,0.0,True
sparse,30,8,0.25,1,QBM-SYN,-27.0,-27.0,True,3.4474999999929423,0.041667000004963484,0.675,0.675,False,True,0.0,True
sparse,30,8,0.25,2,QBM-SYN,-31.0,-31.0,True,2.455290999932913,0.04283300006591162,0.775,0.775,False,True,0.0,True
sparse,30,8,0.25,3,QBM-SYN,-30.0,-30.0,True,2.2138749999385254,0.04054199996517127,0.75,0.75,False,True,0.0,True
sparse,30,8,0.25,4,QBM-SYN,-28.0,-28.0,True,2.2112499999593638,0.040457999944010226,0.7,0.7,False,True,0.0,True
sparse,30,12,0.4,0,QBM-SYN,-35.0,-35.0,True,1.9391250000353466,0.06062499994641257,0.875,0.875,False,True,0.0,True
sparse,30,12,0.4,1,QBM-SYN,-36.0,-34.0,True,1.9717089999176096,0.05929200005994062,0.9,0.85,False,True,0.05555555555555555,False
sparse,30,12,0.4,2,QBM-SYN,-36.0,-36.0,True,2.067417000034766,0.05758300005709316,0.9,0.9,False,True,0.0,True
sparse,30,12,0.4,3,QBM-SYN,-35.0,-35.0,True,2.0184999999628417,0.057999999967250915,0.875,0.875,False,True,0.0,True
sparse,30,12,0.4,4,QBM-SYN,-34.0,-34.0,True,1.974375000031614,0.05708300000151212,0.85,0.85,False,True,0.0,True
sparse,40,6,0.15,0,QBM-SYN,-31.0,-31.0,True,2.252541999951063,0.036958999999114894,0.5849056603773585,0.5849056603773585,False,True,0.0,True
sparse,40,6,0.15,1,QBM-SYN,-31.0,-31.0,True,2.327207999996972,0.03479099996184232,0.5849056603773585,0.5849056603773585,False,True,0.0,True
sparse,40,6,0.15,2,QBM-SYN,-33.0,-32.0,True,2.248417000032532,0.0360420000333761,0.6226415094339622,0.6037735849056604,False,True,0.030303030303030304,False
sparse,40,6,0.15,3,QBM-SYN,-33.0,-32.0,True,2.5685420000627346,0.03533300002800388,0.6226415094339622,0.6037735849056604,False,True,0.030303030303030304,False
sparse,40,6,0.15,4,QBM-SYN,-33.0,-33.0,True,2.1709580000788264,0.036582999996426224,0.6226415094339622,0.6226415094339622,False,True,0.0,True
sparse,40,10,0.25,0,QBM-SYN,-42.0,-42.0,True,2.2098749999486245,0.05420800005140336,0.7924528301886793,0.7924528301886793,False,True,0.0,True
sparse,40,10,0.25,1,QBM-SYN,-42.0,-41.0,True,2.280375000054846,0.06170899996504886,0.7924528301886793,0.7735849056603774,False,True,0.023809523809523808,False
sparse,40,10,0.25,2,QBM-SYN,-42.0,-41.0,True,2.166708999993716,0.05358400005661679,0.7924528301886793,0.7735849056603774,False,True,0.023809523809523808,False
sparse,40,10,0.25,3,QBM-SYN,-44.0,-41.0,True,2.384375000019645,0.053917000059300335,0.8301886792452831,0.7735849056603774,False,True,0.06818181818181818,False
sparse,40,10,0.25,4,QBM-SYN,-42.0,-42.0,True,2.163917000075344,0.056334000078095414,0.7924528301886793,0.7924528301886793,False,True,0.0,True
sparse,40,16,0.4,0,QBM-SYN,-50.0,-50.0,True,2.5123329999132693,0.08012500006771006,0.9433962264150944,0.9433962264150944,False,True,0.0,True
sparse,40,16,0.4,1,QBM-SYN,-50.0,-50.0,True,2.0275840000749668,0.0791669999671285,0.9433962264150944,0.9433962264150944,False,True,0.0,True
sparse,40,16,0.4,2,QBM-SYN,-50.0,-50.0,True,2.0671659999607073,0.08495800000218878,0.9433962264150944,0.9433962264150944,False,True,0.0,True
sparse,40,16,0.4,3,QBM-SYN,-51.0,-49.0,True,2.58179200000086,0.08554200007893087,0.9622641509433962,0.9245283018867925,False,True,0.0392156862745098,False
sparse,40,16,0.4,4,QBM-SYN,-51.0,-50.0,True,1.9981670000106533,0.08395800000471354,0.9622641509433962,0.9433962264150944,False,True,0.0196078431372549,False
sparse,50,8,0.15,0,QBM-SYN,-46.0,-45.0,True,2.461583000012979,0.04875000001902663,0.6865671641791045,0.6716417910447762,False,True,0.021739130434782608,False
sparse,50,8,0.15,1,QBM-SYN,-42.0,-42.0,True,29.65583399998195,0.049916000079974765,0.6268656716417911,0.6268656716417911,False,True,0.0,True
sparse,50,8,0.15,2,QBM-SYN,-46.0,-46.0,True,5.114583000022321,0.050875000056294084,0.6865671641791045,0.6865671641791045,False,True,0.0,True
sparse,50,8,0.15,3,QBM-SYN,-46.0,-46.0,True,9.391457999981867,0.05362499996408587,0.6865671641791045,0.6865671641791045,False,True,0.0,True
sparse,50,8,0.15,4,QBM-SYN,-45.0,-45.0,True,5.1565420000088125,0.052084000003560504,0.6716417910447762,0.6716417910447762,False,True,0.0,True
sparse,50,12,0.25,0,QBM-SYN,-58.0,-58.0,True,2.5674580000440983,0.0728329999901689,0.8656716417910447,0.8656716417910447,False,True,0.0,True
sparse,50,12,0.25,1,QBM-SYN,-54.0,-54.0,True,9.791250000034779,0.07758399999602261,0.8059701492537313,0.8059701492537313,False,True,0.0,True
sparse,50,12,0.25,2,QBM-SYN,-57.0,-56.0,True,2.440416999888839,0.07120899999790709,0.8507462686567164,0.835820895522388,False,True,0.017543859649122806,False
sparse,50,12,0.25,3,QBM-SYN,-57.0,-56.0,True,30.318332999968334,0.07183299999269366,0.8507462686567164,0.835820895522388,False,True,0.017543859649122806,False
sparse,50,12,0.25,4,QBM-SYN,-55.0,-54.0,True,9.972708000077546,0.07166599993979617,0.8208955223880597,0.8059701492537313,False,True,0.01818181818181818,False
sparse,50,20,0.4,0,QBM-SYN,-67.0,-66.0,True,2.2054999999454594,0.1142920000347658,1.0,0.9850746268656716,False,True,0.014925373134328358,False
sparse,50,20,0.4,1,QBM-SYN,-65.0,-64.0,True,2.88216600006308,0.11033299995233392,0.9701492537313433,0.9552238805970149,False,True,0.015384615384615385,False
sparse,50,20,0.4,2,QBM-SYN,-67.0,-65.0,True,2.13775000008809,0.10612500000206637,1.0,0.9701492537313433,False,True,0.029850746268656716,False
sparse,50,20,0.4,3,QBM-SYN,-67.0,-66.0,True,2.5557919999528167,0.10950000000775617,1.0,0.9850746268656716,False,True,0.014925373134328358,False
sparse,50,20,0.4,4,QBM-SYN,-65.0,-65.0,True,2.479791000041587,0.10695899993606872,0.9701492537313433,0.9701492537313433,False,True,0.0,True
sparse,66,10,0.15,0,QBM-SYN,-64.0,-64.0,True,82.7913330000456,0.07045799998195434,0.7272727272727273,0.7272727272727273,False,True,0.0,True
sparse,66,10,0.15,1,QBM-SYN,-66.0,-66.0,True,202.97887499998524,0.10570899996764638,0.75,0.75,False,True,0.0,True
sparse,66,10,0.15,2,QBM-SYN,-64.0,-63.0,True,68.89670800001113,0.07270900005096337,0.7272727272727273,0.7159090909090909,False,True,0.015625,False
sparse,66,10,0.15,3,QBM-SYN,-70.0,-68.0,True,100.08329100003266,0.07575000006454502,0.7954545454545454,0.7727272727272727,False,True,0.02857142857142857,False
sparse,66,10,0.15,4,QBM-SYN,-66.0,-65.0,True,86.18287499996313,0.07187500000327418,0.75,0.7386363636363636,False,True,0.015151515151515152,False
sparse,66,16,0.25,0,QBM-SYN,-80.0,-77.0,True,18.31908300005125,0.10545899999669928,0.9090909090909091,0.875,False,True,0.0375,False
sparse,66,16,0.25,1,QBM-SYN,-82.0,-82.0,True,55.95820799999274,0.10270799998579605,0.9318181818181818,0.9318181818181818,False,True,0.0,True
sparse,66,16,0.25,2,QBM-SYN,-79.0,-77.0,True,60.80558399992242,0.10741699998106924,0.8977272727272727,0.875,False,True,0.02531645569620253,False
sparse,66,16,0.25,3,QBM-SYN,-85.0,-85.0,True,120.19633299996713,0.1701670000784361,0.9659090909090909,0.9659090909090909,False,True,0.0,True
sparse,66,16,0.25,4,QBM-SYN,-81.0,-80.0,True,50.02470900001299,0.10770799997317226,0.9204545454545454,0.9090909090909091,False,True,0.012345679012345678,False
sparse,66,26,0.4,0,QBM-SYN,-88.0,-88.0,True,7.269040999972276,0.16145800009326194,1.0,1.0,False,True,0.0,True
sparse,66,26,0.4,1,QBM-SYN,-88.0,-88.0,True,8.527125000000524,0.13354100008200476,1.0,1.0,False,True,0.0,True
sparse,66,26,0.4,2,QBM-SYN,-88.0,-87.0,True,31.570291999969413,0.16333400003532006,1.0,0.9886363636363636,False,True,0.011363636363636364,False
sparse,66,26,0.4,3,QBM-SYN,-88.0,-88.0,True,55.13204200008204,0.12379199995393719,1.0,1.0,False,True,0.0,True
sparse,66,26,0.4,4,QBM-SYN,-88.0,-88.0,True,5.192708999970819,0.1407080000035421,1.0,1.0,False,True,0.0,True
dense,10,2,0.15,0,QBM-SYN,-13.0,-13.0,True,2.6424169999472724,0.012999999967178155,1.0,1.0,False,True,0.0,True
dense,10,2,0.15,1,QBM-SYN,-13.0,-13.0,True,5.960957999946004,0.015167000015026133,1.0,1.0,False,True,0.0,True
dense,10,2,0.15,2,QBM-SYN,-13.0,-13.0,True,2.7596660000881457,0.013082999998914602,1.0,1.0,False,True,0.0,True
dense,10,2,0.15,3,QBM-SYN,-13.0,-13.0,True,2.714459000003444,0.012208000043756329,1.0,1.0,False,True,0.0,True
dense,10,2,0.15,4,QBM-SYN,-13.0,-13.0,True,6.43020899997282,0.013624999951389327,1.0,1.0,False,True,0.0,True
dense,10,2,0.25,0,QBM-SYN,-13.0,-13.0,True,2.7038750000656364,0.01233399996181106,1.0,1.0,False,True,0.0,True
dense,10,2,0.25,1,QBM-SYN,-13.0,-13.0,True,5.880458999968141,0.015290999954231665,1.0,1.0,False,True,0.0,True
dense,10,2,0.25,2,QBM-SYN,-13.0,-13.0,True,2.678708000075858,0.013500000022759195,1.0,1.0,False,True,0.0,True
dense,10,2,0.25,3,QBM-SYN,-13.0,-13.0,True,2.72191599992766,0.012209000033180928,1.0,1.0,False,True,0.0,True
dense,10,2,0.25,4,QBM-SYN,-13.0,-13.0,True,6.435249999981352,0.014083999985814444,1.0,1.0,False,True,0.0,True
dense,10,4,0.4,0,QBM-SYN,-13.0,-13.0,True,2.5637080000251444,0.01608399998076493,1.0,1.0,False,True,0.0,True
dense,10,4,0.4,1,QBM-SYN,-13.0,-13.0,True,5.664417000048161,0.016166000023076776,1.0,1.0,False,True,0.0,True
dense,10,4,0.4,2,QBM-SYN,-13.0,-13.0,True,2.5887080000757123,0.01850000001013541,1.0,1.0,False,True,0.0,True
dense,10,4,0.4,3,QBM-SYN,-13.0,-13.0,True,2.609125000049062,0.016416999983448477,1.0,1.0,False,True,0.0,True
dense,10,4,0.4,4,QBM-SYN,-13.0,-13.0,True,6.74974999992628,0.01720900002055714,1.0,1.0,False,True,0.0,True
dense,16,2,0.15,0,QBM-SYN,-20.0,-20.0,True,7.994166999992558,0.01379100001486222,0.9523809523809523,0.9523809523809523,False,True,0.0,True
dense,16,2,0.15,1,QBM-SYN,-21.0,-21.0,True,7.8481250000095315,0.014458000009653915,1.0,1.0,False,True,0.0,True
dense,16,2,0.15,2,QBM-SYN,-21.0,-21.0,True,7.381583999972463,0.015583000049446127,1.0,1.0,False,True,0.0,True
dense,16,2,0.15,3,QBM-SYN,-21.0,-21.0,True,2.835874999959742,0.014416999988497992,1.0,1.0,False,True,0.0,True
dense,16,2,0.15,4,QBM-SYN,-20.0,-20.0,True,7.5211670000499,0.01550000001770968,0.9523809523809523,0.9523809523809523,False,True,0.0,True
dense,16,4,0.25,0,QBM-SYN,-21.0,-21.0,True,7.34179200003382,0.025124999979198037,1.0,1.0,False,True,0.0,True
dense,16,4,0.25,1,QBM-SYN,-21.0,-21.0,True,8.223458000088613,0.01912499999434658,1.0,1.0,False,True,0.0,True
dense,16,4,0.25,2,QBM-SYN,-21.0,-21.0,True,6.761082999901191,0.016167000012501376,1.0,1.0,False,True,0.0,True
dense,16,4,0.25,3,QBM-SYN,-21.0,-21.0,True,2.831458999935421,0.017208000031132542,1.0,1.0,False,True,0.0,True
dense,16,4,0.25,4,QBM-SYN,-21.0,-21.0,True,8.052249999991545,0.022791999981564004,1.0,1.0,False,True,0.0,True
dense,16,6,0.4,0,QBM-SYN,-21.0,-21.0,True,7.260459000008268,0.023333000058300968,1.0,1.0,False,True,0.0,True
dense,16,6,0.4,1,QBM-SYN,-21.0,-21.0,True,8.17325000002711,0.019249999922976713,1.0,1.0,False,True,0.0,True
dense,16,6,0.4,2,QBM-SYN,-21.0,-21.0,True,6.717500000036125,0.018457999999554886,1.0,1.0,False,True,0.0,True
dense,16,6,0.4,3,QBM-SYN,-21.0,-21.0,True,2.9015000000072177,0.01670900007866294,1.0,1.0,False,True,0.0,True
dense,16,6,0.4,4,QBM-SYN,-21.0,-21.0,True,8.13416700009384,0.02308299997366703,1.0,1.0,False,True,0.0,True
dense,22,3,0.15,0,QBM-SYN,-29.0,-29.0,True,13.119166000024052,0.019875000020874722,1.0,1.0,False,True,0.0,True
dense,22,3,0.15,1,QBM-SYN,-29.0,-29.0,True,12.23612499995852,0.02141699997082469,1.0,1.0,False,True,0.0,True
dense,22,3,0.15,2,QBM-SYN,-29.0,-29.0,True,5.670500000064749,0.021417000084511528,1.0,1.0,False,True,0.0,True
dense,22,3,0.15,3,QBM-SYN,-29.0,-29.0,True,6.986041999994086,0.021082999978716543,1.0,1.0,False,True,0.0,True
dense,22,3,0.15,4,QBM-SYN,-29.0,-29.0,True,13.858457999958773,0.021333999939088244,1.0,1.0,False,True,0.0,True
dense,22,6,0.25,0,QBM-SYN,-29.0,-29.0,True,13.48329199993259,0.0200839999706659,1.0,1.0,False,True,0.0,True
dense,22,6,0.25,1,QBM-SYN,-29.0,-29.0,True,12.557667000010042,0.02337500006888149,1.0,1.0,False,True,0.0,True
dense,22,6,0.25,2,QBM-SYN,-29.0,-29.0,True,5.924832999994578,0.0254170000744125,1.0,1.0,False,True,0.0,True
dense,22,6,0.25,3,QBM-SYN,-29.0,-29.0,True,7.299792000026173,0.020000000063191692,1.0,1.0,False,True,0.0,True
dense,22,6,0.25,4,QBM-SYN,-29.0,-29.0,True,13.588833999961025,0.02445899997383094,1.0,1.0,False,True,0.0,True
dense,22,9,0.4,0,QBM-SYN,-29.0,-29.0,True,13.082249999911255,0.019040999973185535,1.0,1.0,False,True,0.0,True
dense,22,9,0.4,1,QBM-SYN,-29.0,-29.0,True,12.308666999956586,0.024457999984406342,1.0,1.0,False,True,0.0,True
dense,22,9,0.4,2,QBM-SYN,-29.0,-29.0,True,5.969625000034284,0.022083999965616385,1.0,1.0,False,True,0.0,True
dense,22,9,0.4,3,QBM-SYN,-29.0,-29.0,True,7.205791000046702,0.019082999983766058,1.0,1.0,False,True,0.0,True
dense,22,9,0.4,4,QBM-SYN,-29.0,-29.0,True,13.515084000005118,0.023625000039828592,1.0,1.0,False,True,0.0,True
dense,30,4,0.15,0,QBM-SYN,-40.0,-40.0,True,14.11616600000798,0.026667000042834843,1.0,1.0,False,True,0.0,True
dense,30,4,0.15,1,QBM-SYN,-40.0,-40.0,True,21.51883299995916,0.025708999942253286,1.0,1.0,False,True,0.0,True
dense,30,4,0.15,2,QBM-SYN,-40.0,-40.0,True,20.737375000067004,0.0268329999926209,1.0,1.0,False,True,0.0,True
dense,30,4,0.15,3,QBM-SYN,-40.0,-40.0,True,19.333624999944732,0.024457999984406342,1.0,1.0,False,True,0.0,True
dense,30,4,0.15,4,QBM-SYN,-40.0,-40.0,True,20.690166999997928,0.02166700005545863,1.0,1.0,False,True,0.0,True
dense,30,8,0.25,0,QBM-SYN,-40.0,-40.0,True,14.514249999933782,0.024124999981722794,1.0,1.0,False,True,0.0,True
dense,30,8,0.25,1,QBM-SYN,-40.0,-40.0,True,21.498208000025443,0.02604200005862367,1.0,1.0,False,True,0.0,True
dense,30,8,0.25,2,QBM-SYN,-40.0,-40.0,True,21.012042000052134,0.02420900000288384,1.0,1.0,False,True,0.0,True
dense,30,8,0.25,3,QBM-SYN,-40.0,-40.0,True,19.383124999990287,0.02308299997366703,1.0,1.0,False,True,0.0,True
dense,30,8,0.25,4,QBM-SYN,-40.0,-40.0,True,20.87874999995165,0.02045799999450537,1.0,1.0,False,True,0.0,True
dense,30,12,0.4,0,QBM-SYN,-40.0,-40.0,True,14.395124999964537,0.02574999996340921,1.0,1.0,False,True,0.0,True
dense,30,12,0.4,1,QBM-SYN,-40.0,-40.0,True,21.5403749999723,0.022208000018508756,1.0,1.0,False,True,0.0,True
dense,30,12,0.4,2,QBM-SYN,-40.0,-40.0,True,20.821416999979192,0.025458999971306184,1.0,1.0,False,True,0.0,True
dense,30,12,0.4,3,QBM-SYN,-40.0,-40.0,True,19.163999999932457,0.02529200003209553,1.0,1.0,False,True,0.0,True
dense,30,12,0.4,4,QBM-SYN,-40.0,-40.0,True,20.859124999901724,0.021250000031614036,1.0,1.0,False,True,0.0,True
dense,40,6,0.15,0,QBM-SYN,-53.0,-53.0,True,28.674707999925886,0.028000000042993634,1.0,1.0,False,True,0.0,True
dense,40,6,0.15,1,QBM-SYN,-53.0,-53.0,True,35.00083400001586,0.027999999929306796,1.0,1.0,False,True,0.0,True
dense,40,6,0.15,2,QBM-SYN,-53.0,-53.0,True,27.276624999899468,0.027124999974148523,1.0,1.0,False,True,0.0,True
dense,40,6,0.15,3,QBM-SYN,-53.0,-53.0,True,42.102333000002545,0.029082999958518485,1.0,1.0,False,True,0.0,True
dense,40,6,0.15,4,QBM-SYN,-53.0,-53.0,True,38.868624999963686,0.027165999995304446,1.0,1.0,False,True,0.0,True
dense,40,10,0.25,0,QBM-SYN,-53.0,-53.0,True,28.680124999937107,0.02795900002183771,1.0,1.0,False,True,0.0,True
dense,40,10,0.25,1,QBM-SYN,-53.0,-53.0,True,35.084499999925356,0.025791999973989732,1.0,1.0,False,True,0.0,True
dense,40,10,0.25,2,QBM-SYN,-53.0,-53.0,True,27.866709000022638,0.027999999929306796,1.0,1.0,False,True,0.0,True
dense,40,10,0.25,3,QBM-SYN,-53.0,-53.0,True,42.50899999999547,0.02820899999278481,1.0,1.0,False,True,0.0,True
dense,40,10,0.25,4,QBM-SYN,-53.0,-53.0,True,39.46008399998391,0.028832999987571384,1.0,1.0,False,True,0.0,True
dense,40,16,0.4,0,QBM-SYN,-53.0,-53.0,True,28.80595900001026,0.027625000029729563,1.0,1.0,False,True,0.0,True
dense,40,16,0.4,1,QBM-SYN,-53.0,-53.0,True,35.20995899998525,0.02829099992140982,1.0,1.0,False,True,0.0,True
dense,40,16,0.4,2,QBM-SYN,-53.0,-53.0,True,27.418874999966647,0.027916000021832588,1.0,1.0,False,True,0.0,True
dense,40,16,0.4,3,QBM-SYN,-53.0,-53.0,True,42.316750000054526,0.028625000027204806,1.0,1.0,False,True,0.0,True
dense,40,16,0.4,4,QBM-SYN,-53.0,-53.0,True,38.94579200004955,0.02579200008767657,1.0,1.0,False,True,0.0,True
dense,50,8,0.15,0,QBM-SYN,-67.0,-67.0,True,42.035000000055334,0.0326670000276863,1.0,1.0,False,True,0.0,True
dense,50,8,0.15,1,QBM-SYN,-67.0,-67.0,True,33.39004199995088,0.03083299998252187,1.0,1.0,False,True,0.0,True
dense,50,8,0.15,2,QBM-SYN,-67.0,-67.0,True,69.16070800002672,0.03166600004078646,1.0,1.0,False,True,0.0,True
dense,50,8,0.15,3,QBM-SYN,-67.0,-67.0,True,52.00729200009846,0.029916000016783073,1.0,1.0,False,True,0.0,True
dense,50,8,0.15,4,QBM-SYN,-67.0,-67.0,True,70.45845799996187,0.03120799999578594,1.0,1.0,False,True,0.0,True
dense,50,12,0.25,0,QBM-SYN,-67.0,-67.0,True,41.38391699996191,0.03241699994305236,1.0,1.0,False,True,0.0,True
dense,50,12,0.25,1,QBM-SYN,-67.0,-67.0,True,33.17487499998606,0.028499999984887836,1.0,1.0,False,True,0.0,True
dense,50,12,0.25,2,QBM-SYN,-67.0,-67.0,True,69.51008299995465,0.025707999952828686,1.0,1.0,False,True,0.0,True
dense,50,12,0.25,3,QBM-SYN,-67.0,-67.0,True,51.989291000040794,0.0290420000510494,1.0,1.0,False,True,0.0,True
dense,50,12,0.25,4,QBM-SYN,-67.0,-67.0,True,70.81204100006744,0.02879199996641546,1.0,1.0,False,True,0.0,True
dense,50,20,0.4,0,QBM-SYN,-67.0,-67.0,True,41.040875000021515,0.026665999939723406,1.0,1.0,False,True,0.0,True
dense,50,20,0.4,1,QBM-SYN,-67.0,-67.0,True,32.90708299994094,0.029040999947937962,1.0,1.0,False,True,0.0,True
dense,50,20,0.4,2,QBM-SYN,-67.0,-67.0,True,69.176124999899,0.029708000056416495,1.0,1.0,False,True,0.0,True
dense,50,20,0.4,3,QBM-SYN,-67.0,-67.0,True,51.492041000074096,0.03100000003541936,1.0,1.0,False,True,0.0,True
dense,50,20,0.4,4,QBM-SYN,-67.0,-67.0,True,70.76812499997231,0.0292910000325719,1.0,1.0,False,True,0.0,True
dense,66,10,0.15,0,QBM-SYN,-88.0,-88.0,True,49.92783299996972,0.03441700005168968,1.0,1.0,False,True,0.0,True
dense,66,10,0.15,1,QBM-SYN,-88.0,-88.0,True,77.96474999997827,0.034166999967055744,1.0,1.0,False,True,0.0,True
dense,66,10,0.15,2,QBM-SYN,-88.0,-88.0,True,85.49312499997086,0.039499999957115506,1.0,1.0,False,True,0.0,True
dense,66,10,0.15,3,QBM-SYN,-88.0,-88.0,True,60.113458000046194,0.03470799993010587,1.0,1.0,False,True,0.0,True
dense,66,10,0.15,4,QBM-SYN,-88.0,-88.0,True,61.80195900003582,0.039624999999432475,1.0,1.0,False,True,0.0,True
dense,66,16,0.25,0,QBM-SYN,-88.0,-88.0,True,50.41825000000699,0.03583400007300952,1.0,1.0,False,True,0.0,True
dense,66,16,0.25,1,QBM-SYN,-88.0,-88.0,True,77.40612499992494,0.03808300004948251,1.0,1.0,False,True,0.0,True
dense,66,16,0.25,2,QBM-SYN,-88.0,-88.0,True,85.79841699997814,0.03354199998284457,1.0,1.0,False,True,0.0,True
dense,66,16,0.25,3,QBM-SYN,-88.0,-88.0,True,60.88937499998792,0.036249999993742676,1.0,1.0,False,True,0.0,True
dense,66,16,0.25,4,QBM-SYN,-88.0,-88.0,True,62.970542000016394,0.035541000102057296,1.0,1.0,False,True,0.0,True
dense,66,26,0.4,0,QBM-SYN,-88.0,-88.0,True,49.98954099994535,0.03541699993547809,1.0,1.0,False,True,0.0,True
dense,66,26,0.4,1,QBM-SYN,-88.0,-88.0,True,77.3325829999294,0.0360420000333761,1.0,1.0,False,True,0.0,True
dense,66,26,0.4,2,QBM-SYN,-88.0,-88.0,True,85.82529099999192,0.0365419999752703,1.0,1.0,False,True,0.0,True
dense,66,26,0.4,3,QBM-SYN,-88.0,-88.0,True,63.541624999970736,0.04083400006038573,1.0,1.0,False,True,0.0,True
dense,66,26,0.4,4,QBM-SYN,-88.0,-88.0,True,62.40870800002085,0.03691599999910977,1.0,1.0,False,True,0.0,True
degree_capped,10,2,0.15,0,QBM-SYN,-6.0,-6.0,True,2.8009999999767388,0.016999999957079126,0.46153846153846156,0.46153846153846156,False,True,0.0,True
degree_capped,10,2,0.15,1,QBM-SYN,-6.0,-6.0,True,2.785291000009238,0.013749999993706297,0.46153846153846156,0.46153846153846156,False,True,0.0,True
degree_capped,10,2,0.15,2,QBM-SYN,-6.0,-6.0,True,2.862417000073947,0.012500000025283953,0.46153846153846156,0.46153846153846156,False,True,0.0,True
degree_capped,10,2,0.15,3,QBM-SYN,-6.0,-6.0,True,2.8280409999297262,0.012625000067600922,0.46153846153846156,0.46153846153846156,False,True,0.0,True
degree_capped,10,2,0.15,4,QBM-SYN,-6.0,-6.0,True,2.757125000016458,0.012040999990858836,0.46153846153846156,0.46153846153846156,False,True,0.0,True
degree_capped,10,2,0.25,0,QBM-SYN,-6.0,-6.0,True,2.8029589999505333,0.014584000041395484,0.46153846153846156,0.46153846153846156,False,True,0.0,True
degree_capped,10,2,0.25,1,QBM-SYN,-6.0,-6.0,True,2.8131660000099146,0.013500000022759195,0.46153846153846156,0.46153846153846156,False,True,0.0,True
degree_capped,10,2,0.25,2,QBM-SYN,-6.0,-6.0,True,2.8384159999177427,0.01316599991696421,0.46153846153846156,0.46153846153846156,False,True,0.0,True
degree_capped,10,2,0.25,3,QBM-SYN,-6.0,-6.0,True,2.867958000024373,0.015708000091763097,0.46153846153846156,0.46153846153846156,False,True,0.0,True
degree_capped,10,2,0.25,4,QBM-SYN,-6.0,-6.0,True,2.860124999983782,0.013625000065076165,0.46153846153846156,0.46153846153846156,False,True,0.0,True
degree_capped,10,4,0.4,0,QBM-SYN,-11.0,-11.0,True,2.6908749999847714,0.020416999973349448,0.8461538461538461,0.8461538461538461,False,True,0.0,True
degree_capped,10,4,0.4,1,QBM-SYN,-11.0,-11.0,True,2.8687920000720624,0.02020800002355827,0.8461538461538461,0.8461538461538461,False,True,0.0,True
degree_capped,10,4,0.4,2,QBM-SYN,-11.0,-11.0,True,2.7574580000191418,0.019790999999713677,0.8461538461538461,0.8461538461538461,False,True,0.0,True
degree_capped,10,4,0.4,3,QBM-SYN,-11.0,-11.0,True,2.708958000084749,0.01970799996797723,0.8461538461538461,0.8461538461538461,False,True,0.0,True
degree_capped,10,4,0.4,4,QBM-SYN,-11.0,-10.0,True,2.65187499996955,0.02491700001883146,0.8461538461538461,0.7692307692307693,False,True,0.09090909090909091,False
degree_capped,16,2,0.15,0,QBM-SYN,-6.0,-6.0,True,2.487249999944652,0.01404199997523392,0.2857142857142857,0.2857142857142857,False,True,0.0,True
degree_capped,16,2,0.15,1,QBM-SYN,-6.0,-6.0,True,2.3720830000684145,0.013250000051812094,0.2857142857142857,0.2857142857142857,False,True,0.0,True
degree_capped,16,2,0.15,2,QBM-SYN,-6.0,-6.0,True,2.333790999955454,0.01245800001470343,0.2857142857142857,0.2857142857142857,False,True,0.0,True
degree_capped,16,2,0.15,3,QBM-SYN,-6.0,-6.0,True,2.333124999950087,0.013083999988339201,0.2857142857142857,0.2857142857142857,False,True,0.0,True
degree_capped,16,2,0.15,4,QBM-SYN,-6.0,-6.0,True,2.325083999949129,0.013000000080864993,0.2857142857142857,0.2857142857142857,False,True,0.0,True
degree_capped,16,4,0.25,0,QBM-SYN,-12.0,-12.0,True,2.4006669999607766,0.02095800005008641,0.5714285714285714,0.5714285714285714,False,True,0.0,True
degree_capped,16,4,0.25,1,QBM-SYN,-12.0,-12.0,True,2.365707999956612,0.020750000089719833,0.5714285714285714,0.5714285714285714,False,True,0.0,True
degree_capped,16,4,0.25,2,QBM-SYN,-12.0,-12.0,True,2.3304999999709253,0.020250000034138793,0.5714285714285714,0.5714285714285714,False,True,0.0,True
degree_capped,16,4,0.25,3,QBM-SYN,-12.0,-12.0,True,2.3270410000577613,0.020124999991821824,0.5714285714285714,0.5714285714285714,False,True,0.0,True
degree_capped,16,4,0.25,4,QBM-SYN,-12.0,-12.0,True,2.512333000026956,0.020707999965452473,0.5714285714285714,0.5714285714285714,False,True,0.0,True
degree_capped,16,6,0.4,0,QBM-SYN,-17.0,-17.0,True,3.372207999973398,0.03062500002215529,0.8095238095238095,0.8095238095238095,False,True,0.0,True
degree_capped,16,6,0.4,1,QBM-SYN,-17.0,-16.0,True,2.3451250000334767,0.028707999945254414,0.8095238095238095,0.7619047619047619,False,True,0.058823529411764705,False
degree_capped,16,6,0.4,2,QBM-SYN,-17.0,-17.0,True,2.280165999991368,0.02916699997967953,0.8095238095238095,0.8095238095238095,False,True,0.0,True
degree_capped,16,6,0.4,3,QBM-SYN,-17.0,-16.0,True,2.2524160000330085,0.03312499995899998,0.8095238095238095,0.7619047619047619,False,True,0.058823529411764705,False
degree_capped,16,6,0.4,4,QBM-SYN,-17.0,-16.0,True,2.571208000063052,0.030874999993102392,0.8095238095238095,0.7619047619047619,False,True,0.058823529411764705,False
degree_capped,22,3,0.15,0,QBM-SYN,-9.0,-9.0,True,2.185041999950954,0.01874999998108251,0.3103448275862069,0.3103448275862069,False,True,0.0,True
degree_capped,22,3,0.15,1,QBM-SYN,-9.0,-9.0,True,2.249375000019427,0.019916999917768408,0.3103448275862069,0.3103448275862069,False,True,0.0,True
degree_capped,22,3,0.15,2,QBM-SYN,-9.0,-9.0,True,2.1915419999913865,0.01837499996781844,0.3103448275862069,0.3103448275862069,False,True,0.0,True
degree_capped,22,3,0.15,3,QBM-SYN,-9.0,-9.0,True,2.1779590000505777,0.01766700006555766,0.3103448275862069,0.3103448275862069,False,True,0.0,True
degree_capped,22,3,0.15,4,QBM-SYN,-9.0,-9.0,True,2.16904199999135,0.017749999983607267,0.3103448275862069,0.3103448275862069,False,True,0.0,True
degree_capped,22,6,0.25,0,QBM-SYN,-18.0,-18.0,True,2.149375000044529,0.029708999932154256,0.6206896551724138,0.6206896551724138,False,True,0.0,True
degree_capped,22,6,0.25,1,QBM-SYN,-18.0,-17.0,True,2.147166999975525,0.02995799991367676,0.6206896551724138,0.5862068965517241,False,True,0.05555555555555555,False
degree_capped,22,6,0.25,2,QBM-SYN,-18.0,-17.0,True,2.179916999921261,0.0295419999929436,0.6206896551724138,0.5862068965517241,False,True,0.05555555555555555,False
degree_capped,22,6,0.25,3,QBM-SYN,-18.0,-18.0,True,2.1912079999992784,0.030916000014258316,0.6206896551724138,0.6206896551724138,False,True,0.0,True
degree_capped,22,6,0.25,4,QBM-SYN,-18.0,-18.0,True,2.1468330000971036,0.03025000000889122,0.6206896551724138,0.6206896551724138,False,True,0.0,True
degree_capped,22,9,0.4,0,QBM-SYN,-25.0,-24.0,True,2.0477500000879445,0.04170900001554401,0.8620689655172413,0.8275862068965517,False,True,0.04,False
degree_capped,22,9,0.4,1,QBM-SYN,-25.0,-23.0,True,2.0624170000473896,0.042667000002438726,0.8620689655172413,0.7931034482758621,False,True,0.08,False
degree_capped,22,9,0.4,2,QBM-SYN,-24.0,-23.0,True,3.8047500000857326,0.043457999936435954,0.8275862068965517,0.7931034482758621,False,True,0.041666666666666664,False
degree_capped,22,9,0.4,3,QBM-SYN,-25.0,-24.0,True,3.1366670000352315,0.04316699994433293,0.8620689655172413,0.8275862068965517,False,True,0.04,False
degree_capped,22,9,0.4,4,QBM-SYN,-25.0,-24.0,True,2.103540999996767,0.0423750000209111,0.8620689655172413,0.8275862068965517,False,True,0.04,False
degree_capped,30,4,0.15,0,QBM-SYN,-12.0,-12.0,True,2.0661669999526566,0.023291000047720445,0.3,0.3,False,True,0.0,True
degree_capped,30,4,0.15,1,QBM-SYN,-12.0,-12.0,True,2.0667499999262873,0.023084000076778466,0.3,0.3,False,True,0.0,True
degree_capped,30,4,0.15,2,QBM-SYN,-12.0,-12.0,True,2.0750839998981974,0.022708999949827557,0.3,0.3,False,True,0.0,True
degree_capped,30,4,0.15,3,QBM-SYN,-12.0,-12.0,True,2.023124999936954,0.022583000031772826,0.3,0.3,False,True,0.0,True
degree_capped,30,4,0.15,4,QBM-SYN,-12.0,-12.0,True,2.0338330000413407,0.02275000008467032,0.3,0.3,False,True,0.0,True
degree_capped,30,8,0.25,0,QBM-SYN,-24.0,-24.0,True,2.0972500000198124,0.039624999999432475,0.6,0.6,False,True,0.0,True
degree_capped,30,8,0.25,1,QBM-SYN,-24.0,-24.0,True,2.0602499999995416,0.03974999992806261,0.6,0.6,False,True,0.0,True
degree_capped,30,8,0.25,2,QBM-SYN,-24.0,-24.0,True,2.070459000037772,0.03974999992806261,0.6,0.6,False,True,0.0,True
degree_capped,30,8,0.25,3,QBM-SYN,-24.0,-24.0,True,2.0589580000205387,0.054832999921927694,0.6,0.6,False,True,0.0,True
degree_capped,30,8,0.25,4,QBM-SYN,-24.0,-24.0,True,2.0372919999545047,0.03987499997037958,0.6,0.6,False,True,0.0,True
degree_capped,30,12,0.4,0,QBM-SYN,-34.0,-33.0,True,1.9677499999488646,0.05641699999614502,0.85,0.825,False,True,0.029411764705882353,False
degree_capped,30,12,0.4,1,QBM-SYN,-34.0,-33.0,True,1.9775419999632504,0.05995799995162088,0.85,0.825,False,True,0.029411764705882353,False
degree_capped,30,12,0.4,2,QBM-SYN,-34.0,-32.0,True,2.5371250000034706,0.058582999940881564,0.85,0.8,False,True,0.058823529411764705,False
degree_capped,30,12,0.4,3,QBM-SYN,-34.0,-32.0,True,2.4657500000557775,0.05758299994340632,0.85,0.8,False,True,0.058823529411764705,False
degree_capped,30,12,0.4,4,QBM-SYN,-34.0,-33.0,True,2.4452919999475853,0.058125000009567884,0.85,0.825,False,True,0.029411764705882353,False
degree_capped,40,6,0.15,0,QBM-SYN,-18.0,-18.0,True,2.0817079999915222,0.036457999954109255,0.33962264150943394,0.33962264150943394,False,True,0.0,True
degree_capped,40,6,0.15,1,QBM-SYN,-18.0,-18.0,True,2.1341249999977663,0.03495800001473981,0.33962264150943394,0.33962264150943394,False,True,0.0,True
degree_capped,40,6,0.15,2,QBM-SYN,-18.0,-18.0,True,2.1339159999342883,0.03529200000684796,0.33962264150943394,0.33962264150943394,False,True,0.0,True
degree_capped,40,6,0.15,3,QBM-SYN,-18.0,-18.0,True,2.1332080000320275,0.03491600000415929,0.33962264150943394,0.33962264150943394,False,True,0.0,True
degree_capped,40,6,0.15,4,QBM-SYN,-18.0,-18.0,True,2.047917000027155,0.035166000088793226,0.33962264150943394,0.33962264150943394,False,True,0.0,True
degree_capped,40,10,0.25,0,QBM-SYN,-30.0,-30.0,True,2.1401660000037737,0.05408300000908639,0.5660377358490566,0.5660377358490566,False,True,0.0,True
degree_capped,40,10,0.25,1,QBM-SYN,-30.0,-30.0,True,2.132665999965866,0.05270799999834708,0.5660377358490566,0.5660377358490566,False,True,0.0,True
degree_capped,40,10,0.25,2,QBM-SYN,-30.0,-30.0,True,2.1638750000647633,0.0527500000089276,0.5660377358490566,0.5660377358490566,False,True,0.0,True
degree_capped,40,10,0.25,3,QBM-SYN,-30.0,-30.0,True,2.1236250000811197,0.05670799998824805,0.5660377358490566,0.5660377358490566,False,True,0.0,True
degree_capped,40,10,0.25,4,QBM-SYN,-30.0,-30.0,True,2.0402500000500368,0.05420899992714112,0.5660377358490566,0.5660377358490566,False,True,0.0,True
degree_capped,40,16,0.4,0,QBM-SYN,-45.0,-43.0,True,2.8430829999024354,0.09470800000599411,0.8490566037735849,0.8113207547169812,False,True,0.044444444444444446,False
degree_capped,40,16,0.4,1,QBM-SYN,-45.0,-43.0,True,1.9777919999341975,0.07954200009407941,0.8490566037735849,0.8113207547169812,False,True,0.044444444444444446,False
degree_capped,40,16,0.4,2,QBM-SYN,-44.0,-42.0,True,3.0275830000618953,0.08029200000692072,0.8301886792452831,0.7924528301886793,False,True,0.045454545454545456,False
degree_capped,40,16,0.4,3,QBM-SYN,-44.0,-44.0,True,3.1535830000848364,0.08516699995197996,0.8301886792452831,0.8301886792452831,False,True,0.0,True
degree_capped,40,16,0.4,4,QBM-SYN,-45.0,-43.0,True,1.9594159999769545,0.08387500008666393,0.8490566037735849,0.8113207547169812,False,True,0.044444444444444446,False
degree_capped,50,8,0.15,0,QBM-SYN,-24.0,-24.0,True,2.0942910000485426,0.0493750000032378,0.3582089552238806,0.3582089552238806,False,True,0.0,True
degree_capped,50,8,0.15,1,QBM-SYN,-24.0,-24.0,True,2.0368330000337664,0.05050000004303001,0.3582089552238806,0.3582089552238806,False,True,0.0,True
degree_capped,50,8,0.15,2,QBM-SYN,-24.0,-24.0,True,2.0686249999926076,0.04733299999770679,0.3582089552238806,0.3582089552238806,False,True,0.0,True
degree_capped,50,8,0.15,3,QBM-SYN,-24.0,-24.0,True,2.098665999938021,0.05066599999281607,0.3582089552238806,0.3582089552238806,False,True,0.0,True
degree_capped,50,8,0.15,4,QBM-SYN,-24.0,-24.0,True,2.1278750000419677,0.050624999971660145,0.3582089552238806,0.3582089552238806,False,True,0.0,True
degree_capped,50,12,0.25,0,QBM-SYN,-36.0,-36.0,True,2.109792000055677,0.06862500003990135,0.5373134328358209,0.5373134328358209,False,True,0.0,True
degree_capped,50,12,0.25,1,QBM-SYN,-36.0,-36.0,True,2.5751669999181104,0.08075000005192123,0.5373134328358209,0.5373134328358209,False,True,0.0,True
degree_capped,50,12,0.25,2,QBM-SYN,-36.0,-36.0,True,2.1322500000451328,0.06833400004779833,0.5373134328358209,0.5373134328358209,False,True,0.0,True
degree_capped,50,12,0.25,3,QBM-SYN,-36.0,-36.0,True,2.1186250000937434,0.06774999997105624,0.5373134328358209,0.5373134328358209,False,True,0.0,True
degree_capped,50,12,0.25,4,QBM-SYN,-36.0,-36.0,True,2.1255420000443337,0.06800000005569018,0.5373134328358209,0.5373134328358209,False,True,0.0,True
degree_capped,50,20,0.4,0,QBM-SYN,-57.0,-56.0,True,2.062915999999859,0.10837499996796396,0.8507462686567164,0.835820895522388,False,True,0.017543859649122806,False
degree_capped,50,20,0.4,1,QBM-SYN,-57.0,-53.0,True,2.6246250000667715,0.1087079999706475,0.8507462686567164,0.7910447761194029,False,True,0.07017543859649122,False
degree_capped,50,20,0.4,2,QBM-SYN,-56.0,-54.0,True,3.5263339999573873,0.10783300001548923,0.835820895522388,0.8059701492537313,False,True,0.03571428571428571,False
degree_capped,50,20,0.4,3,QBM-SYN,-57.0,-55.0,True,5.573667000021487,0.10787500002606976,0.8507462686567164,0.8208955223880597,False,True,0.03508771929824561,False
degree_capped,50,20,0.4,4,QBM-SYN,-57.0,-54.0,True,3.3918330000233254,0.110291999931178,0.8507462686567164,0.8059701492537313,False,True,0.05263157894736842,False
degree_capped,66,10,0.15,0,QBM-SYN,-30.0,-30.0,True,2.2478749999663705,0.066749999973581,0.3409090909090909,0.3409090909090909,False,True,0.0,True
degree_capped,66,10,0.15,1,QBM-SYN,-30.0,-30.0,True,2.2427080000397837,0.06770799996047572,0.3409090909090909,0.3409090909090909,False,True,0.0,True
degree_capped,66,10,0.15,2,QBM-SYN,-30.0,-30.0,True,2.250915999979952,0.0679169999102669,0.3409090909090909,0.3409090909090909,False,True,0.0,True
degree_capped,66,10,0.15,3,QBM-SYN,-30.0,-30.0,True,2.2589579999703346,0.06716699999742559,0.3409090909090909,0.3409090909090909,False,True,0.0,True
degree_capped,66,10,0.15,4,QBM-SYN,-30.0,-30.0,True,2.2398339999654127,0.06866700005048187,0.3409090909090909,0.3409090909090909,False,True,0.0,True
degree_capped,66,16,0.25,0,QBM-SYN,-48.0,-48.0,True,2.2733750000725195,0.11812499997176928,0.5454545454545454,0.5454545454545454,False,True,0.0,True
degree_capped,66,16,0.25,1,QBM-SYN,-48.0,-48.0,True,2.237375000049724,0.10254200003601,0.5454545454545454,0.5454545454545454,False,True,0.0,True
degree_capped,66,16,0.25,2,QBM-SYN,-48.0,-48.0,True,2.299958999969931,0.10366699996211537,0.5454545454545454,0.5454545454545454,False,True,0.0,True
degree_capped,66,16,0.25,3,QBM-SYN,-48.0,-48.0,True,4.663958000037383,0.10358299994095432,0.5454545454545454,0.5454545454545454,False,True,0.0,True
degree_capped,66,16,0.25,4,QBM-SYN,-48.0,-48.0,True,2.2557500000175423,0.10416700001769641,0.5454545454545454,0.5454545454545454,False,True,0.0,True
degree_capped,66,26,0.4,0,QBM-SYN,-73.0,-68.0,True,4.7428330000229835,0.16291600002205087,0.8295454545454546,0.7727272727272727,False,True,0.0684931506849315,False
degree_capped,66,26,0.4,1,QBM-SYN,-74.0,-69.0,True,5.692290999945726,0.16341699995336967,0.8409090909090909,0.7840909090909091,False,True,0.06756756756756757,False
degree_capped,66,26,0.4,2,QBM-SYN,-74.0,-71.0,True,5.019041999958063,0.16225000001668377,0.8409090909090909,0.8068181818181818,False,True,0.04054054054054054,False
degree_capped,66,26,0.4,3,QBM-SYN,-73.0,-70.0,True,27.327207999974235,0.15104099998097809,0.8295454545454546,0.7954545454545454,False,True,0.0410958904109589,False
degree_capped,66,26,0.4,4,QBM-SYN,-74.0,-70.0,True,2.8350830000363203,0.16587499999332067,0.8409090909090909,0.7954545454545454,False,True,0.05405405405405406,False
profile,66,10,0.15,0,QBMED-HEME-001,-50.0,-50.0,True,6.997875000024578,9.544874999960484,0.5681818181818182,0.5681818181818182,True,False,0.0,True
profile,66,16,0.25,0,QBMED-HEME-001,-62.0,-62.0,True,4.068833000019367,14.633457999934762,0.7045454545454546,0.7045454545454546,True,False,0.0,True
profile,66,26,0.4,0,QBMED-HEME-001,-76.0,-76.0,True,6.874375000052169,21.655249999980697,0.8636363636363636,0.8636363636363636,True,False,0.0,True
