regime,seed,lam_scale,recovers,feasible,rel_dist,n_sel
low_overlap,0,0.5,True,True,0.0,3
low_overlap,0,1.0,True,True,0.0,3
low_overlap,0,2.0,True,True,0.0,3
low_overlap,0,10.0,True,True,0.0,3
low_overlap,0,100.0,True,True,0.0,3
low_overlap,1,0.5,False,True,0.2,3
low_overlap,1,1.0,False,True,0.2,3
low_overlap,1,2.0,False,True,0.2,3
low_overlap,1,10.0,False,True,0.2,3
low_overlap,1,100.0,False,True,0.2,3
low_overlap,2,0.5,False,True,0.3333333333333333,3
low_overlap,2,1.0,False,True,0.3333333333333333,3
low_overlap,2,2.0,False,True,0.3333333333333333,3
low_overlap,2,10.0,False,True,0.3333333333333333,3
low_overlap,2,100.0,False,True,0.3333333333333333,3
low_overlap,3,0.5,False,True,0.2,3
low_overlap,3,1.0,False,True,0.2,3
low_overlap,3,2.0,False,True,0.2,3
low_overlap,3,10.0,False,True,0.2,3
low_overlap,3,100.0,False,True,0.2,3
low_overlap,4,0.5,True,True,0.0,3
low_overlap,4,1.0,True,True,0.0,3
low_overlap,4,2.0,True,True,0.0,3
low_overlap,4,10.0,True,True,0.0,3
low_overlap,4,100.0,True,True,0.0,3
low_overlap,5,0.5,True,True,0.0,3
low_overlap,5,1.0,True,True,0.0,3
low_overlap,5,2.0,True,True,0.0,3
low_overlap,5,10.0,True,True,0.0,3
low_overlap,5,100.0,True,True,0.0,3
low_overlap,6,0.5,False,True,0.5,3
low_overlap,6,1.0,False,True,0.5,3
low_overlap,6,2.0,False,True,0.5,3
low_overlap,6,10.0,False,True,0.5,3
low_overlap,6,100.0,False,True,0.5,3
low_overlap,7,0.5,True,True,0.0,3
low_overlap,7,1.0,True,True,0.0,3
low_overlap,7,2.0,True,True,0.0,3
low_overlap,7,10.0,True,True,0.0,3
low_overlap,7,100.0,True,True,0.0,3
low_overlap,8,0.5,False,True,0.2,3
low_overlap,8,1.0,False,True,0.2,3
low_overlap,8,2.0,False,True,0.2,3
low_overlap,8,10.0,False,True,0.2,3
low_overlap,8,100.0,False,True,0.2,3
low_overlap,9,0.5,False,True,0.2,3
low_overlap,9,1.0,False,True,0.2,3
low_overlap,9,2.0,False,True,0.2,3
low_overlap,9,10.0,False,True,0.2,3
low_overlap,9,100.0,False,True,0.2,3
low_overlap,10,0.5,False,True,0.4,3
low_overlap,10,1.0,False,True,0.4,3
low_overlap,10,2.0,False,True,0.4,3
low_overlap,10,10.0,False,True,0.4,3
low_overlap,10,100.0,False,True,0.4,3
low_overlap,11,0.5,False,True,0.16666666666666666,3
low_overlap,11,1.0,False,True,0.16666666666666666,3
low_overlap,11,2.0,False,True,0.16666666666666666,3
low_overlap,11,10.0,False,True,0.16666666666666666,3
low_overlap,11,100.0,False,True,0.16666666666666666,3
sparse,0,0.5,False,True,0.3333333333333333,3
sparse,0,1.0,False,True,0.3333333333333333,3
sparse,0,2.0,False,True,0.3333333333333333,3
sparse,0,10.0,False,True,0.3333333333333333,3
sparse,0,100.0,False,True,0.3333333333333333,3
sparse,1,0.5,False,True,0.2,3
sparse,1,1.0,False,True,0.2,3
sparse,1,2.0,False,True,0.2,3
sparse,1,10.0,False,True,0.2,3
sparse,1,100.0,False,True,0.2,3
sparse,2,0.5,False,True,0.3333333333333333,3
sparse,2,1.0,False,True,0.3333333333333333,3
sparse,2,2.0,False,True,0.3333333333333333,3
sparse,2,10.0,False,True,0.3333333333333333,3
sparse,2,100.0,False,True,0.3333333333333333,3
sparse,3,0.5,False,True,0.2,3
sparse,3,1.0,False,True,0.2,3
sparse,3,2.0,False,True,0.2,3
sparse,3,10.0,False,True,0.2,3
sparse,3,100.0,False,True,0.2,3
sparse,4,0.5,False,True,0.3333333333333333,3
sparse,4,1.0,False,True,0.3333333333333333,3
sparse,4,2.0,False,True,0.3333333333333333,3
sparse,4,10.0,False,True,0.3333333333333333,3
sparse,4,100.0,False,True,0.3333333333333333,3
sparse,5,0.5,False,True,0.2857142857142857,3
sparse,5,1.0,False,True,0.2857142857142857,3
sparse,5,2.0,False,True,0.2857142857142857,3
sparse,5,10.0,False,True,0.2857142857142857,3
sparse,5,100.0,False,True,0.2857142857142857,3
sparse,6,0.5,False,True,0.2,3
sparse,6,1.0,False,True,0.2,3
sparse,6,2.0,False,True,0.2,3
sparse,6,10.0,False,True,0.2,3
sparse,6,100.0,False,True,0.2,3
sparse,7,0.5,False,True,0.2,3
sparse,7,1.0,False,True,0.2,3
sparse,7,2.0,False,True,0.2,3
sparse,7,10.0,False,True,0.2,3
sparse,7,100.0,False,True,0.2,3
sparse,8,0.5,False,True,0.5,3
sparse,8,1.0,False,True,0.5,3
sparse,8,2.0,False,True,0.5,3
sparse,8,10.0,False,True,0.5,3
sparse,8,100.0,False,True,0.5,3
sparse,9,0.5,False,True,0.3333333333333333,3
sparse,9,1.0,False,True,0.3333333333333333,3
sparse,9,2.0,False,True,0.3333333333333333,3
sparse,9,10.0,False,True,0.3333333333333333,3
sparse,9,100.0,False,True,0.3333333333333333,3
sparse,10,0.5,False,True,0.42857142857142855,3
sparse,10,1.0,False,True,0.42857142857142855,3
sparse,10,2.0,False,True,0.42857142857142855,3
sparse,10,10.0,False,True,0.42857142857142855,3
sparse,10,100.0,False,True,0.42857142857142855,3
sparse,11,0.5,False,True,0.3333333333333333,3
sparse,11,1.0,False,True,0.3333333333333333,3
sparse,11,2.0,False,True,0.3333333333333333,3
sparse,11,10.0,False,True,0.3333333333333333,3
sparse,11,100.0,False,True,0.3333333333333333,3
degree_capped,0,0.5,False,False,0.2857142857142857,4
degree_capped,0,1.0,False,False,0.2857142857142857,4
degree_capped,0,2.0,False,False,0.2857142857142857,4
degree_capped,0,10.0,False,False,0.2857142857142857,4
degree_capped,0,100.0,False,False,0.2857142857142857,4
degree_capped,1,0.5,False,False,0.14285714285714285,4
degree_capped,1,1.0,False,False,0.14285714285714285,4
degree_capped,1,2.0,False,False,0.14285714285714285,4
degree_capped,1,10.0,False,False,0.14285714285714285,4
degree_capped,1,100.0,False,False,0.14285714285714285,4
degree_capped,2,0.5,False,False,0.14285714285714285,4
degree_capped,2,1.0,False,False,0.14285714285714285,4
degree_capped,2,2.0,False,False,0.14285714285714285,4
degree_capped,2,10.0,False,False,0.14285714285714285,4
degree_capped,2,100.0,False,False,0.14285714285714285,4
degree_capped,3,0.5,False,False,0.2857142857142857,4
degree_capped,3,1.0,False,False,0.2857142857142857,4
degree_capped,3,2.0,False,False,0.2857142857142857,4
degree_capped,3,10.0,False,False,0.2857142857142857,4
degree_capped,3,100.0,False,False,0.2857142857142857,4
degree_capped,4,0.5,False,False,0.14285714285714285,4
degree_capped,4,1.0,False,False,0.14285714285714285,4
degree_capped,4,2.0,False,False,0.14285714285714285,4
degree_capped,4,10.0,False,False,0.14285714285714285,4
degree_capped,4,100.0,False,False,0.14285714285714285,4
degree_capped,5,0.5,False,False,0.14285714285714285,4
degree_capped,5,1.0,False,False,0.14285714285714285,4
degree_capped,5,2.0,False,False,0.14285714285714285,4
degree_capped,5,10.0,False,False,0.14285714285714285,4
degree_capped,5,100.0,False,False,0.14285714285714285,4
degree_capped,6,0.5,False,False,0.14285714285714285,4
degree_capped,6,1.0,False,False,0.14285714285714285,4
degree_capped,6,2.0,False,False,0.14285714285714285,4
degree_capped,6,10.0,False,False,0.14285714285714285,4
degree_capped,6,100.0,False,False,0.14285714285714285,4
degree_capped,7,0.5,False,False,0.14285714285714285,4
degree_capped,7,1.0,False,False,0.14285714285714285,4
degree_capped,7,2.0,False,False,0.14285714285714285,4
degree_capped,7,10.0,False,False,0.14285714285714285,4
degree_capped,7,100.0,False,False,0.14285714285714285,4
degree_capped,8,0.5,False,False,0.2857142857142857,4
degree_capped,8,1.0,False,False,0.2857142857142857,4
degree_capped,8,2.0,False,False,0.2857142857142857,4
degree_capped,8,10.0,False,False,0.2857142857142857,4
degree_capped,8,100.0,False,False,0.2857142857142857,4
degree_capped,9,0.5,False,False,0.14285714285714285,4
degree_capped,9,1.0,False,False,0.14285714285714285,4
degree_capped,9,2.0,False,False,0.14285714285714285,4
degree_capped,9,10.0,False,False,0.14285714285714285,4
degree_capped,9,100.0,False,False,0.14285714285714285,4
degree_capped,10,0.5,False,False,0.14285714285714285,4
degree_capped,10,1.0,False,False,0.14285714285714285,4
degree_capped,10,2.0,False,False,0.14285714285714285,4
degree_capped,10,10.0,False,False,0.14285714285714285,4
degree_capped,10,100.0,False,False,0.14285714285714285,4
degree_capped,11,0.5,False,False,0.14285714285714285,4
degree_capped,11,1.0,False,False,0.14285714285714285,4
degree_capped,11,2.0,False,False,0.14285714285714285,4
degree_capped,11,10.0,False,False,0.14285714285714285,4
degree_capped,11,100.0,False,False,0.14285714285714285,4
clustered,0,0.5,False,True,0.42857142857142855,3
clustered,0,1.0,False,True,0.42857142857142855,3
clustered,0,2.0,False,True,0.42857142857142855,3
clustered,0,10.0,False,True,0.42857142857142855,3
clustered,0,100.0,False,True,0.42857142857142855,3
clustered,1,0.5,False,True,0.5714285714285714,3
clustered,1,1.0,False,True,0.5714285714285714,3
clustered,1,2.0,False,True,0.5714285714285714,3
clustered,1,10.0,False,True,0.5714285714285714,3
clustered,1,100.0,False,True,0.5714285714285714,3
clustered,2,0.5,False,False,0.0,4
clustered,2,1.0,False,False,0.0,4
clustered,2,2.0,False,False,0.0,4
clustered,2,10.0,False,False,0.0,4
clustered,2,100.0,False,False,0.0,4
clustered,3,0.5,True,True,0.0,3
clustered,3,1.0,True,True,0.0,3
clustered,3,2.0,True,True,0.0,3
clustered,3,10.0,True,True,0.0,3
clustered,3,100.0,True,True,0.0,3
clustered,4,0.5,False,False,0.0,4
clustered,4,1.0,False,False,0.0,4
clustered,4,2.0,False,False,0.0,4
clustered,4,10.0,False,False,0.0,4
clustered,4,100.0,False,False,0.0,4
clustered,5,0.5,False,False,0.0,4
clustered,5,1.0,False,False,0.0,4
clustered,5,2.0,False,False,0.0,4
clustered,5,10.0,False,False,0.0,4
clustered,5,100.0,False,False,0.0,4
clustered,6,0.5,False,False,0.3333333333333333,4
clustered,6,1.0,False,False,0.3333333333333333,4
clustered,6,2.0,False,False,0.3333333333333333,4
clustered,6,10.0,False,False,0.3333333333333333,4
clustered,6,100.0,False,False,0.3333333333333333,4
clustered,7,0.5,False,False,0.2857142857142857,4
clustered,7,1.0,False,False,0.2857142857142857,4
clustered,7,2.0,False,False,0.2857142857142857,4
clustered,7,10.0,False,False,0.2857142857142857,4
clustered,7,100.0,False,False,0.2857142857142857,4
clustered,8,0.5,True,True,0.0,3
clustered,8,1.0,True,True,0.0,3
clustered,8,2.0,True,True,0.0,3
clustered,8,10.0,True,True,0.0,3
clustered,8,100.0,True,True,0.0,3
clustered,9,0.5,True,True,0.0,3
clustered,9,1.0,True,True,0.0,3
clustered,9,2.0,True,True,0.0,3
clustered,9,10.0,True,True,0.0,3
clustered,9,100.0,True,True,0.0,3
clustered,10,0.5,False,True,0.5714285714285714,3
clustered,10,1.0,False,True,0.5714285714285714,3
clustered,10,2.0,False,True,0.5714285714285714,3
clustered,10,10.0,False,True,0.5714285714285714,3
clustered,10,100.0,False,True,0.5714285714285714,3
clustered,11,0.5,False,True,0.5714285714285714,3
clustered,11,1.0,False,True,0.5714285714285714,3
clustered,11,2.0,False,True,0.5714285714285714,3
clustered,11,10.0,False,True,0.5714285714285714,3
clustered,11,100.0,False,True,0.5714285714285714,3
high_overlap,0,0.5,False,False,0.14285714285714285,4
high_overlap,0,1.0,False,False,0.14285714285714285,4
high_overlap,0,2.0,False,False,0.14285714285714285,4
high_overlap,0,10.0,False,False,0.14285714285714285,4
high_overlap,0,100.0,False,False,0.14285714285714285,4
high_overlap,1,0.5,False,False,0.16666666666666666,4
high_overlap,1,1.0,False,False,0.16666666666666666,4
high_overlap,1,2.0,False,False,0.16666666666666666,4
high_overlap,1,10.0,False,False,0.16666666666666666,4
high_overlap,1,100.0,False,False,0.16666666666666666,4
high_overlap,2,0.5,False,False,0.16666666666666666,4
high_overlap,2,1.0,False,False,0.16666666666666666,4
high_overlap,2,2.0,False,False,0.16666666666666666,4
high_overlap,2,10.0,False,False,0.16666666666666666,4
high_overlap,2,100.0,False,False,0.16666666666666666,4
high_overlap,3,0.5,False,False,0.42857142857142855,4
high_overlap,3,1.0,False,False,0.42857142857142855,4
high_overlap,3,2.0,False,False,0.42857142857142855,4
high_overlap,3,10.0,False,False,0.42857142857142855,4
high_overlap,3,100.0,False,False,0.42857142857142855,4
high_overlap,4,0.5,False,True,0.16666666666666666,3
high_overlap,4,1.0,False,True,0.16666666666666666,3
high_overlap,4,2.0,False,True,0.16666666666666666,3
high_overlap,4,10.0,False,True,0.16666666666666666,3
high_overlap,4,100.0,False,True,0.16666666666666666,3
high_overlap,5,0.5,False,False,0.0,4
high_overlap,5,1.0,False,False,0.0,4
high_overlap,5,2.0,False,False,0.0,4
high_overlap,5,10.0,False,False,0.0,4
high_overlap,5,100.0,False,False,0.0,4
high_overlap,6,0.5,False,False,0.14285714285714285,4
high_overlap,6,1.0,False,False,0.14285714285714285,4
high_overlap,6,2.0,False,False,0.14285714285714285,4
high_overlap,6,10.0,False,False,0.14285714285714285,4
high_overlap,6,100.0,False,False,0.14285714285714285,4
high_overlap,7,0.5,False,False,0.14285714285714285,4
high_overlap,7,1.0,False,False,0.14285714285714285,4
high_overlap,7,2.0,False,False,0.14285714285714285,4
high_overlap,7,10.0,False,False,0.14285714285714285,4
high_overlap,7,100.0,False,False,0.14285714285714285,4
high_overlap,8,0.5,False,False,0.0,4
high_overlap,8,1.0,False,False,0.0,4
high_overlap,8,2.0,False,False,0.0,4
high_overlap,8,10.0,False,False,0.0,4
high_overlap,8,100.0,False,False,0.0,4
high_overlap,9,0.5,False,False,0.0,4
high_overlap,9,1.0,False,False,0.0,4
high_overlap,9,2.0,False,False,0.0,4
high_overlap,9,10.0,False,False,0.0,4
high_overlap,9,100.0,False,False,0.0,4
high_overlap,10,0.5,False,False,0.0,4
high_overlap,10,1.0,False,False,0.0,4
high_overlap,10,2.0,False,False,0.0,4
high_overlap,10,10.0,False,False,0.0,4
high_overlap,10,100.0,False,False,0.0,4
high_overlap,11,0.5,False,False,0.0,4
high_overlap,11,1.0,False,False,0.0,4
high_overlap,11,2.0,False,False,0.0,4
high_overlap,11,10.0,False,False,0.0,4
high_overlap,11,100.0,False,False,0.0,4
dense,0,0.5,False,False,0.14285714285714285,4
dense,0,1.0,False,False,0.14285714285714285,4
dense,0,2.0,False,False,0.14285714285714285,4
dense,0,10.0,False,False,0.14285714285714285,4
dense,0,100.0,False,False,0.14285714285714285,4
dense,1,0.5,False,False,0.0,5
dense,1,1.0,False,False,0.0,5
dense,1,2.0,False,False,0.0,5
dense,1,10.0,False,False,0.0,5
dense,1,100.0,False,False,0.0,5
dense,2,0.5,False,False,0.0,4
dense,2,1.0,False,False,0.0,4
dense,2,2.0,False,False,0.0,4
dense,2,10.0,False,False,0.0,4
dense,2,100.0,False,False,0.0,4
dense,3,0.5,False,False,0.0,4
dense,3,1.0,False,False,0.0,4
dense,3,2.0,False,False,0.0,4
dense,3,10.0,False,False,0.0,4
dense,3,100.0,False,False,0.0,4
dense,4,0.5,False,False,0.0,4
dense,4,1.0,False,False,0.0,4
dense,4,2.0,False,False,0.0,4
dense,4,10.0,False,False,0.0,4
dense,4,100.0,False,False,0.0,4
dense,5,0.5,False,False,0.0,5
dense,5,1.0,False,False,0.0,5
dense,5,2.0,False,False,0.0,5
dense,5,10.0,False,False,0.0,5
dense,5,100.0,False,False,0.0,5
dense,6,0.5,False,False,0.0,5
dense,6,1.0,False,False,0.0,5
dense,6,2.0,False,False,0.0,5
dense,6,10.0,False,False,0.0,5
dense,6,100.0,False,False,0.0,5
dense,7,0.5,False,False,0.0,4
dense,7,1.0,False,False,0.0,4
dense,7,2.0,False,False,0.0,4
dense,7,10.0,False,False,0.0,4
dense,7,100.0,False,False,0.0,4
dense,8,0.5,False,False,0.0,4
dense,8,1.0,False,False,0.0,4
dense,8,2.0,False,False,0.0,4
dense,8,10.0,False,False,0.0,4
dense,8,100.0,False,False,0.0,4
dense,9,0.5,False,False,0.0,4
dense,9,1.0,False,False,0.0,4
dense,9,2.0,False,False,0.0,4
dense,9,10.0,False,False,0.0,4
dense,9,100.0,False,False,0.0,4
dense,10,0.5,False,False,0.0,4
dense,10,1.0,False,False,0.0,4
dense,10,2.0,False,False,0.0,4
dense,10,10.0,False,False,0.0,4
dense,10,100.0,False,False,0.0,4
dense,11,0.5,False,False,0.0,5
dense,11,1.0,False,False,0.0,5
dense,11,2.0,False,False,0.0,5
dense,11,10.0,False,False,0.0,5
dense,11,100.0,False,False,0.0,5
