regime,encoding,seed,status,n_vars,recovers,feasible,rel_gap
low_overlap,slack,0,evaluated,14.0,True,True,0.0
low_overlap,slack,1,evaluated,15.0,True,True,0.0
low_overlap,slack,2,evaluated,16.0,True,True,0.0
low_overlap,slack,3,evaluated,15.0,True,True,0.0
low_overlap,slack,4,evaluated,14.0,True,True,0.0
low_overlap,slack,5,evaluated,15.0,True,True,0.0
low_overlap,slack,6,evaluated,16.0,True,True,0.0
low_overlap,slack,7,evaluated,14.0,True,True,0.0
low_overlap,slack,8,evaluated,15.0,True,True,0.0
low_overlap,slack,9,evaluated,15.0,True,True,0.0
low_overlap,slack,10,evaluated,15.0,True,True,0.0
low_overlap,slack,11,evaluated,17.0,True,True,0.0
low_overlap,slack,12,evaluated,15.0,True,True,0.0
low_overlap,slack,13,evaluated,16.0,True,True,0.0
low_overlap,slack,14,evaluated,14.0,True,True,0.0
low_overlap,pairwise,0,evaluated,8.0,True,True,0.0
low_overlap,pairwise,1,evaluated,8.0,True,True,0.0
low_overlap,pairwise,2,evaluated,8.0,True,True,0.0
low_overlap,pairwise,3,evaluated,8.0,True,True,0.0
low_overlap,pairwise,4,evaluated,8.0,True,True,0.0
low_overlap,pairwise,5,evaluated,8.0,True,True,0.0
low_overlap,pairwise,6,evaluated,8.0,True,True,0.0
low_overlap,pairwise,7,evaluated,8.0,True,True,0.0
low_overlap,pairwise,8,evaluated,8.0,True,True,0.0
low_overlap,pairwise,9,evaluated,8.0,True,True,0.0
low_overlap,pairwise,10,evaluated,8.0,True,True,0.0
low_overlap,pairwise,11,evaluated,8.0,True,True,0.0
low_overlap,pairwise,12,evaluated,8.0,True,True,0.0
low_overlap,pairwise,13,evaluated,8.0,True,True,0.0
low_overlap,pairwise,14,evaluated,8.0,True,True,0.0
low_overlap,penalty,0,evaluated,14.0,True,True,0.0
low_overlap,penalty,1,evaluated,14.0,False,True,0.25
low_overlap,penalty,2,evaluated,14.0,False,True,0.25
low_overlap,penalty,3,evaluated,14.0,False,True,0.25
low_overlap,penalty,4,evaluated,14.0,True,True,0.0
low_overlap,penalty,5,evaluated,14.0,False,True,0.25
low_overlap,penalty,6,evaluated,14.0,False,True,0.4
low_overlap,penalty,7,evaluated,14.0,True,True,0.0
low_overlap,penalty,8,evaluated,14.0,False,True,0.25
low_overlap,penalty,9,evaluated,14.0,False,True,0.25
low_overlap,penalty,10,evaluated,14.0,False,True,0.25
low_overlap,penalty,11,evaluated,14.0,False,True,0.4
low_overlap,penalty,12,evaluated,14.0,False,True,0.25
low_overlap,penalty,13,evaluated,14.0,False,True,0.2
low_overlap,penalty,14,evaluated,14.0,True,True,0.0
sparse,slack,0,evaluated,17.0,True,True,0.0
sparse,slack,1,evaluated,14.0,True,True,0.0
sparse,slack,2,evaluated,16.0,True,True,0.0
sparse,slack,3,evaluated,16.0,True,True,0.0
sparse,slack,4,evaluated,17.0,True,True,0.0
sparse,slack,5,evaluated,17.0,True,True,0.0
sparse,slack,6,evaluated,17.0,True,True,0.0
sparse,slack,7,evaluated,16.0,True,True,0.0
sparse,slack,8,evaluated,16.0,True,True,0.0
sparse,slack,9,evaluated,16.0,True,True,0.0
sparse,slack,10,evaluated,17.0,True,True,0.0
sparse,slack,11,evaluated,15.0,True,True,0.0
sparse,slack,12,evaluated,15.0,True,True,0.0
sparse,slack,13,evaluated,16.0,True,True,0.0
sparse,slack,14,evaluated,17.0,True,True,0.0
sparse,pairwise,0,evaluated,8.0,True,True,0.0
sparse,pairwise,1,evaluated,8.0,True,True,0.0
sparse,pairwise,2,evaluated,8.0,True,True,0.0
sparse,pairwise,3,evaluated,8.0,True,True,0.0
sparse,pairwise,4,evaluated,8.0,True,True,0.0
sparse,pairwise,5,not_applicable,,,,
sparse,pairwise,6,not_applicable,,,,
sparse,pairwise,7,not_applicable,,,,
sparse,pairwise,8,evaluated,8.0,True,True,0.0
sparse,pairwise,9,not_applicable,,,,
sparse,pairwise,10,not_applicable,,,,
sparse,pairwise,11,evaluated,8.0,True,True,0.0
sparse,pairwise,12,evaluated,8.0,True,True,0.0
sparse,pairwise,13,evaluated,8.0,True,True,0.0
sparse,pairwise,14,evaluated,8.0,True,True,0.0
sparse,penalty,0,evaluated,14.0,False,True,0.16666666666666666
sparse,penalty,1,evaluated,14.0,True,True,0.0
sparse,penalty,2,evaluated,14.0,False,True,0.2
sparse,penalty,3,evaluated,14.0,False,True,0.2
sparse,penalty,4,evaluated,14.0,False,True,0.5
sparse,penalty,5,evaluated,14.0,False,True,0.5
sparse,penalty,6,evaluated,14.0,False,True,0.2
sparse,penalty,7,evaluated,14.0,False,True,0.6
sparse,penalty,8,evaluated,14.0,False,True,0.2
sparse,penalty,9,evaluated,14.0,False,True,0.4
sparse,penalty,10,evaluated,14.0,False,True,0.6666666666666666
sparse,penalty,11,evaluated,14.0,False,True,0.25
sparse,penalty,12,evaluated,14.0,False,True,0.25
sparse,penalty,13,evaluated,14.0,False,True,0.4
sparse,penalty,14,evaluated,14.0,False,True,0.16666666666666666
degree_capped,slack,0,evaluated,20.0,True,True,0.0
degree_capped,slack,1,evaluated,20.0,True,True,0.0
degree_capped,slack,2,evaluated,20.0,True,True,0.0
degree_capped,slack,3,evaluated,20.0,True,True,0.0
degree_capped,slack,4,evaluated,20.0,True,True,0.0
degree_capped,slack,5,evaluated,20.0,True,True,0.0
degree_capped,slack,6,evaluated,20.0,True,True,0.0
degree_capped,slack,7,evaluated,20.0,True,True,0.0
degree_capped,slack,8,evaluated,20.0,True,True,0.0
degree_capped,slack,9,evaluated,20.0,True,True,0.0
degree_capped,slack,10,evaluated,20.0,True,True,0.0
degree_capped,slack,11,evaluated,20.0,True,True,0.0
degree_capped,slack,12,evaluated,20.0,True,True,0.0
degree_capped,slack,13,evaluated,20.0,True,True,0.0
degree_capped,slack,14,evaluated,20.0,True,True,0.0
degree_capped,pairwise,0,evaluated,8.0,True,True,0.0
degree_capped,pairwise,1,evaluated,8.0,True,True,0.0
degree_capped,pairwise,2,evaluated,8.0,True,True,0.0
degree_capped,pairwise,3,evaluated,8.0,True,True,0.0
degree_capped,pairwise,4,evaluated,8.0,True,True,0.0
degree_capped,pairwise,5,evaluated,8.0,True,True,0.0
degree_capped,pairwise,6,evaluated,8.0,True,True,0.0
degree_capped,pairwise,7,evaluated,8.0,True,True,0.0
degree_capped,pairwise,8,evaluated,8.0,True,True,0.0
degree_capped,pairwise,9,evaluated,8.0,True,True,0.0
degree_capped,pairwise,10,evaluated,8.0,True,True,0.0
degree_capped,pairwise,11,evaluated,8.0,True,True,0.0
degree_capped,pairwise,12,evaluated,8.0,True,True,0.0
degree_capped,pairwise,13,evaluated,8.0,True,True,0.0
degree_capped,pairwise,14,evaluated,8.0,True,True,0.0
degree_capped,penalty,0,evaluated,14.0,False,False,0.3333333333333333
degree_capped,penalty,1,evaluated,14.0,False,False,0.16666666666666666
degree_capped,penalty,2,evaluated,14.0,False,False,0.16666666666666666
degree_capped,penalty,3,evaluated,14.0,False,False,0.3333333333333333
degree_capped,penalty,4,evaluated,14.0,False,False,0.16666666666666666
degree_capped,penalty,5,evaluated,14.0,False,False,0.16666666666666666
degree_capped,penalty,6,evaluated,14.0,False,False,0.16666666666666666
degree_capped,penalty,7,evaluated,14.0,False,False,0.16666666666666666
degree_capped,penalty,8,evaluated,14.0,False,False,0.3333333333333333
degree_capped,penalty,9,evaluated,14.0,False,False,0.3333333333333333
degree_capped,penalty,10,evaluated,14.0,False,False,0.16666666666666666
degree_capped,penalty,11,evaluated,14.0,False,False,0.3333333333333333
degree_capped,penalty,12,evaluated,14.0,False,False,0.16666666666666666
degree_capped,penalty,13,evaluated,14.0,False,False,0.16666666666666666
degree_capped,penalty,14,evaluated,14.0,False,False,0.16666666666666666
clustered,slack,0,evaluated,18.0,True,True,0.0
clustered,slack,1,evaluated,20.0,True,True,0.0
clustered,slack,2,evaluated,18.0,True,True,0.0
clustered,slack,3,evaluated,18.0,True,True,0.0
clustered,slack,4,evaluated,19.0,True,True,0.0
clustered,slack,5,evaluated,21.0,True,True,0.0
clustered,slack,6,evaluated,20.0,True,True,0.0
clustered,slack,7,evaluated,19.0,True,True,0.0
clustered,slack,8,evaluated,22.0,True,True,0.0
clustered,slack,9,evaluated,19.0,True,True,0.0
clustered,slack,10,evaluated,18.0,True,True,0.0
clustered,slack,11,evaluated,18.0,True,True,0.0
clustered,slack,12,evaluated,19.0,True,True,0.0
clustered,slack,13,evaluated,17.0,True,True,0.0
clustered,slack,14,evaluated,19.0,True,True,0.0
clustered,pairwise,0,evaluated,8.0,True,True,0.0
clustered,pairwise,1,not_applicable,,,,
clustered,pairwise,2,not_applicable,,,,
clustered,pairwise,3,not_applicable,,,,
clustered,pairwise,4,not_applicable,,,,
clustered,pairwise,5,not_applicable,,,,
clustered,pairwise,6,not_applicable,,,,
clustered,pairwise,7,not_applicable,,,,
clustered,pairwise,8,not_applicable,,,,
clustered,pairwise,9,not_applicable,,,,
clustered,pairwise,10,not_applicable,,,,
clustered,pairwise,11,not_applicable,,,,
clustered,pairwise,12,not_applicable,,,,
clustered,pairwise,13,not_applicable,,,,
clustered,pairwise,14,not_applicable,,,,
clustered,penalty,0,evaluated,14.0,False,True,0.16666666666666666
clustered,penalty,1,evaluated,14.0,False,False,0.0
clustered,penalty,2,evaluated,14.0,False,True,0.5
clustered,penalty,3,evaluated,14.0,False,True,0.5
clustered,penalty,4,evaluated,14.0,False,False,0.0
clustered,penalty,5,evaluated,14.0,False,False,0.0
clustered,penalty,6,evaluated,14.0,False,True,0.5
clustered,penalty,7,evaluated,14.0,False,False,0.0
clustered,penalty,8,evaluated,14.0,False,False,0.0
clustered,penalty,9,evaluated,14.0,False,True,0.3333333333333333
clustered,penalty,10,evaluated,14.0,False,True,0.4
clustered,penalty,11,evaluated,14.0,False,True,0.4
clustered,penalty,12,evaluated,14.0,False,True,0.16666666666666666
clustered,penalty,13,evaluated,14.0,True,True,0.0
clustered,penalty,14,evaluated,14.0,False,True,0.16666666666666666
high_overlap,slack,0,evaluated,20.0,True,True,0.0
high_overlap,slack,1,evaluated,21.0,True,True,0.0
high_overlap,slack,2,evaluated,21.0,True,True,0.0
high_overlap,slack,3,evaluated,19.0,True,True,0.0
high_overlap,slack,4,evaluated,17.0,True,True,0.0
high_overlap,slack,5,evaluated,22.0,True,True,0.0
high_overlap,slack,6,evaluated,19.0,True,True,0.0
high_overlap,slack,7,evaluated,22.0,True,True,0.0
high_overlap,slack,8,too_large_to_enumerate,24.0,,,
high_overlap,slack,9,evaluated,19.0,True,True,0.0
high_overlap,slack,10,evaluated,22.0,True,True,0.0
high_overlap,slack,11,evaluated,21.0,True,True,0.0
high_overlap,slack,12,evaluated,22.0,True,True,0.0
high_overlap,slack,13,evaluated,19.0,True,True,0.0
high_overlap,slack,14,evaluated,19.0,True,True,0.0
high_overlap,pairwise,0,not_applicable,,,,
high_overlap,pairwise,1,not_applicable,,,,
high_overlap,pairwise,2,not_applicable,,,,
high_overlap,pairwise,3,not_applicable,,,,
high_overlap,pairwise,4,evaluated,8.0,True,True,0.0
high_overlap,pairwise,5,not_applicable,,,,
high_overlap,pairwise,6,not_applicable,,,,
high_overlap,pairwise,7,not_applicable,,,,
high_overlap,pairwise,8,not_applicable,,,,
high_overlap,pairwise,9,not_applicable,,,,
high_overlap,pairwise,10,not_applicable,,,,
high_overlap,pairwise,11,not_applicable,,,,
high_overlap,pairwise,12,not_applicable,,,,
high_overlap,pairwise,13,not_applicable,,,,
high_overlap,pairwise,14,not_applicable,,,,
high_overlap,penalty,0,evaluated,14.0,False,False,0.0
high_overlap,penalty,1,evaluated,14.0,False,False,0.0
high_overlap,penalty,2,evaluated,14.0,False,False,0.0
high_overlap,penalty,3,evaluated,14.0,False,False,0.0
high_overlap,penalty,4,evaluated,14.0,False,True,0.4
high_overlap,penalty,5,evaluated,14.0,False,False,0.0
high_overlap,penalty,6,evaluated,14.0,False,False,0.0
high_overlap,penalty,7,evaluated,14.0,False,False,0.0
high_overlap,penalty,8,evaluated,14.0,False,False,0.0
high_overlap,penalty,9,evaluated,14.0,False,False,0.16666666666666666
high_overlap,penalty,10,evaluated,14.0,False,False,0.0
high_overlap,penalty,11,evaluated,14.0,False,False,0.3333333333333333
high_overlap,penalty,12,evaluated,14.0,False,False,0.0
high_overlap,penalty,13,evaluated,14.0,False,True,0.4
high_overlap,penalty,14,evaluated,14.0,True,True,0.0
dense,slack,0,too_large_to_enumerate,23.0,,,
dense,slack,1,too_large_to_enumerate,26.0,,,
dense,slack,2,too_large_to_enumerate,25.0,,,
dense,slack,3,too_large_to_enumerate,26.0,,,
dense,slack,4,too_large_to_enumerate,23.0,,,
dense,slack,5,too_large_to_enumerate,27.0,,,
dense,slack,6,too_large_to_enumerate,28.0,,,
dense,slack,7,too_large_to_enumerate,26.0,,,
dense,slack,8,too_large_to_enumerate,28.0,,,
dense,slack,9,too_large_to_enumerate,23.0,,,
dense,slack,10,too_large_to_enumerate,25.0,,,
dense,slack,11,too_large_to_enumerate,27.0,,,
dense,slack,12,too_large_to_enumerate,26.0,,,
dense,slack,13,too_large_to_enumerate,24.0,,,
dense,slack,14,too_large_to_enumerate,24.0,,,
dense,pairwise,0,not_applicable,,,,
dense,pairwise,1,not_applicable,,,,
dense,pairwise,2,not_applicable,,,,
dense,pairwise,3,not_applicable,,,,
dense,pairwise,4,not_applicable,,,,
dense,pairwise,5,not_applicable,,,,
dense,pairwise,6,not_applicable,,,,
dense,pairwise,7,not_applicable,,,,
dense,pairwise,8,not_applicable,,,,
dense,pairwise,9,not_applicable,,,,
dense,pairwise,10,not_applicable,,,,
dense,pairwise,11,not_applicable,,,,
dense,pairwise,12,not_applicable,,,,
dense,pairwise,13,not_applicable,,,,
dense,pairwise,14,not_applicable,,,,
dense,penalty,0,evaluated,14.0,False,False,0.0
dense,penalty,1,evaluated,14.0,False,False,0.0
dense,penalty,2,evaluated,14.0,False,False,0.0
dense,penalty,3,evaluated,14.0,False,False,0.0
dense,penalty,4,evaluated,14.0,False,False,0.0
dense,penalty,5,evaluated,14.0,False,False,0.0
dense,penalty,6,evaluated,14.0,False,False,0.0
dense,penalty,7,evaluated,14.0,False,False,0.0
dense,penalty,8,evaluated,14.0,False,False,0.0
dense,penalty,9,evaluated,14.0,False,False,0.16666666666666666
dense,penalty,10,evaluated,14.0,False,False,0.0
dense,penalty,11,evaluated,14.0,False,False,0.0
dense,penalty,12,evaluated,14.0,False,False,0.0
dense,penalty,13,evaluated,14.0,False,False,0.0
dense,penalty,14,evaluated,14.0,False,False,0.0
