n_inputs,enc,n_vars
6,pairwise,8
6,penalty,16
6,slack,28
8,pairwise,10
8,penalty,21
8,slack,38
10,pairwise,12
10,penalty,25
10,slack,51
12,pairwise,14
12,penalty,30
12,slack,63
14,pairwise,17
14,penalty,36
14,slack,75
16,pairwise,19
16,penalty,40
16,slack,82
18,pairwise,21
18,penalty,45
18,slack,96
20,pairwise,23
20,penalty,50
20,slack,111
22,pairwise,25
22,penalty,54
22,slack,122
24,pairwise,27
24,penalty,59
24,slack,132
26,pairwise,29
26,penalty,64
26,slack,146
28,pairwise,31
28,penalty,68
28,slack,152
30,pairwise,34
30,penalty,74
30,slack,167
32,pairwise,36
32,penalty,79
32,slack,178
34,pairwise,38
34,penalty,83
34,slack,189
36,pairwise,40
36,penalty,88
36,slack,202
38,pairwise,42
38,penalty,93
38,slack,212
40,pairwise,44
40,penalty,97
40,slack,219
42,pairwise,46
42,penalty,102
42,slack,231
44,pairwise,48
44,penalty,107
44,slack,241
46,pairwise,50
46,penalty,111
46,slack,251
48,pairwise,52
48,penalty,116
48,slack,263
50,pairwise,54
50,penalty,121
50,slack,274
52,pairwise,56
52,penalty,125
52,slack,281
54,pairwise,58
54,penalty,130
54,slack,293
56,pairwise,60
56,penalty,135
56,slack,306
58,pairwise,62
58,penalty,139
58,slack,316
60,pairwise,64
60,penalty,144
60,slack,326
62,pairwise,67
62,penalty,150
62,slack,339
64,pairwise,69
64,penalty,154
64,slack,349
66,pairwise,71
66,penalty,159
66,slack,361
