K,ilp_cov,greedy_cov,ilp_cov_achievable,ilp_obj,greedy_obj,certified,ilp_ms,greedy_ms,n_sel,greedy_is_optimal,rel_gap,greedy_bound_applies,greedy_stalled,greedy_n_selected
1,0.10227272727272728,0.10227272727272728,0.10588235294117647,-9.0,-9.0,True,5.95862499994837,1.0328749995096587,1,True,0.0,False,False,1
2,0.18181818181818182,0.18181818181818182,0.18823529411764706,-16.0,-16.0,True,10.719000000790402,2.101708000736835,2,True,0.0,False,False,2
3,0.2727272727272727,0.2727272727272727,0.2823529411764706,-24.0,-24.0,True,6.616332999328733,3.1955419999576407,3,True,0.0,False,False,3
4,0.3181818181818182,0.3181818181818182,0.32941176470588235,-28.0,-28.0,True,5.867292000402813,4.432958000506915,4,True,0.0,False,False,4
5,0.36363636363636365,0.36363636363636365,0.3764705882352941,-32.0,-32.0,True,5.0548749995869,5.613000000266766,5,True,0.0,False,False,5
6,0.4090909090909091,0.4090909090909091,0.4235294117647059,-36.0,-36.0,True,3.8775410002926947,6.675874999928055,6,True,0.0,False,False,6
7,0.45454545454545453,0.45454545454545453,0.47058823529411764,-40.0,-40.0,True,3.682958999888797,7.791250000082073,7,True,0.0,False,False,7
8,0.5,0.5,0.5176470588235295,-44.0,-44.0,True,6.6289590004089405,8.75441599964688,8,True,0.0,False,False,8
9,0.5340909090909091,0.5227272727272727,0.5529411764705883,-47.0,-46.0,True,7.197957999778737,9.796374999496038,9,False,0.02127659574468085,False,False,9
10,0.5681818181818182,0.5681818181818182,0.5882352941176471,-50.0,-50.0,True,7.823333000487764,10.912124999777006,10,True,0.0,False,False,10
11,0.5909090909090909,0.5909090909090909,0.611764705882353,-52.0,-52.0,True,7.330833000196435,11.837582999760343,11,True,0.0,False,False,11
12,0.6136363636363636,0.6136363636363636,0.6352941176470588,-54.0,-54.0,True,4.8782090007080114,12.785167000401998,12,True,0.0,False,False,12
13,0.6363636363636364,0.6363636363636364,0.6588235294117647,-56.0,-56.0,True,4.3991249995087855,13.708499999665946,13,True,0.0,False,False,13
14,0.6590909090909091,0.6590909090909091,0.6823529411764706,-58.0,-58.0,True,4.91712499933783,14.758749999600695,14,True,0.0,False,False,14
15,0.6818181818181818,0.6818181818181818,0.7058823529411765,-60.0,-60.0,True,6.747333000021172,15.522166999289766,15,True,0.0,False,False,15
16,0.7045454545454546,0.7045454545454546,0.7294117647058823,-62.0,-62.0,True,4.463415999452991,16.500374999850465,16,True,0.0,False,False,16
17,0.7272727272727273,0.7272727272727273,0.7529411764705882,-64.0,-64.0,True,6.828167000094254,17.147458999716036,17,True,0.0,False,False,17
18,0.75,0.75,0.7764705882352941,-66.0,-66.0,True,7.33825000042998,18.112707999534905,18,True,0.0,False,False,18
19,0.7727272727272727,0.7727272727272727,0.8,-68.0,-68.0,True,6.466040999839606,18.940083000416053,19,True,0.0,False,False,19
20,0.7954545454545454,0.7954545454545454,0.8235294117647058,-70.0,-70.0,True,7.684583000809653,19.887999999809836,20,True,0.0,False,False,20
21,0.8068181818181818,0.8068181818181818,0.8352941176470589,-71.0,-71.0,True,7.277582999449805,20.67083299971273,21,True,0.0,False,False,21
22,0.8181818181818182,0.8181818181818182,0.8470588235294118,-72.0,-72.0,True,7.591875000798609,21.745875000306114,22,True,0.0,False,False,22
23,0.8295454545454546,0.8295454545454546,0.8588235294117647,-73.0,-73.0,True,5.102417000671267,22.321041999930458,23,True,0.0,False,False,23
24,0.8409090909090909,0.8409090909090909,0.8705882352941177,-74.0,-74.0,True,7.441957999617443,22.911541999746987,24,True,0.0,False,False,24
25,0.8522727272727273,0.8522727272727273,0.8823529411764706,-75.0,-75.0,True,7.234083999719587,23.665124999752152,25,True,0.0,False,False,25
26,0.8636363636363636,0.8636363636363636,0.8941176470588236,-76.0,-76.0,True,7.572583000182931,24.62566699978197,26,True,0.0,False,False,26
27,0.875,0.875,0.9058823529411765,-77.0,-77.0,True,7.172375000664033,25.78633400025865,27,True,0.0,False,False,27
28,0.8863636363636364,0.8863636363636364,0.9176470588235294,-78.0,-78.0,True,7.959500000652042,25.7719579994955,28,True,0.0,False,False,28
29,0.8977272727272727,0.8977272727272727,0.9294117647058824,-79.0,-79.0,True,3.7346660001276177,26.794625000547967,29,True,0.0,False,False,29
30,0.9090909090909091,0.9090909090909091,0.9411764705882353,-80.0,-80.0,True,3.8438749998022104,27.114833000268845,30,True,0.0,False,False,30
31,0.9204545454545454,0.9204545454545454,0.9529411764705882,-81.0,-81.0,True,3.612125000472588,27.72483300032036,31,True,0.0,False,False,31
32,0.9318181818181818,0.9318181818181818,0.9647058823529412,-82.0,-82.0,True,3.409707999708189,28.280000000449945,32,True,0.0,False,False,32
33,0.9431818181818182,0.9431818181818182,0.9764705882352941,-83.0,-83.0,True,3.3462499995948747,29.870040999412595,33,True,0.0,False,False,33
34,0.9431818181818182,0.9431818181818182,0.9764705882352941,-83.0,-83.0,True,3.537541000696365,29.614041000058933,34,True,0.0,False,True,33
35,0.9545454545454546,0.9431818181818182,0.9882352941176471,-84.0,-83.0,True,3.3918749995791586,29.24633300062851,35,False,0.011904761904761904,False,True,33
36,0.9545454545454546,0.9431818181818182,0.9882352941176471,-84.0,-83.0,True,3.2782920006866334,29.937833000076353,36,False,0.011904761904761904,False,True,33
37,0.9659090909090909,0.9431818181818182,1.0,-85.0,-83.0,True,3.312666999590874,30.119041999569163,37,False,0.023529411764705882,False,True,33
38,0.9659090909090909,0.9431818181818182,1.0,-85.0,-83.0,True,3.500916999655601,29.624708000483224,38,False,0.023529411764705882,False,True,33
39,0.9659090909090909,0.9431818181818182,1.0,-85.0,-83.0,True,3.6613750007745693,29.480207999768027,37,False,0.023529411764705882,False,True,33
40,0.9659090909090909,0.9431818181818182,1.0,-85.0,-83.0,True,4.121624999243068,30.44087499984016,37,False,0.023529411764705882,False,True,33
41,0.9659090909090909,0.9431818181818182,1.0,-85.0,-83.0,True,1.1118750007881317,29.379791000792466,41,False,0.023529411764705882,False,True,33
42,0.9659090909090909,0.9431818181818182,1.0,-85.0,-83.0,True,1.1104579998573172,29.002582999964943,41,False,0.023529411764705882,False,True,33
43,0.9659090909090909,0.9431818181818182,1.0,-85.0,-83.0,True,1.1092080003436422,29.024833000221406,41,False,0.023529411764705882,False,True,33
44,0.9659090909090909,0.9431818181818182,1.0,-85.0,-83.0,True,1.1453749993961537,29.163541999878362,41,False,0.023529411764705882,False,True,33
45,0.9659090909090909,0.9431818181818182,1.0,-85.0,-83.0,True,1.1007920002157334,29.71508399969025,41,False,0.023529411764705882,False,True,33
46,0.9659090909090909,0.9431818181818182,1.0,-85.0,-83.0,True,1.1478750002424931,29.096499999468506,41,False,0.023529411764705882,False,True,33
47,0.9659090909090909,0.9431818181818182,1.0,-85.0,-83.0,True,1.1062080002375296,29.145499999685853,41,False,0.023529411764705882,False,True,33
48,0.9659090909090909,0.9431818181818182,1.0,-85.0,-83.0,True,1.044249999722524,29.233374999421358,41,False,0.023529411764705882,False,True,33
49,0.9659090909090909,0.9431818181818182,1.0,-85.0,-83.0,True,1.1020000001735752,29.230167000605434,41,False,0.023529411764705882,False,True,33
50,0.9659090909090909,0.9431818181818182,1.0,-85.0,-83.0,True,1.0974580000038259,29.182791000494035,41,False,0.023529411764705882,False,True,33
51,0.9659090909090909,0.9431818181818182,1.0,-85.0,-83.0,True,1.068666999344714,28.948416999810433,41,False,0.023529411764705882,False,True,33
52,0.9659090909090909,0.9431818181818182,1.0,-85.0,-83.0,True,1.066249999894353,29.243250000035914,41,False,0.023529411764705882,False,True,33
53,0.9659090909090909,0.9431818181818182,1.0,-85.0,-83.0,True,1.0908750000453438,28.796417000194197,41,False,0.023529411764705882,False,True,33
54,0.9659090909090909,0.9431818181818182,1.0,-85.0,-83.0,True,1.0694170005081105,28.841041999839945,41,False,0.023529411764705882,False,True,33
55,0.9659090909090909,0.9431818181818182,1.0,-85.0,-83.0,True,1.1367090000931057,29.242790999887802,41,False,0.023529411764705882,False,True,33
56,0.9659090909090909,0.9431818181818182,1.0,-85.0,-83.0,True,1.203124999847205,28.793374999622756,41,False,0.023529411764705882,False,True,33
57,0.9659090909090909,0.9431818181818182,1.0,-85.0,-83.0,True,1.0533750000831787,29.047708000689454,41,False,0.023529411764705882,False,True,33
58,0.9659090909090909,0.9431818181818182,1.0,-85.0,-83.0,True,1.0713749998103594,28.951000000233762,41,False,0.023529411764705882,False,True,33
59,0.9659090909090909,0.9431818181818182,1.0,-85.0,-83.0,True,1.0584579995338572,29.042832999948587,41,False,0.023529411764705882,False,True,33
60,0.9659090909090909,0.9431818181818182,1.0,-85.0,-83.0,True,1.1909160002687713,29.35200000047189,41,False,0.023529411764705882,False,True,33
61,0.9659090909090909,0.9431818181818182,1.0,-85.0,-83.0,True,1.1368750001565786,29.122416000063822,41,False,0.023529411764705882,False,True,33
62,0.9659090909090909,0.9431818181818182,1.0,-85.0,-83.0,True,1.1129160002383287,28.80429200013168,41,False,0.023529411764705882,False,True,33
63,0.9659090909090909,0.9431818181818182,1.0,-85.0,-83.0,True,1.0506249991522054,29.308084000149393,41,False,0.023529411764705882,False,True,33
64,0.9659090909090909,0.9431818181818182,1.0,-85.0,-83.0,True,1.1236669997742865,29.19233400007215,41,False,0.023529411764705882,False,True,33
65,0.9659090909090909,0.9431818181818182,1.0,-85.0,-83.0,True,1.0849999998754356,29.189083999881404,40,False,0.023529411764705882,False,True,33
66,0.9659090909090909,0.9431818181818182,1.0,-85.0,-83.0,True,0.9592500000508153,28.902957999889622,42,False,0.023529411764705882,False,True,33
