regime,n_inputs,n_outcomes,K,encoding,qubits,instance_seed,optimum,n_optimal_states,optimum_density,algorithm,family,formulation,depth,objective,gap,found_optimum,runtime_ms,wall_clock_comparable,shots,two_qubit_gates,optimum_probability,near_optimum_probability,expectation,feasible_probability,coverage_fraction,n_selected
degree_capped,8,11,2,pairwise,10,0,-6.0,9,0.0087890625,exhaustive,classical,qubo,,-6.0,0.0,True,0.2584579999620473,True,,,,,,,0.5454545454545454,2
degree_capped,8,11,2,pairwise,10,0,-6.0,9,0.0087890625,greedy,classical,native,,-6.0,0.0,True,0.09062499998435669,True,,,,,,,0.5454545454545454,2
degree_capped,8,11,2,pairwise,10,0,-6.0,9,0.0087890625,annealing,classical,qubo,,-6.0,0.0,True,27.047167000091576,True,,,,,,,0.5454545454545454,2
degree_capped,8,11,2,pairwise,10,0,-6.0,9,0.0087890625,tabu,classical,qubo,,-6.0,0.0,True,98.84095799998249,True,,,,,,,0.5454545454545454,2
degree_capped,8,11,2,pairwise,10,0,-6.0,9,0.0087890625,qaoa_p1,quantum,qubo,1.0,-6.0,0.0,True,163.06016699991233,False,4096.0,90.0,0.002807890858573604,0.002807890858573604,24.528760086107347,0.935791015625,0.5454545454545454,2
degree_capped,8,11,2,pairwise,10,0,-6.0,9,0.0087890625,qaoa_p2,quantum,qubo,2.0,-6.0,0.0,True,136.14862500003255,False,4096.0,180.0,0.12197071088168888,0.12197071088168888,12.750212321295736,0.82958984375,0.5454545454545454,2
degree_capped,8,11,2,pairwise,10,0,-6.0,9,0.0087890625,qaoa_p3,quantum,qubo,3.0,-6.0,0.0,True,230.17783299997063,False,4096.0,270.0,0.015234468342094474,0.015234468342094474,12.63321913109409,0.86376953125,0.5454545454545454,2
degree_capped,8,11,2,pairwise,10,1,-6.0,9,0.0087890625,exhaustive,classical,qubo,,-6.0,0.0,True,0.17795799999476003,True,,,,,,,0.5454545454545454,2
degree_capped,8,11,2,pairwise,10,1,-6.0,9,0.0087890625,greedy,classical,native,,-6.0,0.0,True,0.014582999938284047,True,,,,,,,0.5454545454545454,2
degree_capped,8,11,2,pairwise,10,1,-6.0,9,0.0087890625,annealing,classical,qubo,,-6.0,0.0,True,26.70691599996644,True,,,,,,,0.5454545454545454,2
degree_capped,8,11,2,pairwise,10,1,-6.0,9,0.0087890625,tabu,classical,qubo,,-6.0,0.0,True,99.52958400003808,True,,,,,,,0.5454545454545454,2
degree_capped,8,11,2,pairwise,10,1,-6.0,9,0.0087890625,qaoa_p1,quantum,qubo,1.0,-6.0,0.0,True,167.68870900000366,False,4096.0,90.0,0.004096546426065779,0.004096546426065779,33.60687509530153,0.90673828125,0.5454545454545454,2
degree_capped,8,11,2,pairwise,10,1,-6.0,9,0.0087890625,qaoa_p2,quantum,qubo,2.0,-6.0,0.0,True,132.42399999990084,False,4096.0,180.0,0.05193398825515577,0.05193398825515577,27.415155936472583,0.581298828125,0.5454545454545454,2
degree_capped,8,11,2,pairwise,10,1,-6.0,9,0.0087890625,qaoa_p3,quantum,qubo,3.0,-6.0,0.0,True,305.26795800005857,False,4096.0,270.0,0.005065436328182298,0.005065436328182298,14.516199446348049,0.86181640625,0.5454545454545454,2
degree_capped,8,11,2,pairwise,10,2,-6.0,8,0.0078125,exhaustive,classical,qubo,,-6.0,0.0,True,0.16983399996206572,True,,,,,,,0.5454545454545454,2
degree_capped,8,11,2,pairwise,10,2,-6.0,8,0.0078125,greedy,classical,native,,-6.0,0.0,True,0.01429200005986786,True,,,,,,,0.5454545454545454,2
degree_capped,8,11,2,pairwise,10,2,-6.0,8,0.0078125,annealing,classical,qubo,,-6.0,0.0,True,27.013208999960625,True,,,,,,,0.5454545454545454,2
degree_capped,8,11,2,pairwise,10,2,-6.0,8,0.0078125,tabu,classical,qubo,,-6.0,0.0,True,99.872084000026,True,,,,,,,0.5454545454545454,2
degree_capped,8,11,2,pairwise,10,2,-6.0,8,0.0078125,qaoa_p1,quantum,qubo,1.0,-6.0,0.0,True,104.87591599985535,False,4096.0,90.0,0.0020728104376793845,0.0020728104376793845,20.23664170239273,0.94970703125,0.5454545454545454,2
degree_capped,8,11,2,pairwise,10,2,-6.0,8,0.0078125,qaoa_p2,quantum,qubo,2.0,-6.0,0.0,True,143.9173750000009,False,4096.0,180.0,0.15723958106698954,0.15723958106698954,16.859190919953768,0.76513671875,0.5454545454545454,2
degree_capped,8,11,2,pairwise,10,2,-6.0,8,0.0078125,qaoa_p3,quantum,qubo,3.0,-6.0,0.0,True,265.917165999781,False,4096.0,270.0,0.012364203592654596,0.012364203592654596,10.789840765894837,0.872314453125,0.5454545454545454,2
degree_capped,8,11,2,pairwise,10,3,-6.0,9,0.0087890625,exhaustive,classical,qubo,,-6.0,0.0,True,0.17054199997801334,True,,,,,,,0.5454545454545454,2
degree_capped,8,11,2,pairwise,10,3,-6.0,9,0.0087890625,greedy,classical,native,,-6.0,0.0,True,0.013791999890599982,True,,,,,,,0.5454545454545454,2
degree_capped,8,11,2,pairwise,10,3,-6.0,9,0.0087890625,annealing,classical,qubo,,-6.0,0.0,True,27.07183300003635,True,,,,,,,0.5454545454545454,2
degree_capped,8,11,2,pairwise,10,3,-6.0,9,0.0087890625,tabu,classical,qubo,,-6.0,0.0,True,99.73520799985636,True,,,,,,,0.5454545454545454,2
degree_capped,8,11,2,pairwise,10,3,-6.0,9,0.0087890625,qaoa_p1,quantum,qubo,1.0,-6.0,0.0,True,130.25666700013971,False,4096.0,90.0,0.003018025800179423,0.003018025800179423,24.92103946383119,0.9345703125,0.5454545454545454,2
degree_capped,8,11,2,pairwise,10,3,-6.0,9,0.0087890625,qaoa_p2,quantum,qubo,2.0,-6.0,0.0,True,142.90487499988558,False,4096.0,180.0,0.11902377185427777,0.11902377185427777,12.614056214671889,0.82373046875,0.5454545454545454,2
degree_capped,8,11,2,pairwise,10,3,-6.0,9,0.0087890625,qaoa_p3,quantum,qubo,3.0,-6.0,0.0,True,223.99625000002743,False,4096.0,270.0,0.011409565564987836,0.011409565564987836,13.862583279050277,0.85693359375,0.5454545454545454,2
degree_capped,8,11,2,pairwise,10,4,-6.0,8,0.0078125,exhaustive,classical,qubo,,-6.0,0.0,True,0.17441699992559734,True,,,,,,,0.5454545454545454,2
degree_capped,8,11,2,pairwise,10,4,-6.0,8,0.0078125,greedy,classical,native,,-6.0,0.0,True,0.01329199994870578,True,,,,,,,0.5454545454545454,2
degree_capped,8,11,2,pairwise,10,4,-6.0,8,0.0078125,annealing,classical,qubo,,-6.0,0.0,True,26.761500000020533,True,,,,,,,0.5454545454545454,2
degree_capped,8,11,2,pairwise,10,4,-6.0,8,0.0078125,tabu,classical,qubo,,-6.0,0.0,True,99.48729200004891,True,,,,,,,0.5454545454545454,2
degree_capped,8,11,2,pairwise,10,4,-6.0,8,0.0078125,qaoa_p1,quantum,qubo,1.0,-6.0,0.0,True,136.65133399990737,False,4096.0,90.0,0.0028239552982647813,0.0028239552982647813,24.28641874984249,0.934814453125,0.5454545454545454,2
degree_capped,8,11,2,pairwise,10,4,-6.0,8,0.0078125,qaoa_p2,quantum,qubo,2.0,-6.0,0.0,True,166.55345799995303,False,4096.0,180.0,0.12410442971693106,0.12410442971693106,18.844300442158602,0.694091796875,0.5454545454545454,2
degree_capped,8,11,2,pairwise,10,4,-6.0,8,0.0078125,qaoa_p3,quantum,qubo,3.0,-6.0,0.0,True,203.20341599995118,False,4096.0,270.0,0.01034589864257002,0.01034589864257002,12.703712506198148,0.86669921875,0.5454545454545454,2
degree_capped,10,13,3,pairwise,12,0,-9.0,4,0.0009765625,exhaustive,classical,qubo,,-9.0,0.0,True,0.7397080000828282,True,,,,,,,0.6923076923076923,3
degree_capped,10,13,3,pairwise,12,0,-9.0,4,0.0009765625,greedy,classical,native,,-9.0,0.0,True,0.017790999891076353,True,,,,,,,0.6923076923076923,3
degree_capped,10,13,3,pairwise,12,0,-9.0,4,0.0009765625,annealing,classical,qubo,,-9.0,0.0,True,32.0835420000094,True,,,,,,,0.6923076923076923,3
degree_capped,10,13,3,pairwise,12,0,-9.0,4,0.0009765625,tabu,classical,qubo,,-9.0,0.0,True,115.39545799996631,True,,,,,,,0.6923076923076923,3
degree_capped,10,13,3,pairwise,12,0,-9.0,4,0.0009765625,qaoa_p1,quantum,qubo,1.0,-9.0,0.0,True,203.23099999995975,False,4096.0,132.0,0.0011683361168192223,0.0011683361168192223,31.154117639413045,0.775634765625,0.6923076923076923,3
degree_capped,10,13,3,pairwise,12,0,-9.0,4,0.0009765625,qaoa_p2,quantum,qubo,2.0,-9.0,0.0,True,917.1249170001374,False,4096.0,264.0,0.004953464477659157,0.004953464477659157,41.274805667017276,0.629638671875,0.6923076923076923,3
degree_capped,10,13,3,pairwise,12,0,-9.0,4,0.0009765625,qaoa_p3,quantum,qubo,3.0,-9.0,0.0,True,616.3062089999585,False,4096.0,396.0,0.002691247750772569,0.002691247750772569,22.061422032022385,0.88330078125,0.6923076923076923,3
degree_capped,10,13,3,pairwise,12,1,-9.0,2,0.00048828125,exhaustive,classical,qubo,,-9.0,0.0,True,0.649125000109052,True,,,,,,,0.6923076923076923,3
degree_capped,10,13,3,pairwise,12,1,-9.0,2,0.00048828125,greedy,classical,native,,-9.0,0.0,True,0.019749999864870915,True,,,,,,,0.6923076923076923,3
degree_capped,10,13,3,pairwise,12,1,-9.0,2,0.00048828125,annealing,classical,qubo,,-9.0,0.0,True,32.05625000009604,True,,,,,,,0.6923076923076923,3
degree_capped,10,13,3,pairwise,12,1,-9.0,2,0.00048828125,tabu,classical,qubo,,-9.0,0.0,True,116.6297500001292,True,,,,,,,0.6923076923076923,3
degree_capped,10,13,3,pairwise,12,1,-9.0,2,0.00048828125,qaoa_p1,quantum,qubo,1.0,-9.0,0.0,True,166.20716600004926,False,4096.0,132.0,0.00034104024285775845,0.00034104024285775845,27.870157520289396,0.737548828125,0.6923076923076923,3
degree_capped,10,13,3,pairwise,12,1,-9.0,2,0.00048828125,qaoa_p2,quantum,qubo,2.0,-9.0,0.0,True,666.4191249999476,False,4096.0,264.0,0.012183011421367863,0.012183011421367863,48.1202031767082,0.656005859375,0.6923076923076923,3
degree_capped,10,13,3,pairwise,12,1,-9.0,2,0.00048828125,qaoa_p3,quantum,qubo,3.0,-9.0,0.0,True,1297.989583000117,False,4096.0,396.0,0.0014892562416253172,0.0014892562416253172,19.71674449500696,0.77978515625,0.6923076923076923,3
degree_capped,10,13,3,pairwise,12,2,-9.0,4,0.0009765625,exhaustive,classical,qubo,,-9.0,0.0,True,0.6761249999271968,True,,,,,,,0.6923076923076923,3
degree_capped,10,13,3,pairwise,12,2,-9.0,4,0.0009765625,greedy,classical,native,,-9.0,0.0,True,0.021791999870401924,True,,,,,,,0.6923076923076923,3
degree_capped,10,13,3,pairwise,12,2,-9.0,4,0.0009765625,annealing,classical,qubo,,-9.0,0.0,True,31.788624999990134,True,,,,,,,0.6923076923076923,3
degree_capped,10,13,3,pairwise,12,2,-9.0,4,0.0009765625,tabu,classical,qubo,,-9.0,0.0,True,115.99033399988912,True,,,,,,,0.6923076923076923,3
degree_capped,10,13,3,pairwise,12,2,-9.0,4,0.0009765625,qaoa_p1,quantum,qubo,1.0,-8.0,1.0,False,168.44900000000962,False,4096.0,132.0,0.0003329846695478737,0.0003329846695478737,31.064806154816406,0.70654296875,0.6153846153846154,3
degree_capped,10,13,3,pairwise,12,2,-9.0,4,0.0009765625,qaoa_p2,quantum,qubo,2.0,-9.0,0.0,True,479.3505829998139,False,4096.0,264.0,0.012127812150410203,0.012127812150410203,46.82285615787187,0.6279296875,0.6923076923076923,3
degree_capped,10,13,3,pairwise,12,2,-9.0,4,0.0009765625,qaoa_p3,quantum,qubo,3.0,-9.0,0.0,True,929.3345829998998,False,4096.0,396.0,0.003068090728262447,0.003068090728262447,31.128564227353987,0.701904296875,0.6923076923076923,3
degree_capped,10,13,3,pairwise,12,3,-9.0,6,0.00146484375,exhaustive,classical,qubo,,-9.0,0.0,True,0.6488750000244181,True,,,,,,,0.6923076923076923,3
degree_capped,10,13,3,pairwise,12,3,-9.0,6,0.00146484375,greedy,classical,native,,-9.0,0.0,True,0.019583000039347098,True,,,,,,,0.6923076923076923,3
degree_capped,10,13,3,pairwise,12,3,-9.0,6,0.00146484375,annealing,classical,qubo,,-9.0,0.0,True,32.27837500003261,True,,,,,,,0.6923076923076923,3
degree_capped,10,13,3,pairwise,12,3,-9.0,6,0.00146484375,tabu,classical,qubo,,-9.0,0.0,True,114.96341699989898,True,,,,,,,0.6923076923076923,3
degree_capped,10,13,3,pairwise,12,3,-9.0,6,0.00146484375,qaoa_p1,quantum,qubo,1.0,-8.0,1.0,False,168.56158299992785,False,4096.0,132.0,0.00030110871965525045,0.00030110871965525045,30.715008828439686,0.718017578125,0.6153846153846154,3
degree_capped,10,13,3,pairwise,12,3,-9.0,6,0.00146484375,qaoa_p2,quantum,qubo,2.0,-9.0,0.0,True,661.8599579999227,False,4096.0,264.0,0.00023153587827391697,0.00023153587827391697,24.334573074478193,0.78173828125,0.6923076923076923,3
degree_capped,10,13,3,pairwise,12,3,-9.0,6,0.00146484375,qaoa_p3,quantum,qubo,3.0,-9.0,0.0,True,581.9739169999139,False,4096.0,396.0,0.004423090902912488,0.004423090902912488,30.71189551199101,0.727783203125,0.6923076923076923,3
degree_capped,10,13,3,pairwise,12,4,-9.0,2,0.00048828125,exhaustive,classical,qubo,,-9.0,0.0,True,0.6754580001597787,True,,,,,,,0.6923076923076923,3
degree_capped,10,13,3,pairwise,12,4,-9.0,2,0.00048828125,greedy,classical,native,,-8.0,1.0,False,0.018209000018032384,True,,,,,,,0.6153846153846154,3
degree_capped,10,13,3,pairwise,12,4,-9.0,2,0.00048828125,annealing,classical,qubo,,-9.0,0.0,True,32.15045900014957,True,,,,,,,0.6923076923076923,3
degree_capped,10,13,3,pairwise,12,4,-9.0,2,0.00048828125,tabu,classical,qubo,,-9.0,0.0,True,116.17504200012263,True,,,,,,,0.6923076923076923,3
degree_capped,10,13,3,pairwise,12,4,-9.0,2,0.00048828125,qaoa_p1,quantum,qubo,1.0,-8.0,1.0,False,170.68154200001118,False,4096.0,132.0,0.0006282868589484877,0.0006282868589484877,29.170361060090038,0.802978515625,0.6153846153846154,3
degree_capped,10,13,3,pairwise,12,4,-9.0,2,0.00048828125,qaoa_p2,quantum,qubo,2.0,-9.0,0.0,True,668.2607499999449,False,4096.0,264.0,0.013388894237663766,0.013388894237663766,49.156874136498566,0.66162109375,0.6923076923076923,3
degree_capped,10,13,3,pairwise,12,4,-9.0,2,0.00048828125,qaoa_p3,quantum,qubo,3.0,-9.0,0.0,True,869.9314590000995,False,4096.0,396.0,0.011194539141895993,0.011194539141895993,32.23362197995026,0.537353515625,0.6923076923076923,3
degree_capped,12,16,4,pairwise,15,0,-12.0,4,0.0001220703125,exhaustive,classical,qubo,,-12.0,0.0,True,7.497874999899068,True,,,,,,,0.75,4
degree_capped,12,16,4,pairwise,15,0,-12.0,4,0.0001220703125,greedy,classical,native,,-11.0,1.0,False,0.02491700001883146,True,,,,,,,0.6875,4
degree_capped,12,16,4,pairwise,15,0,-12.0,4,0.0001220703125,annealing,classical,qubo,,-12.0,0.0,True,39.25916699995469,True,,,,,,,0.75,4
degree_capped,12,16,4,pairwise,15,0,-12.0,4,0.0001220703125,tabu,classical,qubo,,-12.0,0.0,True,138.97541700021065,True,,,,,,,0.75,4
degree_capped,12,16,4,pairwise,15,0,-12.0,4,0.0001220703125,qaoa_p1,quantum,qubo,1.0,-11.0,1.0,False,750.389375000168,False,4096.0,210.0,5.473477483192327e-05,5.473477483192327e-05,239.37613832566853,0.822509765625,0.6875,4
degree_capped,12,16,4,pairwise,15,0,-12.0,4,0.0001220703125,qaoa_p2,quantum,qubo,2.0,-11.0,1.0,False,1569.5889170001465,False,4096.0,420.0,8.654166245869707e-05,8.654166245869707e-05,275.04370908605745,0.66357421875,0.6875,4
degree_capped,12,16,4,pairwise,15,0,-12.0,4,0.0001220703125,qaoa_p3,quantum,qubo,3.0,-12.0,0.0,True,2536.088166999889,False,4096.0,630.0,0.0013822283107375877,0.0013822283107375877,190.0123493769123,0.541015625,0.75,4
degree_capped,12,16,4,pairwise,15,1,-12.0,4,0.0001220703125,exhaustive,classical,qubo,,-12.0,0.0,True,7.2701249998772255,True,,,,,,,0.75,4
degree_capped,12,16,4,pairwise,15,1,-12.0,4,0.0001220703125,greedy,classical,native,,-12.0,0.0,True,0.02466599994477292,True,,,,,,,0.75,4
degree_capped,12,16,4,pairwise,15,1,-12.0,4,0.0001220703125,annealing,classical,qubo,,-12.0,0.0,True,39.6491659998901,True,,,,,,,0.75,4
degree_capped,12,16,4,pairwise,15,1,-12.0,4,0.0001220703125,tabu,classical,qubo,,-12.0,0.0,True,138.34274999999252,True,,,,,,,0.75,4
degree_capped,12,16,4,pairwise,15,1,-12.0,4,0.0001220703125,qaoa_p1,quantum,qubo,1.0,-12.0,0.0,True,749.4588340000519,False,4096.0,210.0,0.00010759186981121415,0.00010759186981121415,249.18695184261122,0.822509765625,0.75,4
degree_capped,12,16,4,pairwise,15,1,-12.0,4,0.0001220703125,qaoa_p2,quantum,qubo,2.0,-12.0,0.0,True,1584.1169589998572,False,4096.0,420.0,0.000418480078278425,0.000418480078278425,170.2887623983608,0.805419921875,0.75,4
degree_capped,12,16,4,pairwise,15,1,-12.0,4,0.0001220703125,qaoa_p3,quantum,qubo,3.0,-12.0,0.0,True,2352.5993749999543,False,4096.0,630.0,0.00039043364517488664,0.00039043364517488664,455.3472095174594,0.330322265625,0.75,4
degree_capped,12,16,4,pairwise,15,2,-12.0,3,9.1552734375e-05,exhaustive,classical,qubo,,-12.0,0.0,True,7.22070799974972,True,,,,,,,0.75,4
degree_capped,12,16,4,pairwise,15,2,-12.0,3,9.1552734375e-05,greedy,classical,native,,-12.0,0.0,True,0.02579200008767657,True,,,,,,,0.75,4
degree_capped,12,16,4,pairwise,15,2,-12.0,3,9.1552734375e-05,annealing,classical,qubo,,-12.0,0.0,True,39.14974999997867,True,,,,,,,0.75,4
degree_capped,12,16,4,pairwise,15,2,-12.0,3,9.1552734375e-05,tabu,classical,qubo,,-12.0,0.0,True,139.59674999978233,True,,,,,,,0.75,4
degree_capped,12,16,4,pairwise,15,2,-12.0,3,9.1552734375e-05,qaoa_p1,quantum,qubo,1.0,-11.0,1.0,False,763.4911669997564,False,4096.0,210.0,8.28946716625375e-05,8.28946716625375e-05,249.82565037583342,0.822998046875,0.6875,4
degree_capped,12,16,4,pairwise,15,2,-12.0,3,9.1552734375e-05,qaoa_p2,quantum,qubo,2.0,-12.0,0.0,True,1510.0384170000325,False,4096.0,420.0,0.0013734419409800577,0.0013734419409800577,150.6965090679493,0.289306640625,0.75,4
degree_capped,12,16,4,pairwise,15,2,-12.0,3,9.1552734375e-05,qaoa_p3,quantum,qubo,3.0,-12.0,0.0,True,2670.7045000002836,False,4096.0,630.0,0.00010714653340238082,0.00010714653340238082,108.74213464974665,0.53076171875,0.75,4
degree_capped,12,16,4,pairwise,15,3,-12.0,4,0.0001220703125,exhaustive,classical,qubo,,-12.0,0.0,True,7.322707999719569,True,,,,,,,0.75,4
degree_capped,12,16,4,pairwise,15,3,-12.0,4,0.0001220703125,greedy,classical,native,,-12.0,0.0,True,0.024083000425889622,True,,,,,,,0.75,4
degree_capped,12,16,4,pairwise,15,3,-12.0,4,0.0001220703125,annealing,classical,qubo,,-12.0,0.0,True,39.65866599992296,True,,,,,,,0.75,4
degree_capped,12,16,4,pairwise,15,3,-12.0,4,0.0001220703125,tabu,classical,qubo,,-12.0,0.0,True,139.72933299965007,True,,,,,,,0.75,4
degree_capped,12,16,4,pairwise,15,3,-12.0,4,0.0001220703125,qaoa_p1,quantum,qubo,1.0,-12.0,0.0,True,740.7658749998518,False,4096.0,210.0,0.00015248677049148755,0.00015248677049148755,262.94371447961987,0.813232421875,0.75,4
degree_capped,12,16,4,pairwise,15,3,-12.0,4,0.0001220703125,qaoa_p2,quantum,qubo,2.0,-12.0,0.0,True,1529.1305000000648,False,4096.0,420.0,3.305823315515996e-05,3.305823315515996e-05,80.92099273311301,0.95263671875,0.75,4
degree_capped,12,16,4,pairwise,15,3,-12.0,4,0.0001220703125,qaoa_p3,quantum,qubo,3.0,-11.0,1.0,False,2549.645374999727,False,4096.0,630.0,8.241137213024777e-05,8.241137213024777e-05,439.88413792469487,0.2158203125,0.6875,4
degree_capped,12,16,4,pairwise,15,4,-12.0,3,9.1552734375e-05,exhaustive,classical,qubo,,-12.0,0.0,True,7.297334000213596,True,,,,,,,0.75,4
degree_capped,12,16,4,pairwise,15,4,-12.0,3,9.1552734375e-05,greedy,classical,native,,-12.0,0.0,True,0.02408299997114227,True,,,,,,,0.75,4
degree_capped,12,16,4,pairwise,15,4,-12.0,3,9.1552734375e-05,annealing,classical,qubo,,-12.0,0.0,True,39.812666999750945,True,,,,,,,0.75,4
degree_capped,12,16,4,pairwise,15,4,-12.0,3,9.1552734375e-05,tabu,classical,qubo,,-12.0,0.0,True,140.40350000004764,True,,,,,,,0.75,4
degree_capped,12,16,4,pairwise,15,4,-12.0,3,9.1552734375e-05,qaoa_p1,quantum,qubo,1.0,-12.0,0.0,True,782.2180419998404,False,4096.0,210.0,0.00011109199094879601,0.00011109199094879601,260.74092049698913,0.81982421875,0.75,4
degree_capped,12,16,4,pairwise,15,4,-12.0,3,9.1552734375e-05,qaoa_p2,quantum,qubo,2.0,-12.0,0.0,True,1545.0846250000723,False,4096.0,420.0,0.0010206432155479752,0.0010206432155479752,307.0328321701468,0.45361328125,0.75,4
degree_capped,12,16,4,pairwise,15,4,-12.0,3,9.1552734375e-05,qaoa_p3,quantum,qubo,3.0,-11.0,1.0,False,2598.4713749999173,False,4096.0,630.0,6.321090924253097e-05,6.321090924253097e-05,444.0664273312019,0.21142578125,0.6875,4
degree_capped,14,19,4,pairwise,17,0,-12.0,40,0.00030517578125,exhaustive,classical,qubo,,-12.0,0.0,True,38.490749999709806,True,,,,,,,0.631578947368421,4
degree_capped,14,19,4,pairwise,17,0,-12.0,40,0.00030517578125,greedy,classical,native,,-12.0,0.0,True,0.0284579996332468,True,,,,,,,0.631578947368421,4
degree_capped,14,19,4,pairwise,17,0,-12.0,40,0.00030517578125,annealing,classical,qubo,,-12.0,0.0,True,44.874375000290456,True,,,,,,,0.631578947368421,4
degree_capped,14,19,4,pairwise,17,0,-12.0,40,0.00030517578125,tabu,classical,qubo,,-12.0,0.0,True,155.41874999962602,True,,,,,,,0.631578947368421,4
degree_capped,14,19,4,pairwise,17,0,-12.0,40,0.00030517578125,qaoa_p1,quantum,qubo,1.0,-12.0,0.0,True,2512.579249999817,False,4096.0,272.0,0.00568772078454012,0.00568772078454012,120.55120785949387,0.677978515625,0.631578947368421,4
degree_capped,14,19,4,pairwise,17,0,-12.0,40,0.00030517578125,qaoa_p2,quantum,qubo,2.0,-12.0,0.0,True,4931.1333749997175,False,4096.0,544.0,0.005614494767697391,0.005614494767697391,163.97091196199202,0.424560546875,0.631578947368421,4
degree_capped,14,19,4,pairwise,17,0,-12.0,40,0.00030517578125,qaoa_p3,quantum,qubo,3.0,-12.0,0.0,True,7815.3463329999795,False,4096.0,816.0,0.004556931250595543,0.004556931250595543,48.78330117969387,0.747314453125,0.631578947368421,4
degree_capped,14,19,4,pairwise,17,1,-12.0,22,0.0001678466796875,exhaustive,classical,qubo,,-12.0,0.0,True,37.642667000000074,True,,,,,,,0.631578947368421,4
degree_capped,14,19,4,pairwise,17,1,-12.0,22,0.0001678466796875,greedy,classical,native,,-12.0,0.0,True,0.027332999707141425,True,,,,,,,0.631578947368421,4
degree_capped,14,19,4,pairwise,17,1,-12.0,22,0.0001678466796875,annealing,classical,qubo,,-12.0,0.0,True,45.482874999834166,True,,,,,,,0.631578947368421,4
degree_capped,14,19,4,pairwise,17,1,-12.0,22,0.0001678466796875,tabu,classical,qubo,,-12.0,0.0,True,157.78079099982278,True,,,,,,,0.631578947368421,4
degree_capped,14,19,4,pairwise,17,1,-12.0,22,0.0001678466796875,qaoa_p1,quantum,qubo,1.0,-12.0,0.0,True,2499.453916999755,False,4096.0,272.0,0.003149677738727043,0.003149677738727043,109.22635760758241,0.72119140625,0.631578947368421,4
degree_capped,14,19,4,pairwise,17,1,-12.0,22,0.0001678466796875,qaoa_p2,quantum,qubo,2.0,-12.0,0.0,True,5011.0009579998405,False,4096.0,544.0,0.007058597393945504,0.007058597393945504,146.1808664652791,0.42724609375,0.631578947368421,4
degree_capped,14,19,4,pairwise,17,1,-12.0,22,0.0001678466796875,qaoa_p3,quantum,qubo,3.0,-12.0,0.0,True,7895.416957999714,False,4096.0,816.0,0.001814508327849479,0.001814508327849479,44.07455154717495,0.800048828125,0.631578947368421,4
degree_capped,14,19,4,pairwise,17,2,-12.0,41,0.00031280517578125,exhaustive,classical,qubo,,-12.0,0.0,True,37.85375000006752,True,,,,,,,0.631578947368421,4
degree_capped,14,19,4,pairwise,17,2,-12.0,41,0.00031280517578125,greedy,classical,native,,-12.0,0.0,True,0.02725000013015233,True,,,,,,,0.631578947368421,4
degree_capped,14,19,4,pairwise,17,2,-12.0,41,0.00031280517578125,annealing,classical,qubo,,-12.0,0.0,True,45.229249999920285,True,,,,,,,0.631578947368421,4
degree_capped,14,19,4,pairwise,17,2,-12.0,41,0.00031280517578125,tabu,classical,qubo,,-12.0,0.0,True,156.33583399994677,True,,,,,,,0.631578947368421,4
degree_capped,14,19,4,pairwise,17,2,-12.0,41,0.00031280517578125,qaoa_p1,quantum,qubo,1.0,-12.0,0.0,True,2516.5059999999357,False,4096.0,272.0,0.005493966232765501,0.005493966232765501,119.83555359805645,0.701904296875,0.631578947368421,4
degree_capped,14,19,4,pairwise,17,2,-12.0,41,0.00031280517578125,qaoa_p2,quantum,qubo,2.0,-12.0,0.0,True,4945.435292000184,False,4096.0,544.0,0.0005721735544269424,0.0005721735544269424,149.80093925780392,0.91259765625,0.631578947368421,4
degree_capped,14,19,4,pairwise,17,2,-12.0,41,0.00031280517578125,qaoa_p3,quantum,qubo,3.0,-12.0,0.0,True,8742.250415999933,False,4096.0,816.0,0.004149827471930606,0.004149827471930606,47.60300858928027,0.7900390625,0.631578947368421,4
degree_capped,14,19,4,pairwise,17,3,-12.0,14,0.0001068115234375,exhaustive,classical,qubo,,-12.0,0.0,True,37.54254200021023,True,,,,,,,0.631578947368421,4
degree_capped,14,19,4,pairwise,17,3,-12.0,14,0.0001068115234375,greedy,classical,native,,-12.0,0.0,True,0.027457999749458395,True,,,,,,,0.631578947368421,4
degree_capped,14,19,4,pairwise,17,3,-12.0,14,0.0001068115234375,annealing,classical,qubo,,-12.0,0.0,True,45.26604100010445,True,,,,,,,0.631578947368421,4
degree_capped,14,19,4,pairwise,17,3,-12.0,14,0.0001068115234375,tabu,classical,qubo,,-12.0,0.0,True,156.1199999996461,True,,,,,,,0.631578947368421,4
degree_capped,14,19,4,pairwise,17,3,-12.0,14,0.0001068115234375,qaoa_p1,quantum,qubo,1.0,-12.0,0.0,True,2506.7760000001726,False,4096.0,272.0,0.001976496409872765,0.001976496409872765,109.42325977706662,0.74267578125,0.631578947368421,4
degree_capped,14,19,4,pairwise,17,3,-12.0,14,0.0001068115234375,qaoa_p2,quantum,qubo,2.0,-12.0,0.0,True,5010.315250000076,False,4096.0,544.0,0.0035863200074313655,0.0035863200074313655,145.74948905469086,0.478759765625,0.631578947368421,4
degree_capped,14,19,4,pairwise,17,3,-12.0,14,0.0001068115234375,qaoa_p3,quantum,qubo,3.0,-12.0,0.0,True,8508.654582999952,False,4096.0,816.0,0.0012482260534344598,0.0012482260534344598,40.13221491663245,0.844482421875,0.631578947368421,4
degree_capped,14,19,4,pairwise,17,4,-12.0,33,0.00025177001953125,exhaustive,classical,qubo,,-12.0,0.0,True,37.69137499966746,True,,,,,,,0.631578947368421,4
degree_capped,14,19,4,pairwise,17,4,-12.0,33,0.00025177001953125,greedy,classical,native,,-12.0,0.0,True,0.027292000140732853,True,,,,,,,0.631578947368421,4
degree_capped,14,19,4,pairwise,17,4,-12.0,33,0.00025177001953125,annealing,classical,qubo,,-12.0,0.0,True,45.60162500001752,True,,,,,,,0.631578947368421,4
degree_capped,14,19,4,pairwise,17,4,-12.0,33,0.00025177001953125,tabu,classical,qubo,,-12.0,0.0,True,158.19729200029542,True,,,,,,,0.631578947368421,4
degree_capped,14,19,4,pairwise,17,4,-12.0,33,0.00025177001953125,qaoa_p1,quantum,qubo,1.0,-12.0,0.0,True,2518.9096250001057,False,4096.0,272.0,0.004228016851619307,0.004228016851619307,117.96674325071103,0.697021484375,0.631578947368421,4
degree_capped,14,19,4,pairwise,17,4,-12.0,33,0.00025177001953125,qaoa_p2,quantum,qubo,2.0,-12.0,0.0,True,4992.884958000104,False,4096.0,544.0,0.0007140633818215812,0.0007140633818215812,118.07651885535262,0.936279296875,0.631578947368421,4
degree_capped,14,19,4,pairwise,17,4,-12.0,33,0.00025177001953125,qaoa_p3,quantum,qubo,3.0,-12.0,0.0,True,8053.759833000186,False,4096.0,816.0,0.003233955021621077,0.003233955021621077,59.080968727563864,0.778076171875,0.631578947368421,4
degree_capped,16,21,5,pairwise,19,0,-15.0,10,1.9073486328125e-05,exhaustive,classical,qubo,,-15.0,0.0,True,196.100916999967,True,,,,,,,0.7142857142857143,5
degree_capped,16,21,5,pairwise,19,0,-15.0,10,1.9073486328125e-05,greedy,classical,native,,-15.0,0.0,True,0.03308299983473262,True,,,,,,,0.7142857142857143,5
degree_capped,16,21,5,pairwise,19,0,-15.0,10,1.9073486328125e-05,annealing,classical,qubo,,-15.0,0.0,True,50.393624999742315,True,,,,,,,0.7142857142857143,5
degree_capped,16,21,5,pairwise,19,0,-15.0,10,1.9073486328125e-05,tabu,classical,qubo,,-15.0,0.0,True,172.96120799983328,True,,,,,,,0.7142857142857143,5
degree_capped,16,21,5,pairwise,19,0,-15.0,10,1.9073486328125e-05,qaoa_p1,quantum,qubo,1.0,-14.0,1.0,False,10502.909833000103,False,4096.0,342.0,2.2317902636348488e-05,2.2317902636348488e-05,307.1307885609421,0.34521484375,0.6666666666666666,5
degree_capped,16,21,5,pairwise,19,0,-15.0,10,1.9073486328125e-05,qaoa_p2,quantum,qubo,2.0,-15.0,0.0,True,21643.18929199999,False,4096.0,684.0,0.001183648936183107,0.001183648936183107,303.8923990742826,0.322265625,0.7142857142857143,5
degree_capped,16,21,5,pairwise,19,0,-15.0,10,1.9073486328125e-05,qaoa_p3,quantum,qubo,3.0,-13.0,2.0,False,33292.23062499978,False,4096.0,1026.0,6.831007170778649e-06,6.831007170778649e-06,75.47173500757599,0.952880859375,0.6190476190476191,5
degree_capped,16,21,5,pairwise,19,1,-15.0,6,1.1444091796875e-05,exhaustive,classical,qubo,,-15.0,0.0,True,197.09420799972577,True,,,,,,,0.7142857142857143,5
degree_capped,16,21,5,pairwise,19,1,-15.0,6,1.1444091796875e-05,greedy,classical,native,,-14.0,1.0,False,0.035958000353275565,True,,,,,,,0.6666666666666666,5
degree_capped,16,21,5,pairwise,19,1,-15.0,6,1.1444091796875e-05,annealing,classical,qubo,,-15.0,0.0,True,50.796332999652805,True,,,,,,,0.7142857142857143,5
degree_capped,16,21,5,pairwise,19,1,-15.0,6,1.1444091796875e-05,tabu,classical,qubo,,-15.0,0.0,True,173.5390839999127,True,,,,,,,0.7142857142857143,5
degree_capped,16,21,5,pairwise,19,1,-15.0,6,1.1444091796875e-05,qaoa_p1,quantum,qubo,1.0,-14.0,1.0,False,10721.768542000063,False,4096.0,342.0,8.35408629502512e-05,8.35408629502512e-05,213.42923121209554,0.53857421875,0.6666666666666666,5
degree_capped,16,21,5,pairwise,19,1,-15.0,6,1.1444091796875e-05,qaoa_p2,quantum,qubo,2.0,-15.0,0.0,True,21372.748041999785,False,4096.0,684.0,0.0036015396608104827,0.0036015396608104827,410.9749049611985,0.352294921875,0.7142857142857143,5
degree_capped,16,21,5,pairwise,19,1,-15.0,6,1.1444091796875e-05,qaoa_p3,quantum,qubo,3.0,-13.0,2.0,False,34478.30962500029,False,4096.0,1026.0,2.9850713869873048e-06,2.9850713869873048e-06,111.26488151670023,0.8876953125,0.6190476190476191,5
degree_capped,16,21,5,pairwise,19,2,-15.0,4,7.62939453125e-06,exhaustive,classical,qubo,,-15.0,0.0,True,197.09337499989488,True,,,,,,,0.7142857142857143,5
degree_capped,16,21,5,pairwise,19,2,-15.0,4,7.62939453125e-06,greedy,classical,native,,-15.0,0.0,True,0.03520900008879835,True,,,,,,,0.7142857142857143,5
degree_capped,16,21,5,pairwise,19,2,-15.0,4,7.62939453125e-06,annealing,classical,qubo,,-14.0,1.0,False,51.13904100016953,True,,,,,,,0.6666666666666666,5
degree_capped,16,21,5,pairwise,19,2,-15.0,4,7.62939453125e-06,tabu,classical,qubo,,-15.0,0.0,True,177.39987499999188,True,,,,,,,0.7142857142857143,5
degree_capped,16,21,5,pairwise,19,2,-15.0,4,7.62939453125e-06,qaoa_p1,quantum,qubo,1.0,-14.0,1.0,False,10763.95095900034,False,4096.0,342.0,2.642162879955119e-05,2.642162879955119e-05,213.77275607063635,0.539306640625,0.6666666666666666,5
degree_capped,16,21,5,pairwise,19,2,-15.0,4,7.62939453125e-06,qaoa_p2,quantum,qubo,2.0,-13.0,2.0,False,21666.544457999862,False,4096.0,684.0,3.8471987842398056e-05,3.8471987842398056e-05,662.3773977803378,0.4130859375,0.6190476190476191,5
degree_capped,16,21,5,pairwise,19,2,-15.0,4,7.62939453125e-06,qaoa_p3,quantum,qubo,3.0,-12.0,3.0,False,34776.60291600023,False,4096.0,1026.0,1.1724588713632255e-05,1.1724588713632255e-05,289.8034068351335,0.826904296875,0.5714285714285714,5
degree_capped,16,21,5,pairwise,19,3,-15.0,2,3.814697265625e-06,exhaustive,classical,qubo,,-15.0,0.0,True,196.91583299982085,True,,,,,,,0.7142857142857143,5
degree_capped,16,21,5,pairwise,19,3,-15.0,2,3.814697265625e-06,greedy,classical,native,,-14.0,1.0,False,0.035042000035900855,True,,,,,,,0.6666666666666666,5
degree_capped,16,21,5,pairwise,19,3,-15.0,2,3.814697265625e-06,annealing,classical,qubo,,-14.0,1.0,False,51.28999999988082,True,,,,,,,0.6666666666666666,5
degree_capped,16,21,5,pairwise,19,3,-15.0,2,3.814697265625e-06,tabu,classical,qubo,,-15.0,0.0,True,176.8040420001853,True,,,,,,,0.7142857142857143,5
degree_capped,16,21,5,pairwise,19,3,-15.0,2,3.814697265625e-06,qaoa_p1,quantum,qubo,1.0,-14.0,1.0,False,10849.937167000007,False,4096.0,342.0,2.0994817623253366e-05,2.0994817623253366e-05,234.91880706241093,0.47900390625,0.6666666666666666,5
degree_capped,16,21,5,pairwise,19,3,-15.0,2,3.814697265625e-06,qaoa_p2,quantum,qubo,2.0,-15.0,0.0,True,22275.995791999776,False,4096.0,684.0,0.00022781307829711824,0.00022781307829711824,269.90728211877183,0.49853515625,0.7142857142857143,5
degree_capped,16,21,5,pairwise,19,3,-15.0,2,3.814697265625e-06,qaoa_p3,quantum,qubo,3.0,-13.0,2.0,False,34717.43062500036,False,4096.0,1026.0,1.4425754488576863e-06,1.4425754488576863e-06,70.1202887507097,0.970703125,0.6190476190476191,5
degree_capped,16,21,5,pairwise,19,4,-15.0,2,3.814697265625e-06,exhaustive,classical,qubo,,-15.0,0.0,True,196.3225830004376,True,,,,,,,0.7142857142857143,5
degree_capped,16,21,5,pairwise,19,4,-15.0,2,3.814697265625e-06,greedy,classical,native,,-14.0,1.0,False,0.034749999940686394,True,,,,,,,0.6666666666666666,5
degree_capped,16,21,5,pairwise,19,4,-15.0,2,3.814697265625e-06,annealing,classical,qubo,,-14.0,1.0,False,50.72695799981375,True,,,,,,,0.6666666666666666,5
degree_capped,16,21,5,pairwise,19,4,-15.0,2,3.814697265625e-06,tabu,classical,qubo,,-15.0,0.0,True,176.1653749999823,True,,,,,,,0.7142857142857143,5
degree_capped,16,21,5,pairwise,19,4,-15.0,2,3.814697265625e-06,qaoa_p1,quantum,qubo,1.0,-14.0,1.0,False,10712.947582999732,False,4096.0,342.0,7.84457285036312e-05,7.84457285036312e-05,216.8974061195014,0.537353515625,0.6666666666666666,5
degree_capped,16,21,5,pairwise,19,4,-15.0,2,3.814697265625e-06,qaoa_p2,quantum,qubo,2.0,-15.0,0.0,True,21454.191541,False,4096.0,684.0,0.002832751603006324,0.002832751603006324,431.2896396306345,0.338623046875,0.7142857142857143,5
degree_capped,16,21,5,pairwise,19,4,-15.0,2,3.814697265625e-06,qaoa_p3,quantum,qubo,3.0,-14.0,1.0,False,36215.00420800021,False,4096.0,1026.0,6.689960316468963e-05,6.689960316468963e-05,185.5965458365305,0.497802734375,0.6666666666666666,5
