instance_seed,depth,K,qubits,channel,mechanism,rate,mean_energy,sem_energy,best_energy,optimum,optimum_probability,optimum_probability_floor,ideal_expectation,trajectories,coverage_fraction,feasible,ideal_mean_energy,delta_E,delta_sig
0,1,3,12,depolarizing,ideal,0.0,148.5525,9.701236549318834,-9.0,-9.0,0.0025,0.0025,147.49672967144895,400,0.6923076923076923,True,148.5525,0.0,0.0
0,1,3,12,depolarizing,single_qubit_error,0.001,141.47,8.778527302686369,-8.0,-9.0,0.0,0.0025,147.49672967144895,400,0.6153846153846154,True,148.5525,-7.08250000000001,-0.8067981969860312
0,1,3,12,depolarizing,two_qubit_error,0.001,144.8925,8.676233048342343,-9.0,-9.0,0.0075,0.0025,147.49672967144895,400,0.6923076923076923,True,148.5525,-3.6599999999999966,-0.42184205744672404
0,1,3,12,depolarizing,measurement_error,0.001,149.355,8.96397118390978,-9.0,-9.0,0.0025,0.0025,147.49672967144895,400,0.6923076923076923,True,148.5525,0.8024999999999807,0.08952505352097276
0,1,3,12,dephasing,single_qubit_error,0.001,148.5525,9.701236549318834,-9.0,-9.0,0.0025,0.0025,147.49672967144895,400,0.6923076923076923,True,148.5525,0.0,0.0
0,1,3,12,dephasing,two_qubit_error,0.001,133.0475,8.998668829952177,-9.0,-9.0,0.005,0.0025,147.49672967144895,400,0.6923076923076923,True,148.5525,-15.504999999999995,-1.7230326277139367
0,1,3,12,dephasing,measurement_error,0.001,149.355,8.96397118390978,-9.0,-9.0,0.0025,0.0025,147.49672967144895,400,0.6923076923076923,True,148.5525,0.8024999999999807,0.08952505352097276
0,1,3,12,depolarizing,single_qubit_error,0.005,141.755,8.708887658485455,-9.0,-9.0,0.0025,0.0025,147.49672967144895,400,0.6923076923076923,True,148.5525,-6.797500000000014,-0.7805244787348827
0,1,3,12,depolarizing,two_qubit_error,0.005,158.785,9.804927380651508,-9.0,-9.0,0.005,0.0025,147.49672967144895,400,0.6923076923076923,True,148.5525,10.232499999999987,1.0436079333124106
0,1,3,12,depolarizing,measurement_error,0.005,150.195,8.95855844212127,-9.0,-9.0,0.0025,0.0025,147.49672967144895,400,0.6923076923076923,True,148.5525,1.642499999999984,0.1833442300579625
0,1,3,12,dephasing,single_qubit_error,0.005,148.5525,9.701236549318834,-9.0,-9.0,0.0025,0.0025,147.49672967144895,400,0.6923076923076923,True,148.5525,0.0,0.0
0,1,3,12,dephasing,two_qubit_error,0.005,143.1075,9.261019439674559,-9.0,-9.0,0.005,0.0025,147.49672967144895,400,0.6923076923076923,True,148.5525,-5.445000000000022,-0.5879482313441039
0,1,3,12,dephasing,measurement_error,0.005,150.195,8.95855844212127,-9.0,-9.0,0.0025,0.0025,147.49672967144895,400,0.6923076923076923,True,148.5525,1.642499999999984,0.1833442300579625
0,1,3,12,depolarizing,single_qubit_error,0.01,149.9475,8.294652041562774,-9.0,-9.0,0.005,0.0025,147.49672967144895,400,0.6923076923076923,True,148.5525,1.3949999999999818,0.1681806533908749
0,1,3,12,depolarizing,two_qubit_error,0.01,156.6,8.95219201395036,-9.0,-9.0,0.0125,0.0025,147.49672967144895,400,0.6923076923076923,True,148.5525,8.047499999999985,0.8989418443504589
0,1,3,12,depolarizing,measurement_error,0.01,151.4775,8.984919068140101,-9.0,-9.0,0.0025,0.0025,147.49672967144895,400,0.6923076923076923,True,148.5525,2.924999999999983,0.3255455032835888
0,1,3,12,dephasing,single_qubit_error,0.01,148.5525,9.701236549318834,-9.0,-9.0,0.0025,0.0025,147.49672967144895,400,0.6923076923076923,True,148.5525,0.0,0.0
0,1,3,12,dephasing,two_qubit_error,0.01,149.8225,8.64943766462077,-9.0,-9.0,0.0025,0.0025,147.49672967144895,400,0.6923076923076923,True,148.5525,1.2699999999999818,0.14683035467088534
0,1,3,12,dephasing,measurement_error,0.01,151.4775,8.984919068140101,-9.0,-9.0,0.0025,0.0025,147.49672967144895,400,0.6923076923076923,True,148.5525,2.924999999999983,0.3255455032835888
0,1,3,12,depolarizing,single_qubit_error,0.02,146.035,8.550919101547098,-8.0,-9.0,0.0,0.0025,147.49672967144895,400,0.6153846153846154,True,148.5525,-2.5175000000000125,-0.2944127958764722
0,1,3,12,depolarizing,two_qubit_error,0.02,169.5875,9.20904362954167,-9.0,-9.0,0.005,0.0025,147.49672967144895,400,0.6923076923076923,True,148.5525,21.034999999999997,2.284167699295274
0,1,3,12,depolarizing,measurement_error,0.02,154.3975,9.066695160708672,-9.0,-9.0,0.005,0.0025,147.49672967144895,400,0.6923076923076923,True,148.5525,5.844999999999999,0.6446670916355305
0,1,3,12,dephasing,single_qubit_error,0.02,148.5525,9.701236549318834,-9.0,-9.0,0.0025,0.0025,147.49672967144895,400,0.6923076923076923,True,148.5525,0.0,0.0
0,1,3,12,dephasing,two_qubit_error,0.02,172.145,9.667631181896263,-9.0,-9.0,0.0025,0.0025,147.49672967144895,400,0.6923076923076923,True,148.5525,23.5925,2.440359955412825
0,1,3,12,dephasing,measurement_error,0.02,154.3975,9.066695160708672,-9.0,-9.0,0.005,0.0025,147.49672967144895,400,0.6923076923076923,True,148.5525,5.844999999999999,0.6446670916355305
0,1,3,12,depolarizing,single_qubit_error,0.05,149.64,8.911026426846117,-9.0,-9.0,0.0075,0.0025,147.49672967144895,400,0.6923076923076923,True,148.5525,1.0874999999999773,0.12203981313798848
0,1,3,12,depolarizing,two_qubit_error,0.05,177.0275,9.424904584420926,-9.0,-9.0,0.0025,0.0025,147.49672967144895,400,0.6923076923076923,True,148.5525,28.474999999999994,3.0212507452933033
0,1,3,12,depolarizing,measurement_error,0.05,153.84,8.883555306701144,-9.0,-9.0,0.0025,0.0025,147.49672967144895,400,0.6923076923076923,True,148.5525,5.287499999999994,0.595200887195633
0,1,3,12,dephasing,single_qubit_error,0.05,148.5525,9.701236549318834,-9.0,-9.0,0.0025,0.0025,147.49672967144895,400,0.6923076923076923,True,148.5525,0.0,0.0
0,1,3,12,dephasing,two_qubit_error,0.05,185.7925,8.743437846339791,-8.0,-9.0,0.0,0.0025,147.49672967144895,400,0.6153846153846154,True,148.5525,37.23999999999998,4.259194227084204
0,1,3,12,dephasing,measurement_error,0.05,153.84,8.883555306701144,-9.0,-9.0,0.0025,0.0025,147.49672967144895,400,0.6923076923076923,True,148.5525,5.287499999999994,0.595200887195633
0,2,3,12,depolarizing,ideal,0.0,143.7875,7.724879628353856,-8.0,-9.0,0.0,0.0025,144.55284660622752,400,0.6153846153846154,True,143.7875,0.0,0.0
0,2,3,12,depolarizing,single_qubit_error,0.001,152.08,8.242927187689691,-8.0,-9.0,0.0,0.0025,144.55284660622752,400,0.6153846153846154,True,143.7875,8.292500000000018,1.006013981584644
0,2,3,12,depolarizing,two_qubit_error,0.001,146.375,7.94565570289024,-8.0,-9.0,0.0,0.0025,144.55284660622752,400,0.6153846153846154,True,143.7875,2.5875000000000057,0.3256496501678018
0,2,3,12,depolarizing,measurement_error,0.001,149.23,8.869650189619403,-8.0,-9.0,0.0,0.0025,144.55284660622752,400,0.6153846153846154,True,143.7875,5.4424999999999955,0.6136093175771042
0,2,3,12,dephasing,single_qubit_error,0.001,142.935,7.718240085183366,-8.0,-9.0,0.0,0.0025,144.55284660622752,400,0.6153846153846154,True,143.7875,-0.852499999999992,-0.1104526408340845
0,2,3,12,dephasing,two_qubit_error,0.001,160.68,8.054909864941433,-8.0,-9.0,0.0,0.0025,144.55284660622752,400,0.6153846153846154,True,143.7875,16.892500000000013,2.0971680978732885
0,2,3,12,dephasing,measurement_error,0.001,149.23,8.869650189619403,-8.0,-9.0,0.0,0.0025,144.55284660622752,400,0.6153846153846154,True,143.7875,5.4424999999999955,0.6136093175771042
0,2,3,12,depolarizing,single_qubit_error,0.005,154.0925,7.505802090511702,-9.0,-9.0,0.0025,0.0025,144.55284660622752,400,0.6923076923076923,True,143.7875,10.305000000000007,1.372937878688122
0,2,3,12,depolarizing,two_qubit_error,0.005,171.1725,9.902136771473996,-8.0,-9.0,0.0,0.0025,144.55284660622752,400,0.6153846153846154,True,143.7875,27.38500000000002,2.765564709113141
0,2,3,12,depolarizing,measurement_error,0.005,151.8325,8.92673737767051,-8.0,-9.0,0.0,0.0025,144.55284660622752,400,0.6153846153846154,True,143.7875,8.045000000000016,0.9012251239880669
0,2,3,12,dephasing,single_qubit_error,0.005,145.4175,7.791226058401063,-8.0,-9.0,0.0,0.0025,144.55284660622752,400,0.6153846153846154,True,143.7875,1.6299999999999955,0.2092096914891093
0,2,3,12,dephasing,two_qubit_error,0.005,153.2675,7.310960279600742,-8.0,-9.0,0.0,0.0025,144.55284660622752,400,0.6153846153846154,True,143.7875,9.480000000000018,1.2966832861137811
0,2,3,12,dephasing,measurement_error,0.005,151.8325,8.92673737767051,-8.0,-9.0,0.0,0.0025,144.55284660622752,400,0.6153846153846154,True,143.7875,8.045000000000016,0.9012251239880669
0,2,3,12,depolarizing,single_qubit_error,0.01,151.965,8.020355334192917,-8.0,-9.0,0.0,0.0025,144.55284660622752,400,0.6153846153846154,True,143.7875,8.177500000000009,1.0195932298831127
0,2,3,12,depolarizing,two_qubit_error,0.01,168.4175,8.717643819794256,-9.0,-9.0,0.0025,0.0025,144.55284660622752,400,0.6923076923076923,True,143.7875,24.629999999999995,2.8253046934626065
0,2,3,12,depolarizing,measurement_error,0.01,155.0875,9.106563476705315,-8.0,-9.0,0.0,0.0025,144.55284660622752,400,0.6153846153846154,True,143.7875,11.300000000000011,1.2408632552669874
0,2,3,12,dephasing,single_qubit_error,0.01,143.4775,7.684603539759434,-8.0,-9.0,0.0,0.0025,144.55284660622752,400,0.6153846153846154,True,143.7875,-0.3100000000000023,-0.04034040251993362
0,2,3,12,dephasing,two_qubit_error,0.01,165.845,8.501298879824791,-9.0,-9.0,0.0025,0.0025,144.55284660622752,400,0.6923076923076923,True,143.7875,22.057500000000005,2.594603520215796
0,2,3,12,dephasing,measurement_error,0.01,155.0875,9.106563476705315,-8.0,-9.0,0.0,0.0025,144.55284660622752,400,0.6153846153846154,True,143.7875,11.300000000000011,1.2408632552669874
0,2,3,12,depolarizing,single_qubit_error,0.02,165.29,8.819753959139074,-8.0,-9.0,0.0,0.0025,144.55284660622752,400,0.6153846153846154,True,143.7875,21.502499999999998,2.437993179811892
0,2,3,12,depolarizing,two_qubit_error,0.02,197.46,9.981239093148028,-8.0,-9.0,0.0,0.0025,144.55284660622752,400,0.6153846153846154,True,143.7875,53.672500000000014,5.377338374435433
0,2,3,12,depolarizing,measurement_error,0.02,157.9575,9.359763065697228,-8.0,-9.0,0.0,0.0025,144.55284660622752,400,0.6153846153846154,True,143.7875,14.170000000000016,1.513927211676107
0,2,3,12,dephasing,single_qubit_error,0.02,140.55,7.513634640690515,-8.0,-9.0,0.0,0.0025,144.55284660622752,400,0.6153846153846154,True,143.7875,-3.237499999999983,-0.43088334139473833
0,2,3,12,dephasing,two_qubit_error,0.02,197.555,9.766202651136092,-8.0,-9.0,0.0,0.0025,144.55284660622752,400,0.6153846153846154,True,143.7875,53.76750000000001,5.505466343537863
0,2,3,12,dephasing,measurement_error,0.02,157.9575,9.359763065697228,-8.0,-9.0,0.0,0.0025,144.55284660622752,400,0.6153846153846154,True,143.7875,14.170000000000016,1.513927211676107
0,2,3,12,depolarizing,single_qubit_error,0.05,160.1525,9.327266768609494,-9.0,-9.0,0.0025,0.0025,144.55284660622752,400,0.6923076923076923,True,143.7875,16.36500000000001,1.7545332846140627
0,2,3,12,depolarizing,two_qubit_error,0.05,197.045,9.390593861421943,-8.0,-9.0,0.0,0.0025,144.55284660622752,400,0.6153846153846154,True,143.7875,53.25749999999999,5.671366559551712
0,2,3,12,depolarizing,measurement_error,0.05,163.715,9.582291490715182,-8.0,-9.0,0.0,0.0025,144.55284660622752,400,0.6153846153846154,True,143.7875,19.92750000000001,2.0796173878981743
0,2,3,12,dephasing,single_qubit_error,0.05,143.445,7.946213608649451,-9.0,-9.0,0.0025,0.0025,144.55284660622752,400,0.6923076923076923,True,143.7875,-0.34250000000000114,-0.043102289576911194
0,2,3,12,dephasing,two_qubit_error,0.05,190.2975,9.515166497126843,-8.0,-9.0,0.0,0.0025,144.55284660622752,400,0.6153846153846154,True,143.7875,46.51000000000002,4.887985934249702
0,2,3,12,dephasing,measurement_error,0.05,163.715,9.582291490715182,-8.0,-9.0,0.0,0.0025,144.55284660622752,400,0.6153846153846154,True,143.7875,19.92750000000001,2.0796173878981743
0,3,3,12,depolarizing,ideal,0.0,136.85,7.886128410269398,-8.0,-9.0,0.0,0.0025,137.73926737743608,400,0.6153846153846154,True,136.85,0.0,0.0
0,3,3,12,depolarizing,single_qubit_error,0.001,134.6625,7.0130514907853065,-9.0,-9.0,0.0025,0.0025,137.73926737743608,400,0.6923076923076923,True,136.85,-2.1875,-0.3119184285006652
0,3,3,12,depolarizing,two_qubit_error,0.001,148.035,8.852978170860602,-8.0,-9.0,0.0,0.0025,137.73926737743608,400,0.6153846153846154,True,136.85,11.185000000000002,1.2634166473848543
0,3,3,12,depolarizing,measurement_error,0.001,143.4475,7.557170944943799,-8.0,-9.0,0.0,0.0025,137.73926737743608,400,0.6153846153846154,True,136.85,6.597499999999997,0.8730118781306807
0,3,3,12,dephasing,single_qubit_error,0.001,137.5175,7.913344063671826,-8.0,-9.0,0.0,0.0025,137.73926737743608,400,0.6153846153846154,True,136.85,0.6675000000000182,0.08435119143426897
0,3,3,12,dephasing,two_qubit_error,0.001,148.6375,7.5902978722081205,-8.0,-9.0,0.0,0.0025,137.73926737743608,400,0.6153846153846154,True,136.85,11.787499999999994,1.5529693562040472
0,3,3,12,dephasing,measurement_error,0.001,143.4475,7.557170944943799,-8.0,-9.0,0.0,0.0025,137.73926737743608,400,0.6153846153846154,True,136.85,6.597499999999997,0.8730118781306807
0,3,3,12,depolarizing,single_qubit_error,0.005,136.095,7.218114739214885,-8.0,-9.0,0.0,0.0025,137.73926737743608,400,0.6153846153846154,True,136.85,-0.7549999999999955,-0.10459794936456177
0,3,3,12,depolarizing,two_qubit_error,0.005,164.0825,9.138723510582986,-8.0,-9.0,0.0,0.0025,137.73926737743608,400,0.6153846153846154,True,136.85,27.232500000000016,2.9799019489389034
0,3,3,12,depolarizing,measurement_error,0.005,144.0025,7.595458096363183,-8.0,-9.0,0.0,0.0025,137.73926737743608,400,0.6153846153846154,True,136.85,7.152500000000003,0.9416811875276786
0,3,3,12,dephasing,single_qubit_error,0.005,135.2075,7.796209869558444,-8.0,-9.0,0.0,0.0025,137.73926737743608,400,0.6153846153846154,True,136.85,-1.642499999999984,-0.2106792951294692
0,3,3,12,dephasing,two_qubit_error,0.005,154.8025,8.247967546978774,-9.0,-9.0,0.0025,0.0025,137.73926737743608,400,0.6923076923076923,True,136.85,17.952500000000015,2.176596827975639
0,3,3,12,dephasing,measurement_error,0.005,144.0025,7.595458096363183,-8.0,-9.0,0.0,0.0025,137.73926737743608,400,0.6153846153846154,True,136.85,7.152500000000003,0.9416811875276786
0,3,3,12,depolarizing,single_qubit_error,0.01,138.6675,8.141794298271321,-8.0,-9.0,0.0,0.0025,137.73926737743608,400,0.6153846153846154,True,136.85,1.8174999999999955,0.22323089154756587
0,3,3,12,depolarizing,two_qubit_error,0.01,160.645,8.927019470633672,-8.0,-9.0,0.0,0.0025,137.73926737743608,400,0.6153846153846154,True,136.85,23.795000000000016,2.6655033158912738
0,3,3,12,depolarizing,measurement_error,0.01,142.45,7.572212507295282,-8.0,-9.0,0.0,0.0025,137.73926737743608,400,0.6153846153846154,True,136.85,5.599999999999994,0.7395460698712295
0,3,3,12,dephasing,single_qubit_error,0.01,131.4,7.623342500320511,-8.0,-9.0,0.0,0.0025,137.73926737743608,400,0.6153846153846154,True,136.85,-5.449999999999989,-0.7149095032488507
0,3,3,12,dephasing,two_qubit_error,0.01,159.425,8.401763804408136,-8.0,-9.0,0.0,0.0025,137.73926737743608,400,0.6153846153846154,True,136.85,22.575000000000017,2.6869358060453497
0,3,3,12,dephasing,measurement_error,0.01,142.45,7.572212507295282,-8.0,-9.0,0.0,0.0025,137.73926737743608,400,0.6153846153846154,True,136.85,5.599999999999994,0.7395460698712295
0,3,3,12,depolarizing,single_qubit_error,0.02,152.7775,8.933217557195473,-9.0,-9.0,0.0025,0.0025,137.73926737743608,400,0.6923076923076923,True,136.85,15.927500000000009,1.7829522115657896
0,3,3,12,depolarizing,two_qubit_error,0.02,193.4525,9.356947312928362,-8.0,-9.0,0.0,0.0025,137.73926737743608,400,0.6153846153846154,True,136.85,56.60249999999999,6.0492485537236185
0,3,3,12,depolarizing,measurement_error,0.02,145.5825,7.6454227618486525,-8.0,-9.0,0.0,0.0025,137.73926737743608,400,0.6153846153846154,True,136.85,8.732500000000016,1.1421866745650713
0,3,3,12,dephasing,single_qubit_error,0.02,129.795,7.375460220974548,-8.0,-9.0,0.0,0.0025,137.73926737743608,400,0.6153846153846154,True,136.85,-7.055000000000007,-0.956550478021262
0,3,3,12,dephasing,two_qubit_error,0.02,163.595,8.740310205807019,-8.0,-9.0,0.0,0.0025,137.73926737743608,400,0.6153846153846154,True,136.85,26.745000000000005,3.0599600437786245
0,3,3,12,dephasing,measurement_error,0.02,145.5825,7.6454227618486525,-8.0,-9.0,0.0,0.0025,137.73926737743608,400,0.6153846153846154,True,136.85,8.732500000000016,1.1421866745650713
0,3,3,12,depolarizing,single_qubit_error,0.05,160.9375,8.912643239137612,-8.0,-9.0,0.0,0.0025,137.73926737743608,400,0.6153846153846154,True,136.85,24.087500000000006,2.7026213608804466
0,3,3,12,depolarizing,two_qubit_error,0.05,225.5825,10.554814933482975,-8.0,-9.0,0.0,0.0025,137.73926737743608,400,0.6153846153846154,True,136.85,88.73250000000002,8.406826700344546
0,3,3,12,depolarizing,measurement_error,0.05,154.995,7.925344007144355,-8.0,-9.0,0.0,0.0025,137.73926737743608,400,0.6153846153846154,True,136.85,18.14500000000001,2.2894905235208816
0,3,3,12,dephasing,single_qubit_error,0.05,135.3275,7.572407410748639,-8.0,-9.0,0.0,0.0025,137.73926737743608,400,0.6153846153846154,True,136.85,-1.522500000000008,-0.20105891263046655
0,3,3,12,dephasing,two_qubit_error,0.05,182.5375,8.485413341925856,-8.0,-9.0,0.0,0.0025,137.73926737743608,400,0.6153846153846154,True,136.85,45.6875,5.384239772299734
0,3,3,12,dephasing,measurement_error,0.05,154.995,7.925344007144355,-8.0,-9.0,0.0,0.0025,137.73926737743608,400,0.6153846153846154,True,136.85,18.14500000000001,2.2894905235208816
1,1,3,12,depolarizing,ideal,0.0,42.2725,5.7410338165335215,-9.0,-9.0,0.0025,0.0025,34.685054565405174,400,0.6923076923076923,True,42.2725,0.0,0.0
1,1,3,12,depolarizing,single_qubit_error,0.001,39.7,4.935736138416455,-9.0,-9.0,0.005,0.0025,34.685054565405174,400,0.6923076923076923,True,42.2725,-2.572499999999998,-0.5211988501527434
1,1,3,12,depolarizing,two_qubit_error,0.001,40.115,5.100083977636777,-9.0,-9.0,0.0025,0.0025,34.685054565405174,400,0.6923076923076923,True,42.2725,-2.157499999999999,-0.42303224995124855
1,1,3,12,depolarizing,measurement_error,0.001,39.6725,5.641044145990842,-8.0,-9.0,0.0,0.0025,34.685054565405174,400,0.6153846153846154,True,42.2725,-2.6000000000000014,-0.46090757893604734
1,1,3,12,dephasing,single_qubit_error,0.001,42.2725,5.7410338165335215,-9.0,-9.0,0.0025,0.0025,34.685054565405174,400,0.6923076923076923,True,42.2725,0.0,0.0
1,1,3,12,dephasing,two_qubit_error,0.001,41.3375,5.346405954091014,-9.0,-9.0,0.0025,0.0025,34.685054565405174,400,0.6923076923076923,True,42.2725,-0.9350000000000023,-0.17488383935465096
1,1,3,12,dephasing,measurement_error,0.001,39.6725,5.641044145990842,-8.0,-9.0,0.0,0.0025,34.685054565405174,400,0.6153846153846154,True,42.2725,-2.6000000000000014,-0.46090757893604734
1,1,3,12,depolarizing,single_qubit_error,0.005,33.3125,5.009757357530235,-9.0,-9.0,0.005,0.0025,34.685054565405174,400,0.6923076923076923,True,42.2725,-8.96,-1.7885097741374842
1,1,3,12,depolarizing,two_qubit_error,0.005,49.48,6.3843194890564385,-9.0,-9.0,0.0025,0.0025,34.685054565405174,400,0.6923076923076923,True,42.2725,7.207499999999996,1.1289378628927635
1,1,3,12,depolarizing,measurement_error,0.005,39.93,5.6392122265739255,-8.0,-9.0,0.0,0.0025,34.685054565405174,400,0.6153846153846154,True,42.2725,-2.342500000000001,-0.4153949001885987
1,1,3,12,dephasing,single_qubit_error,0.005,42.2725,5.7410338165335215,-9.0,-9.0,0.0025,0.0025,34.685054565405174,400,0.6923076923076923,True,42.2725,0.0,0.0
1,1,3,12,dephasing,two_qubit_error,0.005,44.12,5.2817296570750445,-8.0,-9.0,0.0,0.0025,34.685054565405174,400,0.6153846153846154,True,42.2725,1.8474999999999966,0.3497907162902993
1,1,3,12,dephasing,measurement_error,0.005,39.93,5.6392122265739255,-8.0,-9.0,0.0,0.0025,34.685054565405174,400,0.6153846153846154,True,42.2725,-2.342500000000001,-0.4153949001885987
1,1,3,12,depolarizing,single_qubit_error,0.01,36.5225,4.700812997926922,-9.0,-9.0,0.0025,0.0025,34.685054565405174,400,0.6923076923076923,True,42.2725,-5.75,-1.2231926695522186
1,1,3,12,depolarizing,two_qubit_error,0.01,50.6,5.222342112774415,-9.0,-9.0,0.0025,0.0025,34.685054565405174,400,0.6923076923076923,True,42.2725,8.3275,1.594591051327341
1,1,3,12,depolarizing,measurement_error,0.01,41.49,5.685680888681654,-8.0,-9.0,0.0,0.0025,34.685054565405174,400,0.6153846153846154,True,42.2725,-0.7824999999999989,-0.13762643653774212
1,1,3,12,dephasing,single_qubit_error,0.01,42.2725,5.7410338165335215,-9.0,-9.0,0.0025,0.0025,34.685054565405174,400,0.6923076923076923,True,42.2725,0.0,0.0
1,1,3,12,dephasing,two_qubit_error,0.01,50.0225,5.257124773732452,-8.0,-9.0,0.0,0.0025,34.685054565405174,400,0.6153846153846154,True,42.2725,7.75,1.4741898534962217
1,1,3,12,dephasing,measurement_error,0.01,41.49,5.685680888681654,-8.0,-9.0,0.0,0.0025,34.685054565405174,400,0.6153846153846154,True,42.2725,-0.7824999999999989,-0.13762643653774212
1,1,3,12,depolarizing,single_qubit_error,0.02,39.555,4.612991617883851,-8.0,-9.0,0.0,0.0025,34.685054565405174,400,0.6153846153846154,True,42.2725,-2.717500000000001,-0.5890971033774864
1,1,3,12,depolarizing,two_qubit_error,0.02,69.9175,5.851603831675741,-8.0,-9.0,0.0,0.0025,34.685054565405174,400,0.6153846153846154,True,42.2725,27.645000000000003,4.724345802488004
1,1,3,12,depolarizing,measurement_error,0.02,43.375,5.651050510052793,-8.0,-9.0,0.0,0.0025,34.685054565405174,400,0.6153846153846154,True,42.2725,1.1024999999999991,0.1950964688846321
1,1,3,12,dephasing,single_qubit_error,0.02,42.2725,5.7410338165335215,-9.0,-9.0,0.0025,0.0025,34.685054565405174,400,0.6923076923076923,True,42.2725,0.0,0.0
1,1,3,12,dephasing,two_qubit_error,0.02,75.4575,6.63063505914735,-9.0,-9.0,0.0025,0.0025,34.685054565405174,400,0.6923076923076923,True,42.2725,33.184999999999995,5.0047996464862505
1,1,3,12,dephasing,measurement_error,0.02,43.375,5.651050510052793,-8.0,-9.0,0.0,0.0025,34.685054565405174,400,0.6153846153846154,True,42.2725,1.1024999999999991,0.1950964688846321
1,1,3,12,depolarizing,single_qubit_error,0.05,49.3725,5.974289891580975,-9.0,-9.0,0.0025,0.0025,34.685054565405174,400,0.6923076923076923,True,42.2725,7.100000000000001,1.1884257591861065
1,1,3,12,depolarizing,two_qubit_error,0.05,106.49,6.7845587803932785,-8.0,-9.0,0.0,0.0025,34.685054565405174,400,0.6153846153846154,True,42.2725,64.2175,9.465243367863861
1,1,3,12,depolarizing,measurement_error,0.05,50.315,5.847013841668383,-8.0,-9.0,0.0,0.0025,34.685054565405174,400,0.6153846153846154,True,42.2725,8.042499999999997,1.375488448938776
1,1,3,12,dephasing,single_qubit_error,0.05,42.2725,5.7410338165335215,-9.0,-9.0,0.0025,0.0025,34.685054565405174,400,0.6923076923076923,True,42.2725,0.0,0.0
1,1,3,12,dephasing,two_qubit_error,0.05,175.475,9.441500318177475,-9.0,-9.0,0.0025,0.0025,34.685054565405174,400,0.6923076923076923,True,42.2725,133.2025,14.108192078704766
1,1,3,12,dephasing,measurement_error,0.05,50.315,5.847013841668383,-8.0,-9.0,0.0,0.0025,34.685054565405174,400,0.6153846153846154,True,42.2725,8.042499999999997,1.375488448938776
1,2,3,12,depolarizing,ideal,0.0,55.005,3.869908321076074,-8.0,-9.0,0.0,0.0025,53.659271685773874,400,0.6153846153846154,True,55.005,0.0,0.0
1,2,3,12,depolarizing,single_qubit_error,0.001,55.6725,3.777102642277643,-9.0,-9.0,0.0075,0.0025,53.659271685773874,400,0.6923076923076923,True,55.005,0.6674999999999969,0.17672275900807544
1,2,3,12,depolarizing,two_qubit_error,0.001,70.1625,5.344894524503751,-9.0,-9.0,0.0025,0.0025,53.659271685773874,400,0.6923076923076923,True,55.005,15.157499999999992,2.835883838401338
1,2,3,12,depolarizing,measurement_error,0.001,58.895,4.261687151933185,-9.0,-9.0,0.0025,0.0025,53.659271685773874,400,0.6923076923076923,True,55.005,3.8900000000000006,0.9127840363024817
1,2,3,12,dephasing,single_qubit_error,0.001,55.5575,3.8871234294481063,-8.0,-9.0,0.0,0.0025,53.659271685773874,400,0.6153846153846154,True,55.005,0.5524999999999949,0.14213595478197583
1,2,3,12,dephasing,two_qubit_error,0.001,62.775,4.115416451456925,-9.0,-9.0,0.01,0.0025,53.659271685773874,400,0.6923076923076923,True,55.005,7.769999999999996,1.8880227776825085
1,2,3,12,dephasing,measurement_error,0.001,58.895,4.261687151933185,-9.0,-9.0,0.0025,0.0025,53.659271685773874,400,0.6923076923076923,True,55.005,3.8900000000000006,0.9127840363024817
1,2,3,12,depolarizing,single_qubit_error,0.005,53.9875,4.150082990911583,-9.0,-9.0,0.0075,0.0025,53.659271685773874,400,0.6923076923076923,True,55.005,-1.0175000000000054,-0.24517581991209944
1,2,3,12,depolarizing,two_qubit_error,0.005,120.9725,8.176500918948701,-8.0,-9.0,0.0,0.0025,53.659271685773874,400,0.6153846153846154,True,55.005,65.9675,8.067937697789903
1,2,3,12,depolarizing,measurement_error,0.005,59.765,4.2866756826848125,-9.0,-9.0,0.0025,0.0025,53.659271685773874,400,0.6923076923076923,True,55.005,4.759999999999998,1.1104175711792441
1,2,3,12,dephasing,single_qubit_error,0.005,55.3925,3.8675610765801354,-8.0,-9.0,0.0,0.0025,53.659271685773874,400,0.6153846153846154,True,55.005,0.38749999999999574,0.10019234145945019
1,2,3,12,dephasing,two_qubit_error,0.005,85.96,5.085493004394398,-9.0,-9.0,0.0075,0.0025,53.659271685773874,400,0.6923076923076923,True,55.005,30.95499999999999,6.086922147617081
1,2,3,12,dephasing,measurement_error,0.005,59.765,4.2866756826848125,-9.0,-9.0,0.0025,0.0025,53.659271685773874,400,0.6923076923076923,True,55.005,4.759999999999998,1.1104175711792441
1,2,3,12,depolarizing,single_qubit_error,0.01,64.5125,4.8517146398713376,-8.0,-9.0,0.0,0.0025,53.659271685773874,400,0.6153846153846154,True,55.005,9.5075,1.9596164873068729
1,2,3,12,depolarizing,two_qubit_error,0.01,194.6625,10.666733661336055,-8.0,-9.0,0.0,0.0025,53.659271685773874,400,0.6153846153846154,True,55.005,139.6575,13.092808392340348
1,2,3,12,depolarizing,measurement_error,0.01,60.7375,4.347024907709365,-9.0,-9.0,0.0025,0.0025,53.659271685773874,400,0.6923076923076923,True,55.005,5.732499999999995,1.3187180017840516
1,2,3,12,dephasing,single_qubit_error,0.01,58.1975,4.067198235652553,-8.0,-9.0,0.0,0.0025,53.659271685773874,400,0.6153846153846154,True,55.005,3.1924999999999955,0.7849383814181807
1,2,3,12,dephasing,two_qubit_error,0.01,118.425,6.895293584870326,-9.0,-9.0,0.0025,0.0025,53.659271685773874,400,0.6923076923076923,True,55.005,63.419999999999995,9.197577915921716
1,2,3,12,dephasing,measurement_error,0.01,60.7375,4.347024907709365,-9.0,-9.0,0.0025,0.0025,53.659271685773874,400,0.6923076923076923,True,55.005,5.732499999999995,1.3187180017840516
1,2,3,12,depolarizing,single_qubit_error,0.02,87.885,6.780527695324875,-8.0,-9.0,0.0,0.0025,53.659271685773874,400,0.6153846153846154,True,55.005,32.88,4.849180104768324
1,2,3,12,depolarizing,two_qubit_error,0.02,212.8525,10.825315028813602,-8.0,-9.0,0.0,0.0025,53.659271685773874,400,0.6153846153846154,True,55.005,157.8475,14.581330850867557
1,2,3,12,depolarizing,measurement_error,0.02,65.1025,4.589082607921852,-9.0,-9.0,0.0025,0.0025,53.659271685773874,400,0.6923076923076923,True,55.005,10.097500000000004,2.2003308422841004
1,2,3,12,dephasing,single_qubit_error,0.02,62.0075,4.294868548511991,-8.0,-9.0,0.0,0.0025,53.659271685773874,400,0.6153846153846154,True,55.005,7.002499999999998,1.630434068215219
1,2,3,12,dephasing,two_qubit_error,0.02,153.32,7.897763491674468,-9.0,-9.0,0.0025,0.0025,53.659271685773874,400,0.6923076923076923,True,55.005,98.315,12.448460897017245
1,2,3,12,dephasing,measurement_error,0.02,65.1025,4.589082607921852,-9.0,-9.0,0.0025,0.0025,53.659271685773874,400,0.6923076923076923,True,55.005,10.097500000000004,2.2003308422841004
1,2,3,12,depolarizing,single_qubit_error,0.05,129.485,8.458195855519415,-9.0,-9.0,0.0025,0.0025,53.659271685773874,400,0.6923076923076923,True,55.005,74.48000000000002,8.805660364485167
1,2,3,12,depolarizing,two_qubit_error,0.05,229.51,9.945258678156069,-8.0,-9.0,0.0,0.0025,53.659271685773874,400,0.6153846153846154,True,55.005,174.505,17.546552145826602
1,2,3,12,depolarizing,measurement_error,0.05,73.95,5.305275310037003,-9.0,-9.0,0.0025,0.0025,53.659271685773874,400,0.6923076923076923,True,55.005,18.945,3.570973963247133
1,2,3,12,dephasing,single_qubit_error,0.05,71.08,4.8517478957701705,-8.0,-9.0,0.0,0.0025,53.659271685773874,400,0.6153846153846154,True,55.005,16.074999999999996,3.313238928596111
1,2,3,12,dephasing,two_qubit_error,0.05,207.4575,9.041303606872969,-8.0,-9.0,0.0,0.0025,53.659271685773874,400,0.6153846153846154,True,55.005,152.45250000000001,16.861783060145164
1,2,3,12,dephasing,measurement_error,0.05,73.95,5.305275310037003,-9.0,-9.0,0.0025,0.0025,53.659271685773874,400,0.6923076923076923,True,55.005,18.945,3.570973963247133
1,3,3,12,depolarizing,ideal,0.0,155.74,8.44636511816019,-9.0,-9.0,0.0025,0.0025,143.55525288975258,400,0.6923076923076923,True,155.74,0.0,0.0
1,3,3,12,depolarizing,single_qubit_error,0.001,142.795,7.007171939089257,-8.0,-9.0,0.0,0.0025,143.55525288975258,400,0.6153846153846154,True,155.74,-12.945000000000022,-1.8473929443327635
1,3,3,12,depolarizing,two_qubit_error,0.001,151.5375,9.076814164276309,-8.0,-9.0,0.0,0.0025,143.55525288975258,400,0.6153846153846154,True,155.74,-4.202500000000015,-0.462992843517699
1,3,3,12,depolarizing,measurement_error,0.001,135.5675,6.957437815875859,-8.0,-9.0,0.0,0.0025,143.55525288975258,400,0.6153846153846154,True,155.74,-20.172500000000014,-2.899415062534847
1,3,3,12,dephasing,single_qubit_error,0.001,153.77,8.426787324451045,-9.0,-9.0,0.0025,0.0025,143.55525288975258,400,0.6923076923076923,True,155.74,-1.9699999999999989,-0.23377829819958493
1,3,3,12,dephasing,two_qubit_error,0.001,148.19,8.514702587311898,-9.0,-9.0,0.0025,0.0025,143.55525288975258,400,0.6923076923076923,True,155.74,-7.550000000000011,-0.8867015521188691
1,3,3,12,dephasing,measurement_error,0.001,135.5675,6.957437815875859,-8.0,-9.0,0.0,0.0025,143.55525288975258,400,0.6153846153846154,True,155.74,-20.172500000000014,-2.899415062534847
1,3,3,12,depolarizing,single_qubit_error,0.005,155.2025,7.9792967532273895,-8.0,-9.0,0.0,0.0025,143.55525288975258,400,0.6153846153846154,True,155.74,-0.5375000000000227,-0.06736182606350866
1,3,3,12,depolarizing,two_qubit_error,0.005,180.5825,8.882669927842219,-9.0,-9.0,0.0025,0.0025,143.55525288975258,400,0.6923076923076923,True,155.74,24.8425,2.7967379404848325
1,3,3,12,depolarizing,measurement_error,0.005,135.32,6.942882365332652,-8.0,-9.0,0.0,0.0025,143.55525288975258,400,0.6153846153846154,True,155.74,-20.420000000000016,-2.9411415785987667
1,3,3,12,dephasing,single_qubit_error,0.005,151.54,8.411774686917063,-9.0,-9.0,0.0025,0.0025,143.55525288975258,400,0.6923076923076923,True,155.74,-4.200000000000017,-0.4993001068528772
1,3,3,12,dephasing,two_qubit_error,0.005,162.4125,8.73222251976619,-8.0,-9.0,0.0,0.0025,143.55525288975258,400,0.6153846153846154,True,155.74,6.672499999999985,0.7641239083058371
1,3,3,12,dephasing,measurement_error,0.005,135.32,6.942882365332652,-8.0,-9.0,0.0,0.0025,143.55525288975258,400,0.6153846153846154,True,155.74,-20.420000000000016,-2.9411415785987667
1,3,3,12,depolarizing,single_qubit_error,0.01,147.5675,7.693680550321868,-8.0,-9.0,0.0,0.0025,143.55525288975258,400,0.6153846153846154,True,155.74,-8.172500000000014,-1.062235421206579
1,3,3,12,depolarizing,two_qubit_error,0.01,213.91,9.475305842135388,-8.0,-9.0,0.0,0.0025,143.55525288975258,400,0.6153846153846154,True,155.74,58.16999999999999,6.139115820549661
1,3,3,12,depolarizing,measurement_error,0.01,134.0,6.882505700090588,-8.0,-9.0,0.0,0.0025,143.55525288975258,400,0.6153846153846154,True,155.74,-21.74000000000001,-3.1587333083812577
1,3,3,12,dephasing,single_qubit_error,0.01,159.5975,8.756440593302457,-9.0,-9.0,0.0025,0.0025,143.55525288975258,400,0.6923076923076923,True,155.74,3.8574999999999875,0.44053288078611247
1,3,3,12,dephasing,two_qubit_error,0.01,168.9675,9.36904817837954,-8.0,-9.0,0.0,0.0025,143.55525288975258,400,0.6153846153846154,True,155.74,13.227499999999992,1.4118296488777162
1,3,3,12,dephasing,measurement_error,0.01,134.0,6.882505700090588,-8.0,-9.0,0.0,0.0025,143.55525288975258,400,0.6153846153846154,True,155.74,-21.74000000000001,-3.1587333083812577
1,3,3,12,depolarizing,single_qubit_error,0.02,153.205,8.051765941359454,-8.0,-9.0,0.0,0.0025,143.55525288975258,400,0.6153846153846154,True,155.74,-2.5349999999999966,-0.31483776583450823
1,3,3,12,depolarizing,two_qubit_error,0.02,203.8725,9.566920509205072,-8.0,-9.0,0.0,0.0025,143.55525288975258,400,0.6153846153846154,True,155.74,48.13249999999999,5.03113828046214
1,3,3,12,depolarizing,measurement_error,0.02,135.265,7.080082510705365,-8.0,-9.0,0.0,0.0025,143.55525288975258,400,0.6153846153846154,True,155.74,-20.475000000000023,-2.8919154500023145
1,3,3,12,dephasing,single_qubit_error,0.02,155.69,8.598546957157128,-9.0,-9.0,0.0025,0.0025,143.55525288975258,400,0.6923076923076923,True,155.74,-0.05000000000001137,-0.005814935971058823
1,3,3,12,dephasing,two_qubit_error,0.02,197.4675,9.314421935867703,-8.0,-9.0,0.0,0.0025,143.55525288975258,400,0.6153846153846154,True,155.74,41.72749999999999,4.479880800687905
1,3,3,12,dephasing,measurement_error,0.02,135.265,7.080082510705365,-8.0,-9.0,0.0,0.0025,143.55525288975258,400,0.6153846153846154,True,155.74,-20.475000000000023,-2.8919154500023145
1,3,3,12,depolarizing,single_qubit_error,0.05,167.31,8.530236490652893,-9.0,-9.0,0.0025,0.0025,143.55525288975258,400,0.6923076923076923,True,155.74,11.569999999999993,1.3563516102605078
1,3,3,12,depolarizing,two_qubit_error,0.05,220.7725,10.516950245462741,-8.0,-9.0,0.0,0.0025,143.55525288975258,400,0.6153846153846154,True,155.74,65.0325,6.183589204299653
1,3,3,12,depolarizing,measurement_error,0.05,131.39,6.901462360019572,-8.0,-9.0,0.0,0.0025,143.55525288975258,400,0.6153846153846154,True,155.74,-24.350000000000023,-3.5282377458233314
1,3,3,12,dephasing,single_qubit_error,0.05,153.85,8.363282398747696,-8.0,-9.0,0.0,0.0025,143.55525288975258,400,0.6153846153846154,True,155.74,-1.8900000000000148,-0.22598782510118517
1,3,3,12,dephasing,two_qubit_error,0.05,205.6675,9.64600920553979,-8.0,-9.0,0.0,0.0025,143.55525288975258,400,0.6153846153846154,True,155.74,49.92749999999998,5.175974741069723
1,3,3,12,dephasing,measurement_error,0.05,131.39,6.901462360019572,-8.0,-9.0,0.0,0.0025,143.55525288975258,400,0.6153846153846154,True,155.74,-24.350000000000023,-3.5282377458233314
2,1,3,12,depolarizing,ideal,0.0,149.06,8.964649510835901,-8.0,-9.0,0.0,0.0025,141.7868517450792,400,0.6153846153846154,True,149.06,0.0,0.0
2,1,3,12,depolarizing,single_qubit_error,0.001,153.43,8.762082256156875,-9.0,-9.0,0.0025,0.0025,141.7868517450792,400,0.6923076923076923,True,149.06,4.3700000000000045,0.49873989677845415
2,1,3,12,depolarizing,two_qubit_error,0.001,141.3175,8.564813588976106,-9.0,-9.0,0.0025,0.0025,141.7868517450792,400,0.6923076923076923,True,149.06,-7.742500000000007,-0.9039893185726178
2,1,3,12,depolarizing,measurement_error,0.001,149.275,8.61715072713338,-8.0,-9.0,0.0,0.0025,141.7868517450792,400,0.6153846153846154,True,149.06,0.2150000000000034,0.024950242465066674
2,1,3,12,dephasing,single_qubit_error,0.001,149.06,8.964649510835901,-8.0,-9.0,0.0,0.0025,141.7868517450792,400,0.6153846153846154,True,149.06,0.0,0.0
2,1,3,12,dephasing,two_qubit_error,0.001,156.2475,8.484865081307715,-8.0,-9.0,0.0,0.0025,141.7868517450792,400,0.6153846153846154,True,149.06,7.1875,0.8470965573553043
2,1,3,12,dephasing,measurement_error,0.001,149.275,8.61715072713338,-8.0,-9.0,0.0,0.0025,141.7868517450792,400,0.6153846153846154,True,149.06,0.2150000000000034,0.024950242465066674
2,1,3,12,depolarizing,single_qubit_error,0.005,146.43,9.363014490583533,-8.0,-9.0,0.0,0.0025,141.7868517450792,400,0.6153846153846154,True,149.06,-2.6299999999999955,-0.2808924414936034
2,1,3,12,depolarizing,two_qubit_error,0.005,145.825,8.881170328481982,-9.0,-9.0,0.0025,0.0025,141.7868517450792,400,0.6923076923076923,True,149.06,-3.2350000000000136,-0.36425379542889114
2,1,3,12,depolarizing,measurement_error,0.005,148.52,8.602293888863361,-8.0,-9.0,0.0,0.0025,141.7868517450792,400,0.6153846153846154,True,149.06,-0.539999999999992,-0.06277395389839946
2,1,3,12,dephasing,single_qubit_error,0.005,149.06,8.964649510835901,-8.0,-9.0,0.0,0.0025,141.7868517450792,400,0.6153846153846154,True,149.06,0.0,0.0
2,1,3,12,dephasing,two_qubit_error,0.005,174.615,8.875540405023404,-8.0,-9.0,0.0,0.0025,141.7868517450792,400,0.6153846153846154,True,149.06,25.555000000000007,2.8792612994625446
2,1,3,12,dephasing,measurement_error,0.005,148.52,8.602293888863361,-8.0,-9.0,0.0,0.0025,141.7868517450792,400,0.6153846153846154,True,149.06,-0.539999999999992,-0.06277395389839946
2,1,3,12,depolarizing,single_qubit_error,0.01,138.3175,7.990559387971956,-9.0,-9.0,0.005,0.0025,141.7868517450792,400,0.6923076923076923,True,149.06,-10.742500000000007,-1.34439899366376
2,1,3,12,depolarizing,two_qubit_error,0.01,155.735,7.651108454921577,-8.0,-9.0,0.0,0.0025,141.7868517450792,400,0.6153846153846154,True,149.06,6.675000000000011,0.872422609002009
2,1,3,12,depolarizing,measurement_error,0.01,148.8375,8.551369336439368,-8.0,-9.0,0.0,0.0025,141.7868517450792,400,0.6153846153846154,True,149.06,-0.2224999999999966,-0.026019224669886785
2,1,3,12,dephasing,single_qubit_error,0.01,149.06,8.964649510835901,-8.0,-9.0,0.0,0.0025,141.7868517450792,400,0.6153846153846154,True,149.06,0.0,0.0
2,1,3,12,dephasing,two_qubit_error,0.01,165.985,9.022638580531043,-8.0,-9.0,0.0,0.0025,141.7868517450792,400,0.6153846153846154,True,149.06,16.92500000000001,1.8758370790248213
2,1,3,12,dephasing,measurement_error,0.01,148.8375,8.551369336439368,-8.0,-9.0,0.0,0.0025,141.7868517450792,400,0.6153846153846154,True,149.06,-0.2224999999999966,-0.026019224669886785
2,1,3,12,depolarizing,single_qubit_error,0.02,143.845,8.369026463536152,-9.0,-9.0,0.0025,0.0025,141.7868517450792,400,0.6923076923076923,True,149.06,-5.215000000000003,-0.6231310204026428
2,1,3,12,depolarizing,two_qubit_error,0.02,152.965,8.875808943329968,-9.0,-9.0,0.005,0.0025,141.7868517450792,400,0.6923076923076923,True,149.06,3.905000000000001,0.4399598982957545
2,1,3,12,depolarizing,measurement_error,0.02,151.675,8.808860652916827,-8.0,-9.0,0.0,0.0025,141.7868517450792,400,0.6153846153846154,True,149.06,2.615000000000009,0.2968601846521569
2,1,3,12,dephasing,single_qubit_error,0.02,149.06,8.964649510835901,-8.0,-9.0,0.0,0.0025,141.7868517450792,400,0.6153846153846154,True,149.06,0.0,0.0
2,1,3,12,dephasing,two_qubit_error,0.02,181.155,9.96728935469421,-8.0,-9.0,0.0,0.0025,141.7868517450792,400,0.6153846153846154,True,149.06,32.095,3.2200329355226844
2,1,3,12,dephasing,measurement_error,0.02,151.675,8.808860652916827,-8.0,-9.0,0.0,0.0025,141.7868517450792,400,0.6153846153846154,True,149.06,2.615000000000009,0.2968601846521569
2,1,3,12,depolarizing,single_qubit_error,0.05,141.845,8.362547934534874,-8.0,-9.0,0.0,0.0025,141.7868517450792,400,0.6153846153846154,True,149.06,-7.215000000000003,-0.8627753235594819
2,1,3,12,depolarizing,two_qubit_error,0.05,185.0425,9.588676709377964,-8.0,-9.0,0.0,0.0025,141.7868517450792,400,0.6153846153846154,True,149.06,35.98249999999999,3.752603314366435
2,1,3,12,depolarizing,measurement_error,0.05,148.6925,8.512953853843516,-9.0,-9.0,0.0025,0.0025,141.7868517450792,400,0.6923076923076923,True,149.06,-0.3675000000000068,-0.04316950453503094
2,1,3,12,dephasing,single_qubit_error,0.05,149.06,8.964649510835901,-8.0,-9.0,0.0,0.0025,141.7868517450792,400,0.6153846153846154,True,149.06,0.0,0.0
2,1,3,12,dephasing,two_qubit_error,0.05,218.57,9.627744226829206,-8.0,-9.0,0.0,0.0025,141.7868517450792,400,0.6153846153846154,True,149.06,69.50999999999999,7.219759723809402
2,1,3,12,dephasing,measurement_error,0.05,148.6925,8.512953853843516,-9.0,-9.0,0.0025,0.0025,141.7868517450792,400,0.6923076923076923,True,149.06,-0.3675000000000068,-0.04316950453503094
2,2,3,12,depolarizing,ideal,0.0,60.5625,4.749564310251841,-8.0,-9.0,0.0,0.0025,64.7271218758753,400,0.6153846153846154,True,60.5625,0.0,0.0
2,2,3,12,depolarizing,single_qubit_error,0.001,66.9175,5.424973740451327,-9.0,-9.0,0.0025,0.0025,64.7271218758753,400,0.6923076923076923,True,60.5625,6.355000000000004,1.1714342417206436
2,2,3,12,depolarizing,two_qubit_error,0.001,56.875,4.393708299266989,-8.0,-9.0,0.0,0.0025,64.7271218758753,400,0.6153846153846154,True,60.5625,-3.6875,-0.8392682783732349
2,2,3,12,depolarizing,measurement_error,0.001,69.305,5.2894364333031625,-8.0,-9.0,0.0,0.0025,64.7271218758753,400,0.6153846153846154,True,60.5625,8.742500000000007,1.6528225852107397
2,2,3,12,dephasing,single_qubit_error,0.001,60.5625,4.749564310251841,-8.0,-9.0,0.0,0.0025,64.7271218758753,400,0.6153846153846154,True,60.5625,0.0,0.0
2,2,3,12,dephasing,two_qubit_error,0.001,62.4825,4.544677873823077,-9.0,-9.0,0.0025,0.0025,64.7271218758753,400,0.6923076923076923,True,60.5625,1.9200000000000017,0.42247218687577914
2,2,3,12,dephasing,measurement_error,0.001,69.305,5.2894364333031625,-8.0,-9.0,0.0,0.0025,64.7271218758753,400,0.6153846153846154,True,60.5625,8.742500000000007,1.6528225852107397
2,2,3,12,depolarizing,single_qubit_error,0.005,58.3625,4.402715069628721,-8.0,-9.0,0.0,0.0025,64.7271218758753,400,0.6153846153846154,True,60.5625,-2.200000000000003,-0.49969165962527934
2,2,3,12,depolarizing,two_qubit_error,0.005,87.0375,6.070128200896031,-9.0,-9.0,0.0025,0.0025,64.7271218758753,400,0.6923076923076923,True,60.5625,26.474999999999994,4.361522380382664
2,2,3,12,depolarizing,measurement_error,0.005,70.6075,5.410645416114635,-8.0,-9.0,0.0,0.0025,64.7271218758753,400,0.6153846153846154,True,60.5625,10.045000000000002,1.8565252807147137
2,2,3,12,dephasing,single_qubit_error,0.005,60.7275,4.745946230567049,-8.0,-9.0,0.0,0.0025,64.7271218758753,400,0.6153846153846154,True,60.5625,0.16499999999999915,0.03476651272138092
2,2,3,12,dephasing,two_qubit_error,0.005,72.8175,5.717977014400988,-8.0,-9.0,0.0,0.0025,64.7271218758753,400,0.6153846153846154,True,60.5625,12.254999999999995,2.14324051480711
2,2,3,12,dephasing,measurement_error,0.005,70.6075,5.410645416114635,-8.0,-9.0,0.0,0.0025,64.7271218758753,400,0.6153846153846154,True,60.5625,10.045000000000002,1.8565252807147137
2,2,3,12,depolarizing,single_qubit_error,0.01,67.7025,5.123861568955542,-8.0,-9.0,0.0,0.0025,64.7271218758753,400,0.6153846153846154,True,60.5625,7.140000000000001,1.393480269502174
2,2,3,12,depolarizing,two_qubit_error,0.01,101.9975,7.0686541089272525,-9.0,-9.0,0.0025,0.0025,64.7271218758753,400,0.6923076923076923,True,60.5625,41.435,5.861794814329687
2,2,3,12,depolarizing,measurement_error,0.01,70.9025,5.4155577412207725,-8.0,-9.0,0.0,0.0025,64.7271218758753,400,0.6153846153846154,True,60.5625,10.340000000000003,1.909313960646492
2,2,3,12,dephasing,single_qubit_error,0.01,59.7725,4.693257773732629,-8.0,-9.0,0.0,0.0025,64.7271218758753,400,0.6153846153846154,True,60.5625,-0.7899999999999991,-0.1683265735842373
2,2,3,12,dephasing,two_qubit_error,0.01,84.0475,5.86752035336204,-9.0,-9.0,0.0025,0.0025,64.7271218758753,400,0.6923076923076923,True,60.5625,23.485,4.0025425709078775
2,2,3,12,dephasing,measurement_error,0.01,70.9025,5.4155577412207725,-8.0,-9.0,0.0,0.0025,64.7271218758753,400,0.6153846153846154,True,60.5625,10.340000000000003,1.909313960646492
2,2,3,12,depolarizing,single_qubit_error,0.02,76.96,6.468642968555042,-8.0,-9.0,0.0,0.0025,64.7271218758753,400,0.6153846153846154,True,60.5625,16.397499999999994,2.534921169665799
2,2,3,12,depolarizing,two_qubit_error,0.02,144.3525,8.01092663011325,-9.0,-9.0,0.0025,0.0025,64.7271218758753,400,0.6923076923076923,True,60.5625,83.78999999999999,10.459464162988528
2,2,3,12,depolarizing,measurement_error,0.02,74.3025,5.612383594195606,-8.0,-9.0,0.0,0.0025,64.7271218758753,400,0.6153846153846154,True,60.5625,13.739999999999995,2.4481576801361307
2,2,3,12,dephasing,single_qubit_error,0.02,60.8275,4.720565772490202,-8.0,-9.0,0.0,0.0025,64.7271218758753,400,0.6153846153846154,True,60.5625,0.26500000000000057,0.05613733877924706
2,2,3,12,dephasing,two_qubit_error,0.02,111.54,7.058002337239709,-9.0,-9.0,0.0025,0.0025,64.7271218758753,400,0.6923076923076923,True,60.5625,50.977500000000006,7.222652751335958
2,2,3,12,dephasing,measurement_error,0.02,74.3025,5.612383594195606,-8.0,-9.0,0.0,0.0025,64.7271218758753,400,0.6153846153846154,True,60.5625,13.739999999999995,2.4481576801361307
2,2,3,12,depolarizing,single_qubit_error,0.05,72.63,5.126664556384025,-9.0,-9.0,0.0025,0.0025,64.7271218758753,400,0.6923076923076923,True,60.5625,12.067499999999995,2.3538696295182473
2,2,3,12,depolarizing,two_qubit_error,0.05,168.03,8.882571301843337,-8.0,-9.0,0.0,0.0025,64.7271218758753,400,0.6153846153846154,True,60.5625,107.4675,12.09869263618498
2,2,3,12,depolarizing,measurement_error,0.05,74.1025,5.301916472378189,-8.0,-9.0,0.0,0.0025,64.7271218758753,400,0.6153846153846154,True,60.5625,13.540000000000006,2.553793533063074
2,2,3,12,dephasing,single_qubit_error,0.05,61.465,4.736240796211616,-8.0,-9.0,0.0,0.0025,64.7271218758753,400,0.6153846153846154,True,60.5625,0.9025000000000034,0.1905519670203186
2,2,3,12,dephasing,two_qubit_error,0.05,179.2175,9.186405068337338,-9.0,-9.0,0.0025,0.0025,64.7271218758753,400,0.6923076923076923,True,60.5625,118.655,12.916369256235678
2,2,3,12,dephasing,measurement_error,0.05,74.1025,5.301916472378189,-8.0,-9.0,0.0,0.0025,64.7271218758753,400,0.6153846153846154,True,60.5625,13.540000000000006,2.553793533063074
2,3,3,12,depolarizing,ideal,0.0,80.985,6.372619173096199,-8.0,-9.0,0.0,0.0025,72.49993727563407,400,0.6153846153846154,True,80.985,0.0,0.0
2,3,3,12,depolarizing,single_qubit_error,0.001,81.5875,6.156251248361896,-8.0,-9.0,0.0,0.0025,72.49993727563407,400,0.6153846153846154,True,80.985,0.6025000000000063,0.09786800045893583
2,3,3,12,depolarizing,two_qubit_error,0.001,76.23,5.720070214441896,-8.0,-9.0,0.0,0.0025,72.49993727563407,400,0.6153846153846154,True,80.985,-4.7549999999999955,-0.8312835020791678
2,3,3,12,depolarizing,measurement_error,0.001,71.985,5.664664199113818,-8.0,-9.0,0.0,0.0025,72.49993727563407,400,0.6153846153846154,True,80.985,-9.0,-1.5887967377497791
2,3,3,12,dephasing,single_qubit_error,0.001,80.6775,6.342914562505403,-8.0,-9.0,0.0,0.0025,72.49993727563407,400,0.6153846153846154,True,80.985,-0.30750000000000455,-0.04847929086381141
2,3,3,12,dephasing,two_qubit_error,0.001,76.0275,6.240621383123137,-8.0,-9.0,0.0,0.0025,72.49993727563407,400,0.6153846153846154,True,80.985,-4.957499999999996,-0.7943920477865941
2,3,3,12,dephasing,measurement_error,0.001,71.985,5.664664199113818,-8.0,-9.0,0.0,0.0025,72.49993727563407,400,0.6153846153846154,True,80.985,-9.0,-1.5887967377497791
2,3,3,12,depolarizing,single_qubit_error,0.005,73.54,5.750621280590641,-8.0,-9.0,0.0,0.0025,72.49993727563407,400,0.6153846153846154,True,80.985,-7.444999999999993,-1.2946427241049898
2,3,3,12,depolarizing,two_qubit_error,0.005,93.3025,6.064328502384834,-8.0,-9.0,0.0,0.0025,72.49993727563407,400,0.6153846153846154,True,80.985,12.317499999999995,2.0311399679545827
2,3,3,12,depolarizing,measurement_error,0.005,72.0875,5.697763674161248,-8.0,-9.0,0.0,0.0025,72.49993727563407,400,0.6153846153846154,True,80.985,-8.897499999999994,-1.561577578296062
2,3,3,12,dephasing,single_qubit_error,0.005,79.865,6.348859107541964,-8.0,-9.0,0.0,0.0025,72.49993727563407,400,0.6153846153846154,True,80.985,-1.1200000000000045,-0.17640964794281375
2,3,3,12,dephasing,two_qubit_error,0.005,83.6175,6.095041164863323,-8.0,-9.0,0.0,0.0025,72.49993727563407,400,0.6153846153846154,True,80.985,2.6325000000000074,0.43190848573358886
2,3,3,12,dephasing,measurement_error,0.005,72.0875,5.697763674161248,-8.0,-9.0,0.0,0.0025,72.49993727563407,400,0.6153846153846154,True,80.985,-8.897499999999994,-1.561577578296062
2,3,3,12,depolarizing,single_qubit_error,0.01,63.33,4.422996438358767,-8.0,-9.0,0.0,0.0025,72.49993727563407,400,0.6153846153846154,True,80.985,-17.655,-3.991637851408989
2,3,3,12,depolarizing,two_qubit_error,0.01,109.8925,7.59455779685027,-8.0,-9.0,0.0,0.0025,72.49993727563407,400,0.6153846153846154,True,80.985,28.9075,3.806344065481858
2,3,3,12,depolarizing,measurement_error,0.01,71.495,5.6215682876339175,-8.0,-9.0,0.0,0.0025,72.49993727563407,400,0.6153846153846154,True,80.985,-9.489999999999995,-1.6881410158933203
2,3,3,12,dephasing,single_qubit_error,0.01,81.6975,6.6253350969775955,-8.0,-9.0,0.0,0.0025,72.49993727563407,400,0.6153846153846154,True,80.985,0.7125000000000057,0.10754173027792063
2,3,3,12,dephasing,two_qubit_error,0.01,98.46,6.920822962349961,-8.0,-9.0,0.0,0.0025,72.49993727563407,400,0.6153846153846154,True,80.985,17.474999999999994,2.524988732563442
2,3,3,12,dephasing,measurement_error,0.01,71.495,5.6215682876339175,-8.0,-9.0,0.0,0.0025,72.49993727563407,400,0.6153846153846154,True,80.985,-9.489999999999995,-1.6881410158933203
2,3,3,12,depolarizing,single_qubit_error,0.02,85.835,6.298793052824149,-8.0,-9.0,0.0,0.0025,72.49993727563407,400,0.6153846153846154,True,80.985,4.849999999999994,0.7699887834583533
2,3,3,12,depolarizing,two_qubit_error,0.02,157.6125,8.42079005332519,-8.0,-9.0,0.0,0.0025,72.49993727563407,400,0.6153846153846154,True,80.985,76.62750000000001,9.099799367369508
2,3,3,12,depolarizing,measurement_error,0.02,72.5475,5.717702744201786,-8.0,-9.0,0.0,0.0025,72.49993727563407,400,0.6153846153846154,True,80.985,-8.4375,-1.4756800724830106
2,3,3,12,dephasing,single_qubit_error,0.02,82.1875,6.604482669953741,-8.0,-9.0,0.0,0.0025,72.49993727563407,400,0.6153846153846154,True,80.985,1.2025000000000006,0.18207330688755113
2,3,3,12,dephasing,two_qubit_error,0.02,135.285,8.46002968038425,-9.0,-9.0,0.0025,0.0025,72.49993727563407,400,0.6923076923076923,True,80.985,54.3,6.418417198452868
2,3,3,12,dephasing,measurement_error,0.02,72.5475,5.717702744201786,-8.0,-9.0,0.0,0.0025,72.49993727563407,400,0.6153846153846154,True,80.985,-8.4375,-1.4756800724830106
2,3,3,12,depolarizing,single_qubit_error,0.05,86.76,5.7633570261199605,-8.0,-9.0,0.0,0.0025,72.49993727563407,400,0.6153846153846154,True,80.985,5.775000000000006,1.002020172241157
2,3,3,12,depolarizing,two_qubit_error,0.05,185.11,9.55876009146665,-8.0,-9.0,0.0,0.0025,72.49993727563407,400,0.6153846153846154,True,80.985,104.12500000000001,10.893149216387915
2,3,3,12,depolarizing,measurement_error,0.05,74.26,5.561895378421034,-8.0,-9.0,0.0,0.0025,72.49993727563407,400,0.6153846153846154,True,80.985,-6.724999999999994,-1.2091201905903441
2,3,3,12,dephasing,single_qubit_error,0.05,85.27,6.729680657682499,-8.0,-9.0,0.0,0.0025,72.49993727563407,400,0.6153846153846154,True,80.985,4.284999999999997,0.6367315505689423
2,3,3,12,dephasing,two_qubit_error,0.05,199.9925,9.285393904367933,-8.0,-9.0,0.0,0.0025,72.49993727563407,400,0.6153846153846154,True,80.985,119.00750000000001,12.816634514990023
2,3,3,12,dephasing,measurement_error,0.05,74.26,5.561895378421034,-8.0,-9.0,0.0,0.0025,72.49993727563407,400,0.6153846153846154,True,80.985,-6.724999999999994,-1.2091201905903441
