n_inputs,qubits,K,instance_seed,depth,channel,mechanism,rate,optimum,mean_energy,sem_energy,best_energy,optimum_probability,realised_errors,trajectories,popt_resolution_floor,ideal_expectation
12,15,5,0,1,depolarizing,single_qubit_error,0.0,-14.0,323.56333333333333,10.914710304800987,-13.0,0.0,0,1500,0.0006666666666666666,195.37375854781413
12,15,5,0,1,depolarizing,single_qubit_error,0.001,-14.0,310.876,10.835776011766983,-13.0,0.0,23,1500,0.0006666666666666666,195.37375854781413
12,15,5,0,1,depolarizing,single_qubit_error,0.005,-14.0,311.96733333333333,10.864496702199254,-14.0,0.0006666666666666666,117,1500,0.0006666666666666666,195.37375854781413
12,15,5,0,1,depolarizing,single_qubit_error,0.01,-14.0,321.9646666666667,11.043817818033967,-13.0,0.0,227,1500,0.0006666666666666666,195.37375854781413
12,15,5,0,1,depolarizing,single_qubit_error,0.02,-14.0,300.402,10.65488149667794,-14.0,0.0006666666666666666,454,1500,0.0006666666666666666,195.37375854781413
12,15,5,0,1,depolarizing,single_qubit_error,0.05,-14.0,342.09933333333333,12.073510742149425,-14.0,0.002,1123,1500,0.0006666666666666666,195.37375854781413
12,15,5,0,1,depolarizing,single_qubit_error,0.1,-14.0,334.26666666666665,11.022781941979055,-14.0,0.0013333333333333333,2315,1500,0.0006666666666666666,195.37375854781413
12,15,5,0,1,depolarizing,two_qubit_error,0.0,-14.0,323.56333333333333,10.914710304800987,-13.0,0.0,0,1500,0.0006666666666666666,195.37375854781413
12,15,5,0,1,depolarizing,two_qubit_error,0.001,-14.0,314.3473333333333,11.176727386094692,-13.0,0.0,325,1500,0.0006666666666666666,195.37375854781413
12,15,5,0,1,depolarizing,two_qubit_error,0.005,-14.0,339.124,11.61235497444336,-13.0,0.0,1537,1500,0.0006666666666666666,195.37375854781413
12,15,5,0,1,depolarizing,two_qubit_error,0.01,-14.0,322.6453333333333,10.384370907089972,-14.0,0.0006666666666666666,2988,1500,0.0006666666666666666,195.37375854781413
12,15,5,0,1,depolarizing,two_qubit_error,0.02,-14.0,351.32466666666664,10.868039960794677,-14.0,0.0006666666666666666,5558,1500,0.0006666666666666666,195.37375854781413
12,15,5,0,1,depolarizing,two_qubit_error,0.05,-14.0,437.43466666666666,12.046027409009001,-14.0,0.0006666666666666666,11581,1500,0.0006666666666666666,195.37375854781413
12,15,5,0,1,depolarizing,two_qubit_error,0.1,-14.0,466.9413333333333,11.591465978854957,-13.0,0.0,17409,1500,0.0006666666666666666,195.37375854781413
12,15,5,0,1,depolarizing,measurement_error,0.0,-14.0,323.56333333333333,10.914710304800987,-13.0,0.0,0,1500,0.0006666666666666666,195.37375854781413
12,15,5,0,1,depolarizing,measurement_error,0.001,-14.0,316.772,11.603740895421081,-14.0,0.0006666666666666666,26,1500,0.0006666666666666666,195.37375854781413
12,15,5,0,1,depolarizing,measurement_error,0.005,-14.0,316.5106666666667,11.544636634132647,-14.0,0.0006666666666666666,118,1500,0.0006666666666666666,195.37375854781413
12,15,5,0,1,depolarizing,measurement_error,0.01,-14.0,317.21666666666664,11.480486961306445,-14.0,0.0006666666666666666,229,1500,0.0006666666666666666,195.37375854781413
12,15,5,0,1,depolarizing,measurement_error,0.02,-14.0,320.72266666666667,11.452551390252701,-14.0,0.0006666666666666666,457,1500,0.0006666666666666666,195.37375854781413
12,15,5,0,1,depolarizing,measurement_error,0.05,-14.0,326.75533333333334,11.228239978174962,-14.0,0.0006666666666666666,1144,1500,0.0006666666666666666,195.37375854781413
12,15,5,0,1,depolarizing,measurement_error,0.1,-14.0,334.1453333333333,11.040496147267218,-14.0,0.0006666666666666666,2313,1500,0.0006666666666666666,195.37375854781413
12,15,5,0,1,dephasing,single_qubit_error,0.0,-14.0,323.56333333333333,10.914710304800987,-13.0,0.0,0,1500,0.0006666666666666666,195.37375854781413
12,15,5,0,1,dephasing,single_qubit_error,0.001,-14.0,299.502,10.392861574744844,-13.0,0.0,26,1500,0.0006666666666666666,195.37375854781413
12,15,5,0,1,dephasing,single_qubit_error,0.005,-14.0,299.502,10.392861574744844,-13.0,0.0,113,1500,0.0006666666666666666,195.37375854781413
12,15,5,0,1,dephasing,single_qubit_error,0.01,-14.0,299.502,10.392861574744844,-13.0,0.0,226,1500,0.0006666666666666666,195.37375854781413
12,15,5,0,1,dephasing,single_qubit_error,0.02,-14.0,299.502,10.392861574744844,-13.0,0.0,460,1500,0.0006666666666666666,195.37375854781413
12,15,5,0,1,dephasing,single_qubit_error,0.05,-14.0,299.502,10.392861574744844,-13.0,0.0,1142,1500,0.0006666666666666666,195.37375854781413
12,15,5,0,1,dephasing,single_qubit_error,0.1,-14.0,299.502,10.392861574744844,-13.0,0.0,2310,1500,0.0006666666666666666,195.37375854781413
12,15,5,0,1,dephasing,two_qubit_error,0.0,-14.0,323.56333333333333,10.914710304800987,-13.0,0.0,0,1500,0.0006666666666666666,195.37375854781413
12,15,5,0,1,dephasing,two_qubit_error,0.001,-14.0,311.9046666666667,10.744694029913411,-13.0,0.0,323,1500,0.0006666666666666666,195.37375854781413
12,15,5,0,1,dephasing,two_qubit_error,0.005,-14.0,327.4146666666667,11.199523086143127,-13.0,0.0,1537,1500,0.0006666666666666666,195.37375854781413
12,15,5,0,1,dephasing,two_qubit_error,0.01,-14.0,346.2606666666667,11.46864362335984,-13.0,0.0,2977,1500,0.0006666666666666666,195.37375854781413
12,15,5,0,1,dephasing,two_qubit_error,0.02,-14.0,378.52066666666667,11.442178843488835,-13.0,0.0,5520,1500,0.0006666666666666666,195.37375854781413
12,15,5,0,1,dephasing,two_qubit_error,0.05,-14.0,473.87733333333335,12.164209055937985,-13.0,0.0,11506,1500,0.0006666666666666666,195.37375854781413
12,15,5,0,1,dephasing,two_qubit_error,0.1,-14.0,541.4033333333333,11.925817422067695,-13.0,0.0,17362,1500,0.0006666666666666666,195.37375854781413
12,15,5,0,2,depolarizing,single_qubit_error,0.0,-14.0,504.3233333333333,12.894976779481025,-13.0,0.0,0,1500,0.0006666666666666666,224.9416183341823
12,15,5,0,2,depolarizing,single_qubit_error,0.001,-14.0,508.17466666666667,12.879268881729189,-14.0,0.0013333333333333333,44,1500,0.0006666666666666666,224.9416183341823
12,15,5,0,2,depolarizing,single_qubit_error,0.005,-14.0,501.868,13.037034670907776,-14.0,0.0006666666666666666,225,1500,0.0006666666666666666,224.9416183341823
12,15,5,0,2,depolarizing,single_qubit_error,0.01,-14.0,486.4386666666667,12.660963441490951,-13.0,0.0,448,1500,0.0006666666666666666,224.9416183341823
12,15,5,0,2,depolarizing,single_qubit_error,0.02,-14.0,494.72133333333335,13.107801904438139,-13.0,0.0,915,1500,0.0006666666666666666,224.9416183341823
12,15,5,0,2,depolarizing,single_qubit_error,0.05,-14.0,477.466,12.705692043445275,-14.0,0.0013333333333333333,2294,1500,0.0006666666666666666,224.9416183341823
12,15,5,0,2,depolarizing,single_qubit_error,0.1,-14.0,476.28933333333333,12.275534685019958,-14.0,0.0006666666666666666,4644,1500,0.0006666666666666666,224.9416183341823
12,15,5,0,2,depolarizing,two_qubit_error,0.0,-14.0,504.3233333333333,12.894976779481025,-13.0,0.0,0,1500,0.0006666666666666666,224.9416183341823
12,15,5,0,2,depolarizing,two_qubit_error,0.001,-14.0,480.67133333333334,12.433391864334286,-13.0,0.0,636,1500,0.0006666666666666666,224.9416183341823
12,15,5,0,2,depolarizing,two_qubit_error,0.005,-14.0,484.046,12.3999864035806,-14.0,0.0013333333333333333,3099,1500,0.0006666666666666666,224.9416183341823
12,15,5,0,2,depolarizing,two_qubit_error,0.01,-14.0,478.972,12.365648632367702,-13.0,0.0,5989,1500,0.0006666666666666666,224.9416183341823
12,15,5,0,2,depolarizing,two_qubit_error,0.02,-14.0,475.354,11.89091151895481,-13.0,0.0,11004,1500,0.0006666666666666666,224.9416183341823
12,15,5,0,2,depolarizing,two_qubit_error,0.05,-14.0,460.85333333333335,11.63902898253817,-13.0,0.0,23051,1500,0.0006666666666666666,224.9416183341823
12,15,5,0,2,depolarizing,two_qubit_error,0.1,-14.0,463.70666666666665,11.71932912273971,-13.0,0.0,34707,1500,0.0006666666666666666,224.9416183341823
12,15,5,0,2,depolarizing,measurement_error,0.0,-14.0,504.3233333333333,12.894976779481025,-13.0,0.0,0,1500,0.0006666666666666666,224.9416183341823
12,15,5,0,2,depolarizing,measurement_error,0.001,-14.0,481.776,12.108215871389552,-13.0,0.0,26,1500,0.0006666666666666666,224.9416183341823
12,15,5,0,2,depolarizing,measurement_error,0.005,-14.0,478.334,12.026563987514725,-13.0,0.0,118,1500,0.0006666666666666666,224.9416183341823
12,15,5,0,2,depolarizing,measurement_error,0.01,-14.0,477.40933333333334,12.01028265008013,-13.0,0.0,229,1500,0.0006666666666666666,224.9416183341823
12,15,5,0,2,depolarizing,measurement_error,0.02,-14.0,476.30066666666664,12.000208718801066,-13.0,0.0,457,1500,0.0006666666666666666,224.9416183341823
12,15,5,0,2,depolarizing,measurement_error,0.05,-14.0,476.4073333333333,11.925794769521149,-13.0,0.0,1144,1500,0.0006666666666666666,224.9416183341823
12,15,5,0,2,depolarizing,measurement_error,0.1,-14.0,470.98,11.873653689818546,-13.0,0.0,2313,1500,0.0006666666666666666,224.9416183341823
12,15,5,0,2,dephasing,single_qubit_error,0.0,-14.0,504.3233333333333,12.894976779481025,-13.0,0.0,0,1500,0.0006666666666666666,224.9416183341823
12,15,5,0,2,dephasing,single_qubit_error,0.001,-14.0,485.8926666666667,12.843288031592863,-14.0,0.0013333333333333333,44,1500,0.0006666666666666666,224.9416183341823
12,15,5,0,2,dephasing,single_qubit_error,0.005,-14.0,488.198,12.909629653017715,-14.0,0.0013333333333333333,225,1500,0.0006666666666666666,224.9416183341823
12,15,5,0,2,dephasing,single_qubit_error,0.01,-14.0,493.16066666666666,12.951638346524557,-14.0,0.0013333333333333333,451,1500,0.0006666666666666666,224.9416183341823
12,15,5,0,2,dephasing,single_qubit_error,0.02,-14.0,482.7513333333333,12.721967089640714,-14.0,0.0013333333333333333,912,1500,0.0006666666666666666,224.9416183341823
12,15,5,0,2,dephasing,single_qubit_error,0.05,-14.0,481.86533333333335,12.710759710067933,-14.0,0.0013333333333333333,2294,1500,0.0006666666666666666,224.9416183341823
12,15,5,0,2,dephasing,single_qubit_error,0.1,-14.0,466.0946666666667,12.355141238994605,-14.0,0.002,4633,1500,0.0006666666666666666,224.9416183341823
12,15,5,0,2,dephasing,two_qubit_error,0.0,-14.0,504.3233333333333,12.894976779481025,-13.0,0.0,0,1500,0.0006666666666666666,224.9416183341823
12,15,5,0,2,dephasing,two_qubit_error,0.001,-14.0,481.554,12.682214115459413,-14.0,0.0013333333333333333,642,1500,0.0006666666666666666,224.9416183341823
12,15,5,0,2,dephasing,two_qubit_error,0.005,-14.0,466.18666666666667,12.353834952765679,-14.0,0.0013333333333333333,3079,1500,0.0006666666666666666,224.9416183341823
12,15,5,0,2,dephasing,two_qubit_error,0.01,-14.0,471.108,12.359360126876739,-14.0,0.0013333333333333333,5974,1500,0.0006666666666666666,224.9416183341823
12,15,5,0,2,dephasing,two_qubit_error,0.02,-14.0,464.71066666666667,12.25298421451462,-14.0,0.0013333333333333333,11010,1500,0.0006666666666666666,224.9416183341823
12,15,5,0,2,dephasing,two_qubit_error,0.05,-14.0,479.5246666666667,12.48562017601053,-14.0,0.0006666666666666666,23069,1500,0.0006666666666666666,224.9416183341823
12,15,5,0,2,dephasing,two_qubit_error,0.1,-14.0,483.99,12.46906781382935,-14.0,0.002,34790,1500,0.0006666666666666666,224.9416183341823
12,15,5,0,3,depolarizing,single_qubit_error,0.0,-14.0,340.348,9.867426941782343,-13.0,0.0,0,1500,0.0006666666666666666,216.96324142396816
12,15,5,0,3,depolarizing,single_qubit_error,0.001,-14.0,324.454,9.969403444396052,-14.0,0.0006666666666666666,65,1500,0.0006666666666666666,216.96324142396816
12,15,5,0,3,depolarizing,single_qubit_error,0.005,-14.0,333.324,10.295017816049537,-14.0,0.0006666666666666666,321,1500,0.0006666666666666666,216.96324142396816
12,15,5,0,3,depolarizing,single_qubit_error,0.01,-14.0,341.2986666666667,10.457172783230568,-13.0,0.0,680,1500,0.0006666666666666666,216.96324142396816
12,15,5,0,3,depolarizing,single_qubit_error,0.02,-14.0,333.0686666666667,9.862875045871972,-14.0,0.0006666666666666666,1383,1500,0.0006666666666666666,216.96324142396816
12,15,5,0,3,depolarizing,single_qubit_error,0.05,-14.0,345.05266666666665,10.28782814681291,-13.0,0.0,3458,1500,0.0006666666666666666,216.96324142396816
12,15,5,0,3,depolarizing,single_qubit_error,0.1,-14.0,381.298,11.132962030921668,-14.0,0.0006666666666666666,6984,1500,0.0006666666666666666,216.96324142396816
12,15,5,0,3,depolarizing,two_qubit_error,0.0,-14.0,340.348,9.867426941782343,-13.0,0.0,0,1500,0.0006666666666666666,216.96324142396816
12,15,5,0,3,depolarizing,two_qubit_error,0.001,-14.0,342.1,10.169804726460505,-13.0,0.0,981,1500,0.0006666666666666666,216.96324142396816
12,15,5,0,3,depolarizing,two_qubit_error,0.005,-14.0,365.20866666666666,10.301136761762647,-13.0,0.0,4690,1500,0.0006666666666666666,216.96324142396816
12,15,5,0,3,depolarizing,two_qubit_error,0.01,-14.0,404.9506666666667,11.568519780934546,-13.0,0.0,9103,1500,0.0006666666666666666,216.96324142396816
12,15,5,0,3,depolarizing,two_qubit_error,0.02,-14.0,422.50666666666666,11.621415535924687,-13.0,0.0,16817,1500,0.0006666666666666666,216.96324142396816
12,15,5,0,3,depolarizing,two_qubit_error,0.05,-14.0,461.53266666666667,12.082874735060694,-13.0,0.0,34580,1500,0.0006666666666666666,216.96324142396816
12,15,5,0,3,depolarizing,two_qubit_error,0.1,-14.0,476.82733333333334,11.994153795676086,-13.0,0.0,52197,1500,0.0006666666666666666,216.96324142396816
12,15,5,0,3,depolarizing,measurement_error,0.0,-14.0,340.348,9.867426941782343,-13.0,0.0,0,1500,0.0006666666666666666,216.96324142396816
12,15,5,0,3,depolarizing,measurement_error,0.001,-14.0,331.3826666666667,9.790945074290837,-13.0,0.0,26,1500,0.0006666666666666666,216.96324142396816
12,15,5,0,3,depolarizing,measurement_error,0.005,-14.0,332.1766666666667,9.87950325022108,-13.0,0.0,118,1500,0.0006666666666666666,216.96324142396816
12,15,5,0,3,depolarizing,measurement_error,0.01,-14.0,333.0833333333333,9.825808201840756,-13.0,0.0,229,1500,0.0006666666666666666,216.96324142396816
12,15,5,0,3,depolarizing,measurement_error,0.02,-14.0,335.98333333333335,9.920567480902111,-13.0,0.0,457,1500,0.0006666666666666666,216.96324142396816
12,15,5,0,3,depolarizing,measurement_error,0.05,-14.0,348.44,10.286703564533887,-13.0,0.0,1144,1500,0.0006666666666666666,216.96324142396816
12,15,5,0,3,depolarizing,measurement_error,0.1,-14.0,360.03933333333333,10.570043780370002,-13.0,0.0,2313,1500,0.0006666666666666666,216.96324142396816
12,15,5,0,3,dephasing,single_qubit_error,0.0,-14.0,340.348,9.867426941782343,-13.0,0.0,0,1500,0.0006666666666666666,216.96324142396816
12,15,5,0,3,dephasing,single_qubit_error,0.001,-14.0,335.72333333333336,9.828155815556665,-14.0,0.0006666666666666666,64,1500,0.0006666666666666666,216.96324142396816
12,15,5,0,3,dephasing,single_qubit_error,0.005,-14.0,340.67333333333335,10.00533875574567,-14.0,0.0006666666666666666,325,1500,0.0006666666666666666,216.96324142396816
12,15,5,0,3,dephasing,single_qubit_error,0.01,-14.0,341.00866666666667,10.176510664625763,-14.0,0.0006666666666666666,681,1500,0.0006666666666666666,216.96324142396816
12,15,5,0,3,dephasing,single_qubit_error,0.02,-14.0,336.912,10.00046101636897,-14.0,0.0006666666666666666,1384,1500,0.0006666666666666666,216.96324142396816
12,15,5,0,3,dephasing,single_qubit_error,0.05,-14.0,340.6286666666667,10.288487322664563,-14.0,0.0006666666666666666,3437,1500,0.0006666666666666666,216.96324142396816
12,15,5,0,3,dephasing,single_qubit_error,0.1,-14.0,329.79266666666666,9.965921218453124,-13.0,0.0,6959,1500,0.0006666666666666666,216.96324142396816
12,15,5,0,3,dephasing,two_qubit_error,0.0,-14.0,340.348,9.867426941782343,-13.0,0.0,0,1500,0.0006666666666666666,216.96324142396816
12,15,5,0,3,dephasing,two_qubit_error,0.001,-14.0,336.396,10.0278279641432,-14.0,0.0006666666666666666,967,1500,0.0006666666666666666,216.96324142396816
12,15,5,0,3,dephasing,two_qubit_error,0.005,-14.0,364.6413333333333,10.894250187202124,-14.0,0.0006666666666666666,4654,1500,0.0006666666666666666,216.96324142396816
12,15,5,0,3,dephasing,two_qubit_error,0.01,-14.0,383.276,11.380160041832385,-14.0,0.0006666666666666666,9043,1500,0.0006666666666666666,216.96324142396816
12,15,5,0,3,dephasing,two_qubit_error,0.02,-14.0,419.25533333333334,11.959750994678693,-13.0,0.0,16688,1500,0.0006666666666666666,216.96324142396816
12,15,5,0,3,dephasing,two_qubit_error,0.05,-14.0,475.3713333333333,12.369589632802596,-14.0,0.0006666666666666666,34647,1500,0.0006666666666666666,216.96324142396816
12,15,5,0,3,dephasing,two_qubit_error,0.1,-14.0,556.9786666666666,12.632926247719205,-13.0,0.0,52185,1500,0.0006666666666666666,216.96324142396816
12,15,5,1,1,depolarizing,single_qubit_error,0.0,-14.0,567.2106666666666,15.433067827855904,-12.0,0.0,0,1500,0.0006666666666666666,140.48631165404916
12,15,5,1,1,depolarizing,single_qubit_error,0.001,-14.0,551.89,14.57336064515191,-13.0,0.0,17,1500,0.0006666666666666666,140.48631165404916
12,15,5,1,1,depolarizing,single_qubit_error,0.005,-14.0,549.6786666666667,14.93804632413201,-14.0,0.0006666666666666666,117,1500,0.0006666666666666666,140.48631165404916
12,15,5,1,1,depolarizing,single_qubit_error,0.01,-14.0,518.1546666666667,13.895923833446199,-14.0,0.0006666666666666666,240,1500,0.0006666666666666666,140.48631165404916
12,15,5,1,1,depolarizing,single_qubit_error,0.02,-14.0,540.3086666666667,14.673511736115799,-12.0,0.0,473,1500,0.0006666666666666666,140.48631165404916
12,15,5,1,1,depolarizing,single_qubit_error,0.05,-14.0,528.5846666666666,14.037807082444802,-14.0,0.0006666666666666666,1113,1500,0.0006666666666666666,140.48631165404916
12,15,5,1,1,depolarizing,single_qubit_error,0.1,-14.0,537.206,14.218884318678326,-13.0,0.0,2191,1500,0.0006666666666666666,140.48631165404916
12,15,5,1,1,depolarizing,two_qubit_error,0.0,-14.0,567.2106666666666,15.433067827855904,-12.0,0.0,0,1500,0.0006666666666666666,140.48631165404916
12,15,5,1,1,depolarizing,two_qubit_error,0.001,-14.0,556.6206666666667,14.997097712839805,-13.0,0.0,333,1500,0.0006666666666666666,140.48631165404916
12,15,5,1,1,depolarizing,two_qubit_error,0.005,-14.0,515.7073333333333,13.750587292438155,-14.0,0.0006666666666666666,1508,1500,0.0006666666666666666,140.48631165404916
12,15,5,1,1,depolarizing,two_qubit_error,0.01,-14.0,500.3433333333333,13.086836135825823,-13.0,0.0,2927,1500,0.0006666666666666666,140.48631165404916
12,15,5,1,1,depolarizing,two_qubit_error,0.02,-14.0,501.84,13.527793338800693,-13.0,0.0,5534,1500,0.0006666666666666666,140.48631165404916
12,15,5,1,1,depolarizing,two_qubit_error,0.05,-14.0,473.80066666666664,12.711493880462726,-13.0,0.0,11540,1500,0.0006666666666666666,140.48631165404916
12,15,5,1,1,depolarizing,two_qubit_error,0.1,-14.0,468.978,12.118010242469767,-13.0,0.0,17327,1500,0.0006666666666666666,140.48631165404916
12,15,5,1,1,depolarizing,measurement_error,0.0,-14.0,567.2106666666666,15.433067827855904,-12.0,0.0,0,1500,0.0006666666666666666,140.48631165404916
12,15,5,1,1,depolarizing,measurement_error,0.001,-14.0,538.7573333333333,14.583127496920243,-14.0,0.0006666666666666666,20,1500,0.0006666666666666666,140.48631165404916
12,15,5,1,1,depolarizing,measurement_error,0.005,-14.0,537.3733333333333,14.592755245011052,-14.0,0.0006666666666666666,115,1500,0.0006666666666666666,140.48631165404916
12,15,5,1,1,depolarizing,measurement_error,0.01,-14.0,535.4473333333333,14.567109953253803,-14.0,0.0006666666666666666,239,1500,0.0006666666666666666,140.48631165404916
12,15,5,1,1,depolarizing,measurement_error,0.02,-14.0,530.7593333333333,14.428065978827785,-14.0,0.0006666666666666666,468,1500,0.0006666666666666666,140.48631165404916
12,15,5,1,1,depolarizing,measurement_error,0.05,-14.0,528.3793333333333,14.23424771256903,-14.0,0.0006666666666666666,1099,1500,0.0006666666666666666,140.48631165404916
12,15,5,1,1,depolarizing,measurement_error,0.1,-14.0,520.5453333333334,13.973281437698464,-13.0,0.0,2210,1500,0.0006666666666666666,140.48631165404916
12,15,5,1,1,dephasing,single_qubit_error,0.0,-14.0,567.2106666666666,15.433067827855904,-12.0,0.0,0,1500,0.0006666666666666666,140.48631165404916
12,15,5,1,1,dephasing,single_qubit_error,0.001,-14.0,547.786,14.853367865181397,-14.0,0.002,19,1500,0.0006666666666666666,140.48631165404916
12,15,5,1,1,dephasing,single_qubit_error,0.005,-14.0,547.786,14.853367865181397,-14.0,0.002,113,1500,0.0006666666666666666,140.48631165404916
12,15,5,1,1,dephasing,single_qubit_error,0.01,-14.0,547.786,14.853367865181397,-14.0,0.002,235,1500,0.0006666666666666666,140.48631165404916
12,15,5,1,1,dephasing,single_qubit_error,0.02,-14.0,547.786,14.853367865181397,-14.0,0.002,462,1500,0.0006666666666666666,140.48631165404916
12,15,5,1,1,dephasing,single_qubit_error,0.05,-14.0,547.786,14.853367865181397,-14.0,0.002,1096,1500,0.0006666666666666666,140.48631165404916
12,15,5,1,1,dephasing,single_qubit_error,0.1,-14.0,547.786,14.853367865181397,-14.0,0.002,2207,1500,0.0006666666666666666,140.48631165404916
12,15,5,1,1,dephasing,two_qubit_error,0.0,-14.0,567.2106666666666,15.433067827855904,-12.0,0.0,0,1500,0.0006666666666666666,140.48631165404916
12,15,5,1,1,dephasing,two_qubit_error,0.001,-14.0,549.494,14.621557476860797,-14.0,0.0013333333333333333,324,1500,0.0006666666666666666,140.48631165404916
12,15,5,1,1,dephasing,two_qubit_error,0.005,-14.0,539.368,14.201246016484783,-14.0,0.0013333333333333333,1487,1500,0.0006666666666666666,140.48631165404916
12,15,5,1,1,dephasing,two_qubit_error,0.01,-14.0,533.8426666666667,14.104358668621447,-14.0,0.0013333333333333333,2914,1500,0.0006666666666666666,140.48631165404916
12,15,5,1,1,dephasing,two_qubit_error,0.02,-14.0,505.6886666666667,13.229099696006589,-14.0,0.002,5465,1500,0.0006666666666666666,140.48631165404916
12,15,5,1,1,dephasing,two_qubit_error,0.05,-14.0,485.4506666666667,12.37338261925344,-14.0,0.002,11454,1500,0.0006666666666666666,140.48631165404916
12,15,5,1,1,dephasing,two_qubit_error,0.1,-14.0,482.95,12.968224885551322,-13.0,0.0,17292,1500,0.0006666666666666666,140.48631165404916
12,15,5,1,2,depolarizing,single_qubit_error,0.0,-14.0,507.47133333333335,12.21147762550609,-13.0,0.0,0,1500,0.0006666666666666666,299.3363503957336
12,15,5,1,2,depolarizing,single_qubit_error,0.001,-14.0,524.7086666666667,12.686950176276872,-13.0,0.0,37,1500,0.0006666666666666666,299.3363503957336
12,15,5,1,2,depolarizing,single_qubit_error,0.005,-14.0,521.4173333333333,12.374676825214486,-13.0,0.0,245,1500,0.0006666666666666666,299.3363503957336
12,15,5,1,2,depolarizing,single_qubit_error,0.01,-14.0,496.48466666666667,12.31533016985329,-13.0,0.0,486,1500,0.0006666666666666666,299.3363503957336
12,15,5,1,2,depolarizing,single_qubit_error,0.02,-14.0,496.392,12.288060187547172,-13.0,0.0,964,1500,0.0006666666666666666,299.3363503957336
12,15,5,1,2,depolarizing,single_qubit_error,0.05,-14.0,475.92066666666665,12.220022822237231,-13.0,0.0,2287,1500,0.0006666666666666666,299.3363503957336
12,15,5,1,2,depolarizing,single_qubit_error,0.1,-14.0,481.99533333333335,12.03203224114902,-13.0,0.0,4561,1500,0.0006666666666666666,299.3363503957336
12,15,5,1,2,depolarizing,two_qubit_error,0.0,-14.0,507.47133333333335,12.21147762550609,-13.0,0.0,0,1500,0.0006666666666666666,299.3363503957336
12,15,5,1,2,depolarizing,two_qubit_error,0.001,-14.0,495.202,12.275315879418958,-14.0,0.0006666666666666666,674,1500,0.0006666666666666666,299.3363503957336
12,15,5,1,2,depolarizing,two_qubit_error,0.005,-14.0,461.1053333333333,12.327645203845094,-13.0,0.0,3084,1500,0.0006666666666666666,299.3363503957336
12,15,5,1,2,depolarizing,two_qubit_error,0.01,-14.0,477.11,12.099720027745818,-13.0,0.0,5970,1500,0.0006666666666666666,299.3363503957336
12,15,5,1,2,depolarizing,two_qubit_error,0.02,-14.0,456.29066666666665,11.929079757468923,-14.0,0.002,11163,1500,0.0006666666666666666,299.3363503957336
12,15,5,1,2,depolarizing,two_qubit_error,0.05,-14.0,476.066,12.183679530628167,-13.0,0.0,23026,1500,0.0006666666666666666,299.3363503957336
12,15,5,1,2,depolarizing,two_qubit_error,0.1,-14.0,478.374,12.17264753833389,-13.0,0.0,34662,1500,0.0006666666666666666,299.3363503957336
12,15,5,1,2,depolarizing,measurement_error,0.0,-14.0,507.47133333333335,12.21147762550609,-13.0,0.0,0,1500,0.0006666666666666666,299.3363503957336
12,15,5,1,2,depolarizing,measurement_error,0.001,-14.0,512.3206666666666,12.184916523588837,-14.0,0.0006666666666666666,20,1500,0.0006666666666666666,299.3363503957336
12,15,5,1,2,depolarizing,measurement_error,0.005,-14.0,514.216,12.238101644977627,-14.0,0.0006666666666666666,115,1500,0.0006666666666666666,299.3363503957336
12,15,5,1,2,depolarizing,measurement_error,0.01,-14.0,512.7833333333333,12.319266953132617,-14.0,0.0006666666666666666,239,1500,0.0006666666666666666,299.3363503957336
12,15,5,1,2,depolarizing,measurement_error,0.02,-14.0,509.24666666666667,12.24394344536602,-14.0,0.0013333333333333333,468,1500,0.0006666666666666666,299.3363503957336
12,15,5,1,2,depolarizing,measurement_error,0.05,-14.0,515.862,12.40913312956838,-14.0,0.0006666666666666666,1099,1500,0.0006666666666666666,299.3363503957336
12,15,5,1,2,depolarizing,measurement_error,0.1,-14.0,519.3593333333333,12.554056623274919,-14.0,0.0006666666666666666,2210,1500,0.0006666666666666666,299.3363503957336
12,15,5,1,2,dephasing,single_qubit_error,0.0,-14.0,507.47133333333335,12.21147762550609,-13.0,0.0,0,1500,0.0006666666666666666,299.3363503957336
12,15,5,1,2,dephasing,single_qubit_error,0.001,-14.0,512.0006666666667,12.660722040551075,-13.0,0.0,37,1500,0.0006666666666666666,299.3363503957336
12,15,5,1,2,dephasing,single_qubit_error,0.005,-14.0,513.37,12.67653291857313,-13.0,0.0,242,1500,0.0006666666666666666,299.3363503957336
12,15,5,1,2,dephasing,single_qubit_error,0.01,-14.0,513.448,12.692972688810807,-13.0,0.0,486,1500,0.0006666666666666666,299.3363503957336
12,15,5,1,2,dephasing,single_qubit_error,0.02,-14.0,506.31266666666664,12.522828473699201,-13.0,0.0,965,1500,0.0006666666666666666,299.3363503957336
12,15,5,1,2,dephasing,single_qubit_error,0.05,-14.0,508.9033333333333,12.837933024523615,-13.0,0.0,2290,1500,0.0006666666666666666,299.3363503957336
12,15,5,1,2,dephasing,single_qubit_error,0.1,-14.0,501.93466666666666,13.050307333623925,-13.0,0.0,4536,1500,0.0006666666666666666,299.3363503957336
12,15,5,1,2,dephasing,two_qubit_error,0.0,-14.0,507.47133333333335,12.21147762550609,-13.0,0.0,0,1500,0.0006666666666666666,299.3363503957336
12,15,5,1,2,dephasing,two_qubit_error,0.001,-14.0,508.7726666666667,12.618464846969736,-13.0,0.0,678,1500,0.0006666666666666666,299.3363503957336
12,15,5,1,2,dephasing,two_qubit_error,0.005,-14.0,503.9633333333333,12.788117277789114,-13.0,0.0,3062,1500,0.0006666666666666666,299.3363503957336
12,15,5,1,2,dephasing,two_qubit_error,0.01,-14.0,491.46,12.325710244120405,-13.0,0.0,5978,1500,0.0006666666666666666,299.3363503957336
12,15,5,1,2,dephasing,two_qubit_error,0.02,-14.0,474.582,12.081449527602814,-13.0,0.0,11132,1500,0.0006666666666666666,299.3363503957336
12,15,5,1,2,dephasing,two_qubit_error,0.05,-14.0,460.63733333333334,12.028926308630487,-13.0,0.0,23078,1500,0.0006666666666666666,299.3363503957336
12,15,5,1,2,dephasing,two_qubit_error,0.1,-14.0,481.98533333333336,12.100897878009151,-13.0,0.0,34695,1500,0.0006666666666666666,299.3363503957336
12,15,5,1,3,depolarizing,single_qubit_error,0.0,-14.0,461.098,12.21688996966989,-13.0,0.0,0,1500,0.0006666666666666666,173.815919066562
12,15,5,1,3,depolarizing,single_qubit_error,0.001,-14.0,472.914,12.615774403529738,-14.0,0.0006666666666666666,53,1500,0.0006666666666666666,173.815919066562
12,15,5,1,3,depolarizing,single_qubit_error,0.005,-14.0,461.82933333333335,12.352142044177379,-13.0,0.0,349,1500,0.0006666666666666666,173.815919066562
12,15,5,1,3,depolarizing,single_qubit_error,0.01,-14.0,494.06333333333333,12.985668482553141,-14.0,0.0006666666666666666,706,1500,0.0006666666666666666,173.815919066562
12,15,5,1,3,depolarizing,single_qubit_error,0.02,-14.0,466.8466666666667,12.85472818829322,-13.0,0.0,1427,1500,0.0006666666666666666,173.815919066562
12,15,5,1,3,depolarizing,single_qubit_error,0.05,-14.0,485.90066666666667,12.485670224359167,-14.0,0.0006666666666666666,3423,1500,0.0006666666666666666,173.815919066562
12,15,5,1,3,depolarizing,single_qubit_error,0.1,-14.0,486.29466666666667,12.342848268665243,-13.0,0.0,6808,1500,0.0006666666666666666,173.815919066562
12,15,5,1,3,depolarizing,two_qubit_error,0.0,-14.0,461.098,12.21688996966989,-13.0,0.0,0,1500,0.0006666666666666666,173.815919066562
12,15,5,1,3,depolarizing,two_qubit_error,0.001,-14.0,475.53333333333336,13.122833035144605,-14.0,0.0006666666666666666,981,1500,0.0006666666666666666,173.815919066562
12,15,5,1,3,depolarizing,two_qubit_error,0.005,-14.0,479.4626666666667,12.706133770959978,-13.0,0.0,4628,1500,0.0006666666666666666,173.815919066562
12,15,5,1,3,depolarizing,two_qubit_error,0.01,-14.0,495.4506666666667,12.546532953291305,-14.0,0.0006666666666666666,8914,1500,0.0006666666666666666,173.815919066562
12,15,5,1,3,depolarizing,two_qubit_error,0.02,-14.0,490.19733333333335,12.452289479078662,-13.0,0.0,16692,1500,0.0006666666666666666,173.815919066562
12,15,5,1,3,depolarizing,two_qubit_error,0.05,-14.0,465.374,12.083615055386366,-13.0,0.0,34582,1500,0.0006666666666666666,173.815919066562
12,15,5,1,3,depolarizing,two_qubit_error,0.1,-14.0,481.046,11.85203318444951,-13.0,0.0,51961,1500,0.0006666666666666666,173.815919066562
12,15,5,1,3,depolarizing,measurement_error,0.0,-14.0,461.098,12.21688996966989,-13.0,0.0,0,1500,0.0006666666666666666,173.815919066562
12,15,5,1,3,depolarizing,measurement_error,0.001,-14.0,448.548,12.170820932181195,-13.0,0.0,20,1500,0.0006666666666666666,173.815919066562
12,15,5,1,3,depolarizing,measurement_error,0.005,-14.0,450.554,12.139683365710244,-13.0,0.0,115,1500,0.0006666666666666666,173.815919066562
12,15,5,1,3,depolarizing,measurement_error,0.01,-14.0,451.6413333333333,12.174372282207901,-13.0,0.0,239,1500,0.0006666666666666666,173.815919066562
12,15,5,1,3,depolarizing,measurement_error,0.02,-14.0,451.154,12.022603598998161,-13.0,0.0,468,1500,0.0006666666666666666,173.815919066562
12,15,5,1,3,depolarizing,measurement_error,0.05,-14.0,457.73466666666667,11.952814620895793,-13.0,0.0,1099,1500,0.0006666666666666666,173.815919066562
12,15,5,1,3,depolarizing,measurement_error,0.1,-14.0,452.78066666666666,11.732888663049364,-14.0,0.0006666666666666666,2210,1500,0.0006666666666666666,173.815919066562
12,15,5,1,3,dephasing,single_qubit_error,0.0,-14.0,461.098,12.21688996966989,-13.0,0.0,0,1500,0.0006666666666666666,173.815919066562
12,15,5,1,3,dephasing,single_qubit_error,0.001,-14.0,487.5726666666667,13.417899340696763,-13.0,0.0,54,1500,0.0006666666666666666,173.815919066562
12,15,5,1,3,dephasing,single_qubit_error,0.005,-14.0,482.54333333333335,13.083666962967058,-13.0,0.0,350,1500,0.0006666666666666666,173.815919066562
12,15,5,1,3,dephasing,single_qubit_error,0.01,-14.0,474.55066666666664,12.962640509862096,-13.0,0.0,710,1500,0.0006666666666666666,173.815919066562
12,15,5,1,3,dephasing,single_qubit_error,0.02,-14.0,481.09133333333335,12.956071389568862,-13.0,0.0,1423,1500,0.0006666666666666666,173.815919066562
12,15,5,1,3,dephasing,single_qubit_error,0.05,-14.0,482.75866666666667,12.789149431401283,-13.0,0.0,3435,1500,0.0006666666666666666,173.815919066562
12,15,5,1,3,dephasing,single_qubit_error,0.1,-14.0,480.99533333333335,12.63774863922167,-12.0,0.0,6824,1500,0.0006666666666666666,173.815919066562
12,15,5,1,3,dephasing,two_qubit_error,0.0,-14.0,461.098,12.21688996966989,-13.0,0.0,0,1500,0.0006666666666666666,173.815919066562
12,15,5,1,3,dephasing,two_qubit_error,0.001,-14.0,478.42133333333334,12.79337212557691,-14.0,0.0006666666666666666,988,1500,0.0006666666666666666,173.815919066562
12,15,5,1,3,dephasing,two_qubit_error,0.005,-14.0,461.004,12.236884025527656,-14.0,0.0006666666666666666,4636,1500,0.0006666666666666666,173.815919066562
12,15,5,1,3,dephasing,two_qubit_error,0.01,-14.0,466.7846666666667,12.32334158450803,-12.0,0.0,8956,1500,0.0006666666666666666,173.815919066562
12,15,5,1,3,dephasing,two_qubit_error,0.02,-14.0,464.658,12.10702924915678,-13.0,0.0,16700,1500,0.0006666666666666666,173.815919066562
12,15,5,1,3,dephasing,two_qubit_error,0.05,-14.0,478.12266666666665,12.14811642516105,-12.0,0.0,34620,1500,0.0006666666666666666,173.815919066562
12,15,5,1,3,dephasing,two_qubit_error,0.1,-14.0,470.06733333333335,12.368269569750892,-13.0,0.0,52026,1500,0.0006666666666666666,173.815919066562
12,15,5,2,1,depolarizing,single_qubit_error,0.0,-14.0,479.0953333333333,12.98957412562143,-13.0,0.0,0,1500,0.0006666666666666666,241.46437980733006
12,15,5,2,1,depolarizing,single_qubit_error,0.001,-14.0,468.092,12.115549368178604,-14.0,0.0013333333333333333,23,1500,0.0006666666666666666,241.46437980733006
12,15,5,2,1,depolarizing,single_qubit_error,0.005,-14.0,470.4273333333333,12.480575916949444,-14.0,0.0006666666666666666,103,1500,0.0006666666666666666,241.46437980733006
12,15,5,2,1,depolarizing,single_qubit_error,0.01,-14.0,468.5706666666667,12.435360814265904,-14.0,0.0006666666666666666,204,1500,0.0006666666666666666,241.46437980733006
12,15,5,2,1,depolarizing,single_qubit_error,0.02,-14.0,498.1546666666667,12.818040053743047,-12.0,0.0,420,1500,0.0006666666666666666,241.46437980733006
12,15,5,2,1,depolarizing,single_qubit_error,0.05,-14.0,481.096,12.40736831902552,-13.0,0.0,1122,1500,0.0006666666666666666,241.46437980733006
12,15,5,2,1,depolarizing,single_qubit_error,0.1,-14.0,485.506,12.331570042881065,-14.0,0.0006666666666666666,2240,1500,0.0006666666666666666,241.46437980733006
12,15,5,2,1,depolarizing,two_qubit_error,0.0,-14.0,479.0953333333333,12.98957412562143,-13.0,0.0,0,1500,0.0006666666666666666,241.46437980733006
12,15,5,2,1,depolarizing,two_qubit_error,0.001,-14.0,463.0466666666667,12.352186194066444,-14.0,0.0006666666666666666,288,1500,0.0006666666666666666,241.46437980733006
12,15,5,2,1,depolarizing,two_qubit_error,0.005,-14.0,464.2246666666667,12.285254621501085,-14.0,0.0006666666666666666,1532,1500,0.0006666666666666666,241.46437980733006
12,15,5,2,1,depolarizing,two_qubit_error,0.01,-14.0,478.6066666666667,12.554471360347899,-13.0,0.0,2918,1500,0.0006666666666666666,241.46437980733006
12,15,5,2,1,depolarizing,two_qubit_error,0.02,-14.0,502.436,12.734528620771167,-14.0,0.0006666666666666666,5517,1500,0.0006666666666666666,241.46437980733006
12,15,5,2,1,depolarizing,two_qubit_error,0.05,-14.0,477.852,12.317798926749134,-13.0,0.0,11709,1500,0.0006666666666666666,241.46437980733006
12,15,5,2,1,depolarizing,two_qubit_error,0.1,-14.0,468.306,12.097103241984485,-13.0,0.0,17381,1500,0.0006666666666666666,241.46437980733006
12,15,5,2,1,depolarizing,measurement_error,0.0,-14.0,479.0953333333333,12.98957412562143,-13.0,0.0,0,1500,0.0006666666666666666,241.46437980733006
12,15,5,2,1,depolarizing,measurement_error,0.001,-14.0,478.128,12.441126885031208,-14.0,0.0006666666666666666,23,1500,0.0006666666666666666,241.46437980733006
12,15,5,2,1,depolarizing,measurement_error,0.005,-14.0,477.59866666666665,12.39366850767763,-14.0,0.0006666666666666666,106,1500,0.0006666666666666666,241.46437980733006
12,15,5,2,1,depolarizing,measurement_error,0.01,-14.0,478.2013333333333,12.333817067315524,-14.0,0.0006666666666666666,201,1500,0.0006666666666666666,241.46437980733006
12,15,5,2,1,depolarizing,measurement_error,0.02,-14.0,478.14933333333335,12.290763521192728,-14.0,0.0006666666666666666,425,1500,0.0006666666666666666,241.46437980733006
12,15,5,2,1,depolarizing,measurement_error,0.05,-14.0,477.66133333333335,12.397233904205256,-14.0,0.0006666666666666666,1126,1500,0.0006666666666666666,241.46437980733006
12,15,5,2,1,depolarizing,measurement_error,0.1,-14.0,477.14933333333335,12.522791648569662,-13.0,0.0,2235,1500,0.0006666666666666666,241.46437980733006
12,15,5,2,1,dephasing,single_qubit_error,0.0,-14.0,479.0953333333333,12.98957412562143,-13.0,0.0,0,1500,0.0006666666666666666,241.46437980733006
12,15,5,2,1,dephasing,single_qubit_error,0.001,-14.0,483.442,12.399707255756622,-14.0,0.0013333333333333333,23,1500,0.0006666666666666666,241.46437980733006
12,15,5,2,1,dephasing,single_qubit_error,0.005,-14.0,483.442,12.399707255756622,-14.0,0.0013333333333333333,110,1500,0.0006666666666666666,241.46437980733006
12,15,5,2,1,dephasing,single_qubit_error,0.01,-14.0,483.442,12.399707255756622,-14.0,0.0013333333333333333,206,1500,0.0006666666666666666,241.46437980733006
12,15,5,2,1,dephasing,single_qubit_error,0.02,-14.0,483.442,12.399707255756622,-14.0,0.0013333333333333333,424,1500,0.0006666666666666666,241.46437980733006
12,15,5,2,1,dephasing,single_qubit_error,0.05,-14.0,483.442,12.399707255756622,-14.0,0.0013333333333333333,1122,1500,0.0006666666666666666,241.46437980733006
12,15,5,2,1,dephasing,single_qubit_error,0.1,-14.0,483.442,12.399707255756622,-14.0,0.0013333333333333333,2216,1500,0.0006666666666666666,241.46437980733006
12,15,5,2,1,dephasing,two_qubit_error,0.0,-14.0,479.0953333333333,12.98957412562143,-13.0,0.0,0,1500,0.0006666666666666666,241.46437980733006
12,15,5,2,1,dephasing,two_qubit_error,0.001,-14.0,478.768,12.429411332500536,-13.0,0.0,284,1500,0.0006666666666666666,241.46437980733006
12,15,5,2,1,dephasing,two_qubit_error,0.005,-14.0,482.82733333333334,12.521989806778844,-13.0,0.0,1521,1500,0.0006666666666666666,241.46437980733006
12,15,5,2,1,dephasing,two_qubit_error,0.01,-14.0,496.88666666666666,12.667289793083185,-13.0,0.0,2898,1500,0.0006666666666666666,241.46437980733006
12,15,5,2,1,dephasing,two_qubit_error,0.02,-14.0,508.834,12.738148484091296,-13.0,0.0,5581,1500,0.0006666666666666666,241.46437980733006
12,15,5,2,1,dephasing,two_qubit_error,0.05,-14.0,489.65133333333335,12.249518533918023,-13.0,0.0,11693,1500,0.0006666666666666666,241.46437980733006
12,15,5,2,1,dephasing,two_qubit_error,0.1,-14.0,478.422,12.577269999751667,-13.0,0.0,17407,1500,0.0006666666666666666,241.46437980733006
12,15,5,2,2,depolarizing,single_qubit_error,0.0,-14.0,645.4226666666667,13.820311614898682,-13.0,0.0,0,1500,0.0006666666666666666,171.762133808564
12,15,5,2,2,depolarizing,single_qubit_error,0.001,-14.0,638.6926666666667,13.781485766446542,-13.0,0.0,37,1500,0.0006666666666666666,171.762133808564
12,15,5,2,2,depolarizing,single_qubit_error,0.005,-14.0,664.0426666666667,14.243152746644881,-13.0,0.0,203,1500,0.0006666666666666666,171.762133808564
12,15,5,2,2,depolarizing,single_qubit_error,0.01,-14.0,638.8033333333333,13.944859564979712,-14.0,0.0006666666666666666,391,1500,0.0006666666666666666,171.762133808564
12,15,5,2,2,depolarizing,single_qubit_error,0.02,-14.0,636.068,13.960409331901912,-13.0,0.0,828,1500,0.0006666666666666666,171.762133808564
12,15,5,2,2,depolarizing,single_qubit_error,0.05,-14.0,638.1873333333333,13.976970199474863,-13.0,0.0,2205,1500,0.0006666666666666666,171.762133808564
12,15,5,2,2,depolarizing,single_qubit_error,0.1,-14.0,605.504,13.225417892891995,-12.0,0.0,4413,1500,0.0006666666666666666,171.762133808564
12,15,5,2,2,depolarizing,two_qubit_error,0.0,-14.0,645.4226666666667,13.820311614898682,-13.0,0.0,0,1500,0.0006666666666666666,171.762133808564
12,15,5,2,2,depolarizing,two_qubit_error,0.001,-14.0,662.3086666666667,14.137503403533307,-13.0,0.0,565,1500,0.0006666666666666666,171.762133808564
12,15,5,2,2,depolarizing,two_qubit_error,0.005,-14.0,628.7073333333333,13.768009452604476,-13.0,0.0,3014,1500,0.0006666666666666666,171.762133808564
12,15,5,2,2,depolarizing,two_qubit_error,0.01,-14.0,591.9906666666667,13.389466782186998,-13.0,0.0,5790,1500,0.0006666666666666666,171.762133808564
12,15,5,2,2,depolarizing,two_qubit_error,0.02,-14.0,544.426,13.203119300207193,-13.0,0.0,10977,1500,0.0006666666666666666,171.762133808564
12,15,5,2,2,depolarizing,two_qubit_error,0.05,-14.0,492.782,12.329987304569409,-13.0,0.0,23225,1500,0.0006666666666666666,171.762133808564
12,15,5,2,2,depolarizing,two_qubit_error,0.1,-14.0,491.21733333333333,12.217361545204117,-13.0,0.0,34706,1500,0.0006666666666666666,171.762133808564
12,15,5,2,2,depolarizing,measurement_error,0.0,-14.0,645.4226666666667,13.820311614898682,-13.0,0.0,0,1500,0.0006666666666666666,171.762133808564
12,15,5,2,2,depolarizing,measurement_error,0.001,-14.0,650.66,14.024948776016654,-13.0,0.0,23,1500,0.0006666666666666666,171.762133808564
12,15,5,2,2,depolarizing,measurement_error,0.005,-14.0,650.0786666666667,14.028498436633486,-13.0,0.0,106,1500,0.0006666666666666666,171.762133808564
12,15,5,2,2,depolarizing,measurement_error,0.01,-14.0,648.7553333333333,13.991003386636724,-13.0,0.0,201,1500,0.0006666666666666666,171.762133808564
12,15,5,2,2,depolarizing,measurement_error,0.02,-14.0,647.0866666666667,14.019142456991164,-13.0,0.0,425,1500,0.0006666666666666666,171.762133808564
12,15,5,2,2,depolarizing,measurement_error,0.05,-14.0,645.0886666666667,14.224705809734985,-13.0,0.0,1126,1500,0.0006666666666666666,171.762133808564
12,15,5,2,2,depolarizing,measurement_error,0.1,-14.0,620.3193333333334,13.798241163732138,-13.0,0.0,2235,1500,0.0006666666666666666,171.762133808564
12,15,5,2,2,dephasing,single_qubit_error,0.0,-14.0,645.4226666666667,13.820311614898682,-13.0,0.0,0,1500,0.0006666666666666666,171.762133808564
12,15,5,2,2,dephasing,single_qubit_error,0.001,-14.0,646.4106666666667,13.48740776150556,-12.0,0.0,36,1500,0.0006666666666666666,171.762133808564
12,15,5,2,2,dephasing,single_qubit_error,0.005,-14.0,645.376,13.49650468980375,-12.0,0.0,202,1500,0.0006666666666666666,171.762133808564
12,15,5,2,2,dephasing,single_qubit_error,0.01,-14.0,643.5806666666666,13.447520199957987,-12.0,0.0,388,1500,0.0006666666666666666,171.762133808564
12,15,5,2,2,dephasing,single_qubit_error,0.02,-14.0,642.1853333333333,13.420782633033623,-12.0,0.0,834,1500,0.0006666666666666666,171.762133808564
12,15,5,2,2,dephasing,single_qubit_error,0.05,-14.0,643.5026666666666,13.416536233835615,-12.0,0.0,2207,1500,0.0006666666666666666,171.762133808564
12,15,5,2,2,dephasing,single_qubit_error,0.1,-14.0,645.8926666666666,13.575932308912915,-12.0,0.0,4436,1500,0.0006666666666666666,171.762133808564
12,15,5,2,2,dephasing,two_qubit_error,0.0,-14.0,645.4226666666667,13.820311614898682,-13.0,0.0,0,1500,0.0006666666666666666,171.762133808564
12,15,5,2,2,dephasing,two_qubit_error,0.001,-14.0,645.8293333333334,13.521973227952586,-12.0,0.0,564,1500,0.0006666666666666666,171.762133808564
12,15,5,2,2,dephasing,two_qubit_error,0.005,-14.0,610.604,13.428524675951877,-12.0,0.0,3033,1500,0.0006666666666666666,171.762133808564
12,15,5,2,2,dephasing,two_qubit_error,0.01,-14.0,578.5873333333333,12.987213560240656,-13.0,0.0,5816,1500,0.0006666666666666666,171.762133808564
12,15,5,2,2,dephasing,two_qubit_error,0.02,-14.0,541.748,12.713980663479028,-13.0,0.0,11037,1500,0.0006666666666666666,171.762133808564
12,15,5,2,2,dephasing,two_qubit_error,0.05,-14.0,443.594,11.39799216400378,-13.0,0.0,23273,1500,0.0006666666666666666,171.762133808564
12,15,5,2,2,dephasing,two_qubit_error,0.1,-14.0,397.62266666666665,11.60168399724207,-13.0,0.0,34706,1500,0.0006666666666666666,171.762133808564
12,15,5,2,3,depolarizing,single_qubit_error,0.0,-14.0,632.4126666666667,15.0316016908589,-14.0,0.0006666666666666666,0,1500,0.0006666666666666666,231.88670167727182
12,15,5,2,3,depolarizing,single_qubit_error,0.001,-14.0,607.618,15.218710236283112,-13.0,0.0,71,1500,0.0006666666666666666,231.88670167727182
12,15,5,2,3,depolarizing,single_qubit_error,0.005,-14.0,607.412,14.848158899983058,-14.0,0.0006666666666666666,331,1500,0.0006666666666666666,231.88670167727182
12,15,5,2,3,depolarizing,single_qubit_error,0.01,-14.0,613.0266666666666,15.259362344942998,-13.0,0.0,617,1500,0.0006666666666666666,231.88670167727182
12,15,5,2,3,depolarizing,single_qubit_error,0.02,-14.0,601.4933333333333,14.620300752712655,-13.0,0.0,1300,1500,0.0006666666666666666,231.88670167727182
12,15,5,2,3,depolarizing,single_qubit_error,0.05,-14.0,570.3233333333334,14.06777132263375,-14.0,0.0006666666666666666,3311,1500,0.0006666666666666666,231.88670167727182
12,15,5,2,3,depolarizing,single_qubit_error,0.1,-14.0,517.5953333333333,13.2565553722231,-13.0,0.0,6714,1500,0.0006666666666666666,231.88670167727182
12,15,5,2,3,depolarizing,two_qubit_error,0.0,-14.0,632.4126666666667,15.0316016908589,-14.0,0.0006666666666666666,0,1500,0.0006666666666666666,231.88670167727182
12,15,5,2,3,depolarizing,two_qubit_error,0.001,-14.0,584.4246666666667,14.504958649839313,-13.0,0.0,879,1500,0.0006666666666666666,231.88670167727182
12,15,5,2,3,depolarizing,two_qubit_error,0.005,-14.0,540.56,13.619333887828112,-14.0,0.0006666666666666666,4561,1500,0.0006666666666666666,231.88670167727182
12,15,5,2,3,depolarizing,two_qubit_error,0.01,-14.0,530.2913333333333,13.143438593786573,-14.0,0.0006666666666666666,8733,1500,0.0006666666666666666,231.88670167727182
12,15,5,2,3,depolarizing,two_qubit_error,0.02,-14.0,491.6293333333333,12.523934229257044,-13.0,0.0,16587,1500,0.0006666666666666666,231.88670167727182
12,15,5,2,3,depolarizing,two_qubit_error,0.05,-14.0,480.4393333333333,12.200151165038134,-13.0,0.0,34680,1500,0.0006666666666666666,231.88670167727182
12,15,5,2,3,depolarizing,two_qubit_error,0.1,-14.0,452.744,11.608287388282054,-14.0,0.0006666666666666666,52169,1500,0.0006666666666666666,231.88670167727182
12,15,5,2,3,depolarizing,measurement_error,0.0,-14.0,632.4126666666667,15.0316016908589,-14.0,0.0006666666666666666,0,1500,0.0006666666666666666,231.88670167727182
12,15,5,2,3,depolarizing,measurement_error,0.001,-14.0,646.008,15.474218717615884,-13.0,0.0,23,1500,0.0006666666666666666,231.88670167727182
12,15,5,2,3,depolarizing,measurement_error,0.005,-14.0,643.1733333333333,15.418792627216021,-13.0,0.0,106,1500,0.0006666666666666666,231.88670167727182
12,15,5,2,3,depolarizing,measurement_error,0.01,-14.0,640.186,15.311157913117706,-13.0,0.0,201,1500,0.0006666666666666666,231.88670167727182
12,15,5,2,3,depolarizing,measurement_error,0.02,-14.0,636.9333333333333,15.154529282179487,-13.0,0.0,425,1500,0.0006666666666666666,231.88670167727182
12,15,5,2,3,depolarizing,measurement_error,0.05,-14.0,622.916,15.018059300185019,-13.0,0.0,1126,1500,0.0006666666666666666,231.88670167727182
12,15,5,2,3,depolarizing,measurement_error,0.1,-14.0,595.7613333333334,14.50238615406407,-13.0,0.0,2235,1500,0.0006666666666666666,231.88670167727182
12,15,5,2,3,dephasing,single_qubit_error,0.0,-14.0,632.4126666666667,15.0316016908589,-14.0,0.0006666666666666666,0,1500,0.0006666666666666666,231.88670167727182
12,15,5,2,3,dephasing,single_qubit_error,0.001,-14.0,612.7706666666667,14.860463117584292,-14.0,0.0006666666666666666,69,1500,0.0006666666666666666,231.88670167727182
12,15,5,2,3,dephasing,single_qubit_error,0.005,-14.0,611.6613333333333,14.757576721631287,-14.0,0.0006666666666666666,329,1500,0.0006666666666666666,231.88670167727182
12,15,5,2,3,dephasing,single_qubit_error,0.01,-14.0,609.7606666666667,14.786023021677222,-14.0,0.0006666666666666666,616,1500,0.0006666666666666666,231.88670167727182
12,15,5,2,3,dephasing,single_qubit_error,0.02,-14.0,611.79,14.921925324584755,-14.0,0.0006666666666666666,1296,1500,0.0006666666666666666,231.88670167727182
12,15,5,2,3,dephasing,single_qubit_error,0.05,-14.0,593.2346666666666,14.51086252270749,-13.0,0.0,3324,1500,0.0006666666666666666,231.88670167727182
12,15,5,2,3,dephasing,single_qubit_error,0.1,-14.0,580.4633333333334,14.750946102986573,-13.0,0.0,6707,1500,0.0006666666666666666,231.88670167727182
12,15,5,2,3,dephasing,two_qubit_error,0.0,-14.0,632.4126666666667,15.0316016908589,-14.0,0.0006666666666666666,0,1500,0.0006666666666666666,231.88670167727182
12,15,5,2,3,dephasing,two_qubit_error,0.001,-14.0,581.0893333333333,14.177499705537867,-13.0,0.0,878,1500,0.0006666666666666666,231.88670167727182
12,15,5,2,3,dephasing,two_qubit_error,0.005,-14.0,567.954,14.162155294067041,-13.0,0.0,4547,1500,0.0006666666666666666,231.88670167727182
12,15,5,2,3,dephasing,two_qubit_error,0.01,-14.0,545.742,13.369345205287559,-13.0,0.0,8767,1500,0.0006666666666666666,231.88670167727182
12,15,5,2,3,dephasing,two_qubit_error,0.02,-14.0,505.888,12.572658567952558,-13.0,0.0,16531,1500,0.0006666666666666666,231.88670167727182
12,15,5,2,3,dephasing,two_qubit_error,0.05,-14.0,455.2966666666667,11.750193256958177,-13.0,0.0,34766,1500,0.0006666666666666666,231.88670167727182
12,15,5,2,3,dephasing,two_qubit_error,0.1,-14.0,456.1933333333333,12.185516505755718,-13.0,0.0,52048,1500,0.0006666666666666666,231.88670167727182
