n_inputs,seed,qubits,e_min,e_max,e_mean,span,useful_span,frac_negative,penalty_dominance
8,0,10,-9.0,757.0,105.75,766.0,7.0,0.08984375,85.11111111111111
8,1,10,-9.0,757.0,105.75,766.0,7.0,0.08984375,85.11111111111111
8,2,10,-9.0,757.0,105.75,766.0,7.0,0.08984375,85.11111111111111
8,3,10,-9.0,757.0,105.75,766.0,7.0,0.08984375,85.11111111111111
8,4,10,-9.0,757.0,105.75,766.0,7.0,0.08984375,85.11111111111111
8,5,10,-9.0,757.0,105.75,766.0,7.0,0.08984375,85.11111111111111
10,0,13,-11.0,2353.0,382.25,2364.0,9.0,0.0469970703125,214.9090909090909
10,1,13,-11.0,2353.0,382.25,2364.0,9.0,0.0469970703125,214.9090909090909
10,2,13,-11.0,2353.0,382.25,2364.0,9.0,0.0469970703125,214.9090909090909
10,3,13,-11.0,2353.0,382.25,2364.0,9.0,0.0469970703125,214.9090909090909
10,4,13,-11.0,2353.0,382.25,2364.0,9.0,0.0469970703125,214.9090909090909
10,5,13,-11.0,2353.0,382.25,2364.0,9.0,0.0469970703125,214.9090909090909
12,0,15,-14.0,3316.0,472.5,3330.0,12.0,0.048370361328125,237.85714285714286
12,1,15,-14.0,3316.0,472.5,3330.0,12.0,0.048370361328125,237.85714285714286
12,2,15,-14.0,3316.0,472.5,3330.0,12.0,0.048370361328125,237.85714285714286
12,3,15,-14.0,3316.0,472.5,3330.0,12.0,0.048370361328125,237.85714285714286
12,4,15,-14.0,3316.0,472.5,3330.0,12.0,0.048370361328125,237.85714285714286
12,5,15,-14.0,3316.0,472.5,3330.0,12.0,0.048370361328125,237.85714285714286
14,0,17,-17.0,4481.0,565.75,4498.0,15.0,0.04940032958984375,264.5882352941176
14,1,17,-17.0,4481.0,565.75,4498.0,15.0,0.04940032958984375,264.5882352941176
14,2,17,-17.0,4481.0,565.75,4498.0,15.0,0.04940032958984375,264.5882352941176
14,3,17,-17.0,4481.0,565.75,4498.0,15.0,0.04940032958984375,264.5882352941176
14,4,17,-17.0,4481.0,565.75,4498.0,15.0,0.04940032958984375,264.5882352941176
14,5,17,-17.0,4481.0,565.75,4498.0,15.0,0.04940032958984375,264.5882352941176
16,0,19,-17.0,6337.0,853.25,6354.0,15.0,0.02840423583984375,373.7647058823529
16,1,19,-17.0,6337.0,853.25,6354.0,15.0,0.02840423583984375,373.7647058823529
16,2,19,-17.0,6337.0,853.25,6354.0,15.0,0.02840423583984375,373.7647058823529
16,3,19,-17.0,6337.0,853.25,6354.0,15.0,0.02840423583984375,373.7647058823529
16,4,19,-17.0,6337.0,853.25,6354.0,15.0,0.02840423583984375,373.7647058823529
16,5,19,-17.0,6337.0,853.25,6354.0,15.0,0.02840423583984375,373.7647058823529
