ansatz,n_inputs,seed,K,exact_p_opt,qiskit_p_opt,z_score,agrees,qiskit_feasible,state_fidelity,qasm_cx,shots
constrained,8,0,2,0.6590454595203065,0.65635,-0.8041589254995154,True,1.0,0.9999999999999885,192,20000
penalty,8,0,2,0.12197071088168888,0.1217,-0.1169872230152948,True,0.83635,0.9999999999999933,180,20000
constrained,8,1,2,0.8114523609818257,0.81185,0.14376789938454312,True,1.0,0.999999999999988,188,20000
penalty,8,1,2,0.05193398825515577,0.05485,1.858485342784671,True,0.584,0.9999999999999978,180,20000
constrained,8,2,2,0.8986501228536736,0.89895,0.14052430139599464,True,1.0,0.9999999999999922,196,20000
penalty,8,2,2,0.15723958106698954,0.15445,-1.0837297122337222,True,0.77525,0.999999999999998,180,20000
constrained,10,0,3,0.30182857924064194,0.29915,-0.8251982212550719,True,1.0,0.9999999999999836,314,20000
penalty,10,0,3,0.004953464477659157,0.0042,-1.5177545991737613,True,0.6317,0.9999999999999998,264,20000
constrained,10,1,3,0.18483668971317796,0.18485,0.004849377675600949,True,1.0,0.9999999999999833,318,20000
penalty,10,1,3,0.012183011421367863,0.01335,1.5044093789946134,True,0.66335,0.999999999999994,264,20000
constrained,10,2,3,0.24779628698217096,0.2487,0.2960263718407802,True,1.0,0.999999999999986,310,20000
penalty,10,2,3,0.012127812150410203,0.013,1.126894917130244,True,0.63065,0.9999999999999996,264,20000
constrained,12,0,4,0.07087361635507333,0.06815,-1.5010018871923319,True,1.0,0.9999999999999778,466,20000
penalty,12,0,4,8.654166245869707e-05,5e-05,-0.5555325056494741,True,0.67175,0.9999999999999902,420,20000
constrained,12,1,4,0.11863239828985805,0.11895,0.13890492165401885,True,1.0,0.999999999999982,470,20000
penalty,12,1,4,0.000418480078278425,0.00065,1.6008729317875585,True,0.8015,0.9999999999999976,420,20000
constrained,12,2,4,0.08350137503815955,0.08515,0.8427992619044331,True,1.0,0.9999999999999842,474,20000
penalty,12,2,4,0.0013734419409800577,0.00105,-1.2351071157838232,True,0.2934,0.9999999999999918,420,20000
