instance_id,n_inputs,n_outcomes,n_arms,conjunctive_arms,K,certified_coverage,greedy_coverage,greedy_finds_optimum,penalty_qubits,constrained_qubits,random_feasible_p_opt,terms_by_order,depth,optimum_probability,lift_over_random,feasible_probability,found_optimum,two_qubit_gates,two_qubit_gates_with_prep,parameters,runtime_ms
QBMED-HEME-001-n10,10,44,56,34,3,0.5454545454545454,0.5454545454545454,True,85,10,0.008333333333333333,"{""1"": 9, ""2"": 17, ""3"": 10, ""4"": 2}",1,0.04726275005821575,5.67153000698589,1.0,True,106,292,"[6.062308470840221, 0.5023484101385823]",137.63737499903073
QBMED-HEME-001-n10,10,44,56,34,3,0.5454545454545454,0.5454545454545454,True,85,10,0.008333333333333333,"{""1"": 9, ""2"": 17, ""3"": 10, ""4"": 2}",2,0.08641064404001654,10.369277284801985,1.0,True,212,398,"[6.153038027483737, 6.041300017494595, 0.5847964602662874, 0.4017140096023254]",519.1829590003181
QBMED-HEME-001-n10,10,44,56,34,3,0.5454545454545454,0.5454545454545454,True,85,10,0.008333333333333333,"{""1"": 9, ""2"": 17, ""3"": 10, ""4"": 2}",3,0.24623639002110204,29.548366802532243,1.0,True,318,504,"[6.162072228558923, 6.078776141424147, 5.977733828439337, 0.7888411365506184, 0.9015504028657227, 0.4985826030922499]",1382.5033329994767
QBMED-HEME-001-n12,12,50,63,41,4,0.56,0.56,True,100,12,0.00202020202020202,"{""1"": 11, ""2"": 23, ""3"": 15, ""4"": 3}",1,0.020374430861971427,10.085343276675857,1.0,True,148,462,"[6.07941890127944, 0.5075540126441606]",290.6894999996439
QBMED-HEME-001-n12,12,50,63,41,4,0.56,0.56,True,100,12,0.00202020202020202,"{""1"": 11, ""2"": 23, ""3"": 15, ""4"": 3}",2,0.024811391734892663,12.281638908771868,1.0,True,296,610,"[0.1199839232755513, 0.21124874493963114, 2.5792232351607236, 2.767370529711047]",823.0755000004137
QBMED-HEME-001-n12,12,50,63,41,4,0.56,0.56,True,100,12,0.00202020202020202,"{""1"": 11, ""2"": 23, ""3"": 15, ""4"": 3}",3,0.015334406290636609,7.590531113865121,1.0,True,444,758,"[6.179213247107581, 6.128990511033805, 6.039636289586492, 0.6738602223020402, 0.642657401998428, 0.40020120361078165]",2321.012292000887
QBMED-HEME-001-n14,14,56,69,45,4,0.5,0.5,True,110,14,0.0009990009990009992,"{""1"": 13, ""2"": 25, ""3"": 15, ""4"": 3}",1,0.010737904145711902,10.748642049857612,1.0,True,156,538,"[6.067015197606355, 0.516952175497005]",888.8615830001072
QBMED-HEME-001-n14,14,56,69,45,4,0.5,0.5,True,110,14,0.0009990009990009992,"{""1"": 13, ""2"": 25, ""3"": 15, ""4"": 3}",2,0.012555545617449608,12.568101163067055,1.0,True,312,694,"[6.16244052608182, 6.066619426426587, 0.542406158848591, 0.3777657419853772]",2273.394957999699
QBMED-HEME-001-n14,14,56,69,45,4,0.5,0.5,True,110,14,0.0009990009990009992,"{""1"": 13, ""2"": 25, ""3"": 15, ""4"": 3}",3,0.004640490544001274,4.645131034545274,1.0,True,468,850,"[6.1817684719974855, 6.121249202366666, 6.016179405548091, 0.7286825106613813, 0.7419699483278865, 0.4467713397342882]",6005.284790999212
QBMED-HEME-001-n16,16,58,75,51,5,0.5517241379310345,0.5517241379310345,True,120,16,0.000915750915750916,"{""1"": 15, ""2"": 32, ""3"": 24, ""4"": 8, ""5"": 1}",1,0.018161027287743818,19.831841798216246,1.0,True,248,808,"[6.07908505682303, 0.5982071253510062]",6249.006916999861
QBMED-HEME-001-n16,16,58,75,51,5,0.5517241379310345,0.5517241379310345,True,120,16,0.000915750915750916,"{""1"": 15, ""2"": 32, ""3"": 24, ""4"": 8, ""5"": 1}",2,0.03498260998342487,38.201010101899946,1.0,True,496,1056,"[6.156474697446113, 6.081784910006614, 0.6269237551262181, 0.3749531797550965]",12058.765874999153
QBMED-HEME-001-n16,16,58,75,51,5,0.5517241379310345,0.5517241379310345,True,120,16,0.000915750915750916,"{""1"": 15, ""2"": 32, ""3"": 24, ""4"": 8, ""5"": 1}",3,0.05817289000300467,63.52479588328109,1.0,True,744,1304,"[0.09341052942510303, 0.16832679290730035, 0.26094817034259027, 2.4447091180087854, 2.499295271227601, 2.7924693786229455]",26084.50245899985
